-- phpMyAdmin SQL Dump
-- version 3.1.1
-- http://www.phpmyadmin.net
--
-- Host: localhost
-- Generation Time: Aug 25, 2010 at 11:07 AM
-- Server version: 5.1.30
-- PHP Version: 5.2.8

SET SQL_MODE="NO_AUTO_VALUE_ON_ZERO";


/*!40101 SET @OLD_CHARACTER_SET_CLIENT=@@CHARACTER_SET_CLIENT */;
/*!40101 SET @OLD_CHARACTER_SET_RESULTS=@@CHARACTER_SET_RESULTS */;
/*!40101 SET @OLD_COLLATION_CONNECTION=@@COLLATION_CONNECTION */;
/*!40101 SET NAMES utf8 */;

--
-- Database: `legal`
--

-- --------------------------------------------------------

--
-- Table structure for table `academicaward`
--

CREATE TABLE IF NOT EXISTS `academicaward` (
  `id` int(10) NOT NULL AUTO_INCREMENT,
  `name` varchar(50) COLLATE latin1_general_ci NOT NULL,
  `description` text COLLATE latin1_general_ci,
  `company` varchar(50) COLLATE latin1_general_ci NOT NULL,
  PRIMARY KEY (`id`)
) ENGINE=MyISAM  DEFAULT CHARSET=latin1 COLLATE=latin1_general_ci AUTO_INCREMENT=14 ;

--
-- Dumping data for table `academicaward`
--


-- --------------------------------------------------------

--
-- Table structure for table `academiccourse`
--

CREATE TABLE IF NOT EXISTS `academiccourse` (
  `id` int(10) NOT NULL AUTO_INCREMENT,
  `name` varchar(50) COLLATE latin1_general_ci NOT NULL,
  `description` text COLLATE latin1_general_ci,
  `company` varchar(50) COLLATE latin1_general_ci NOT NULL,
  PRIMARY KEY (`id`)
) ENGINE=MyISAM  DEFAULT CHARSET=latin1 COLLATE=latin1_general_ci AUTO_INCREMENT=30 ;

--
-- Dumping data for table `academiccourse`
--

INSERT INTO `academiccourse` (`id`, `name`, `description`, `company`) VALUES
(27, 'Degree', ' ', '40983'),
(28, 'diploma', ' ', '40983'),
(29, 'Certificate', ' ', '40983');

-- --------------------------------------------------------

--
-- Table structure for table `academicqualification`
--

CREATE TABLE IF NOT EXISTS `academicqualification` (
  `id` int(10) NOT NULL AUTO_INCREMENT,
  `employee` varchar(50) COLLATE latin1_general_ci NOT NULL,
  `course` int(10) NOT NULL,
  `datefrom` date NOT NULL DEFAULT '0000-00-00',
  `dateto` date NOT NULL DEFAULT '0000-00-00',
  `award` int(10) NOT NULL,
  `institution` varchar(50) COLLATE latin1_general_ci NOT NULL,
  `company` varchar(50) COLLATE latin1_general_ci NOT NULL,
  PRIMARY KEY (`id`)
) ENGINE=MyISAM  DEFAULT CHARSET=latin1 COLLATE=latin1_general_ci ROW_FORMAT=DYNAMIC AUTO_INCREMENT=41 ;

--
-- Dumping data for table `academicqualification`
--


-- --------------------------------------------------------

--
-- Table structure for table `adminlogin`
--

CREATE TABLE IF NOT EXISTS `adminlogin` (
  `aid` int(6) NOT NULL AUTO_INCREMENT,
  `fulname` varchar(100) COLLATE latin1_general_ci DEFAULT NULL,
  `username` varchar(100) COLLATE latin1_general_ci DEFAULT NULL,
  `umd5` varchar(255) COLLATE latin1_general_ci DEFAULT NULL,
  `authcode` varchar(20) COLLATE latin1_general_ci DEFAULT NULL,
  PRIMARY KEY (`aid`)
) ENGINE=MyISAM  DEFAULT CHARSET=latin1 COLLATE=latin1_general_ci AUTO_INCREMENT=6 ;

--
-- Dumping data for table `adminlogin`
--

INSERT INTO `adminlogin` (`aid`, `fulname`, `username`, `umd5`, `authcode`) VALUES
(4, 'System Administrator', 'eadmin', '5f4dcc3b5aa765d61d8327deb882cf99', '1000Admin');

-- --------------------------------------------------------

--
-- Table structure for table `apphistory`
--

CREATE TABLE IF NOT EXISTS `apphistory` (
  `id` int(10) NOT NULL AUTO_INCREMENT,
  `emp` int(10) NOT NULL,
  `requisition` int(10) NOT NULL,
  `descr` text COLLATE latin1_general_ci NOT NULL,
  `wdate` timestamp NOT NULL DEFAULT CURRENT_TIMESTAMP ON UPDATE CURRENT_TIMESTAMP,
  `status` varchar(50) COLLATE latin1_general_ci NOT NULL,
  PRIMARY KEY (`id`)
) ENGINE=MyISAM  DEFAULT CHARSET=latin1 COLLATE=latin1_general_ci AUTO_INCREMENT=10 ;

--
-- Dumping data for table `apphistory`
--

INSERT INTO `apphistory` (`id`, `emp`, `requisition`, `descr`, `wdate`, `status`) VALUES
(1, 40, 2, 'ok', '2010-04-21 18:18:50', ''),
(2, 40, 8, 'This is a request list made so faf', '2010-04-24 10:35:21', ''),
(3, 40, 9, 'Not now', '2010-04-24 10:54:34', ''),
(4, 40, 10, 'approved', '2010-04-24 15:31:38', ''),
(5, 40, 11, 'Approved', '2010-04-24 15:33:23', ''),
(6, 40, 7, 'approved', '2010-04-24 15:34:47', ''),
(7, 40, 12, 'This has been approved. Please pay.', '2010-04-26 10:32:40', ''),
(8, 40, 13, 'This request has been accepted', '2010-05-27 19:27:06', ''),
(9, 40, 15, 'ok', '2010-08-05 10:54:30', '');

-- --------------------------------------------------------

--
-- Table structure for table `approvers`
--

CREATE TABLE IF NOT EXISTS `approvers` (
  `id` int(10) NOT NULL AUTO_INCREMENT,
  `employee` int(10) NOT NULL,
  `department` int(10) NOT NULL,
  `company` varchar(50) COLLATE latin1_general_ci NOT NULL,
  `applevel` varchar(10) COLLATE latin1_general_ci NOT NULL,
  `altapprover` int(10) DEFAULT NULL,
  PRIMARY KEY (`id`)
) ENGINE=MyISAM  DEFAULT CHARSET=latin1 COLLATE=latin1_general_ci ROW_FORMAT=DYNAMIC AUTO_INCREMENT=5 ;

--
-- Dumping data for table `approvers`
--

INSERT INTO `approvers` (`id`, `employee`, `department`, `company`, `applevel`, `altapprover`) VALUES
(4, 40, 17, '40983', 'H', NULL),
(3, 40, 17, '40983', 'D', NULL);

-- --------------------------------------------------------

--
-- Table structure for table `audittrail`
--

CREATE TABLE IF NOT EXISTS `audittrail` (
  `id` int(10) NOT NULL AUTO_INCREMENT,
  `action` text COLLATE latin1_general_ci NOT NULL,
  `tdate` timestamp NOT NULL DEFAULT CURRENT_TIMESTAMP,
  PRIMARY KEY (`id`)
) ENGINE=MyISAM  DEFAULT CHARSET=latin1 COLLATE=latin1_general_ci ROW_FORMAT=DYNAMIC AUTO_INCREMENT=1588 ;

--
-- Dumping data for table `audittrail`
--

INSERT INTO `audittrail` (`id`, `action`, `tdate`) VALUES
(1, 'Elias Gitonga  created client Elias Gitonga Kaaria', '2010-01-16 17:05:48'),
(2, 'Elias Gitonga  created General File EG/DL1XNB/001', '2010-01-16 17:06:16'),
(3, 'Elias Gitonga  Updated File  EG/DL1XNB/001  to  EG/DL1XNB/001', '2010-01-16 17:07:51'),
(4, 'Elias Gitonga  Updated File  EG/DL1XNB/001  to  EG/DL1XNB/001', '2010-01-16 17:11:47'),
(5, 'Elias Gitonga  created General File NO/DG1YNB/005', '2010-01-16 17:13:40'),
(6, 'Elias Gitonga  created job NO/DG2YNB/002', '2010-01-16 17:21:11'),
(7, 'Elias Gitonga  created job   001 in file NO/DG2YNB/002', '2010-01-16 17:21:55'),
(8, 'Elias Gitonga  Updated File  NO/DG1YNB/005  to  NO/DG1YNB/005', '2010-01-16 17:22:21'),
(9, 'Elias Gitonga  assigned job  NO/DG1YNB/005/002  to  John Benson', '2010-01-16 17:23:12'),
(10, 'Elias Gitonga  Updated File  EG/DL1XNB/001  to  EG/DL1XNB/001', '2010-01-16 17:23:30'),
(11, 'Elias Gitonga  assigned job  EG/DL1XNB/001/003  to  John Benson', '2010-01-16 17:24:21'),
(12, 'Elias Gitonga  assigned job  EG/DL1XNB/001/003  to  Jim ben', '2010-01-16 17:24:21'),
(13, 'Elias Gitonga  created client Eric Gitonga Bengi', '2010-01-16 17:26:49'),
(14, 'Elias Gitonga  created General File EG/DG1ZNB/186', '2010-01-16 17:27:03'),
(15, 'Elias Gitonga  created client  Peter Muturi', '2010-01-16 17:28:03'),
(16, 'Elias Gitonga  created General File PM/DG1YNK/012', '2010-01-16 17:28:11'),
(17, 'Elias Gitonga  created client Henry Mutea', '2010-01-16 17:29:08'),
(18, 'Elias Gitonga  created General File HM/DI1YNB/021', '2010-01-16 17:29:15'),
(19, 'Elias Gitonga  created client Caroline Omaya', '2010-01-16 17:30:04'),
(20, 'Elias Gitonga  created General File CO/DL1ZNY/191', '2010-01-16 17:30:13'),
(21, 'Elias Gitonga  created client Lucy Nkatha', '2010-01-16 17:31:10'),
(22, 'Elias Gitonga  created General File LN/DI1ZNB/003', '2010-01-16 17:31:30'),
(23, 'Elias Gitonga  created client Martin Muchira', '2010-01-16 17:33:08'),
(24, 'Elias Gitonga  created General File MM/DI1ZNK/573', '2010-01-16 17:33:20'),
(25, 'Elias Gitonga  created client Doreen Gakii', '2010-01-16 17:35:18'),
(26, 'Elias Gitonga  created General File DG/DI1YNB/017', '2010-01-16 17:35:26'),
(27, 'Elias Gitonga  created client Fredrick Muriungi', '2010-01-16 17:36:38'),
(28, 'Elias Gitonga  created General File FM/DI1ZNY/004', '2010-01-16 17:36:47'),
(29, 'Elias Gitonga  created client Obed Koome', '2010-01-16 17:38:00'),
(30, 'Elias Gitonga  created General File OB/DI1YNB/360', '2010-01-16 17:38:09'),
(31, 'Elias Gitonga  created client David Rori', '2010-01-16 17:40:46'),
(32, 'Elias Gitonga  created General File DR/DI1YNK/010', '2010-01-16 17:40:53'),
(33, 'Elias Gitonga  created client Angelo Kaaria Magambo', '2010-01-16 17:43:11'),
(34, 'Elias Gitonga  created General File AK/DI1YNB/100', '2010-01-16 17:43:19'),
(35, 'Elias Gitonga  created client Judas Escariot', '2010-01-16 17:44:57'),
(36, 'Elias Gitonga  created General File JE/DI1ZNK/102', '2010-01-16 17:45:06'),
(37, 'Elias Gitonga  created client KImani M''kwaria', '2010-01-16 17:46:35'),
(38, 'Elias Gitonga  created General File KM/DI1ZNB/110', '2010-01-16 17:46:45'),
(39, 'Elias Gitonga  created client Geofrey Muriungi', '2010-01-16 17:47:56'),
(40, 'Elias Gitonga  created General File GM/DI1YNB/022', '2010-01-16 17:48:04'),
(41, 'Elias Gitonga  created client Kiende Nkarius', '2010-01-16 17:49:08'),
(42, 'Elias Gitonga  created General File KN/DI1ZNB/008', '2010-01-16 17:49:15'),
(43, 'Elias Gitonga  created client Barack Omana', '2010-01-16 17:50:46'),
(44, 'Elias Gitonga  created General File BO/DI1ZNB/016', '2010-01-16 17:50:56'),
(45, 'Elias Gitonga  created client Michele Obama', '2010-01-16 17:51:32'),
(46, 'Elias Gitonga  created General File MO/DI1YNK/015', '2010-01-16 17:51:39'),
(47, 'Elias Gitonga  created client Mwai Kibaki', '2010-01-16 17:52:18'),
(48, 'Elias Gitonga  created General File MK/DI1ZNB/020', '2010-01-16 17:52:28'),
(49, 'Elias Gitonga  created client Lucy Kibaki', '2010-01-16 17:53:03'),
(50, 'Elias Gitonga  created General File LK/DI1YNB/013', '2010-01-16 17:53:11'),
(51, 'Elias Gitonga  created client Mathew Iteere', '2010-01-16 17:54:05'),
(52, 'Elias Gitonga  created General File MI/DI1XNB/029', '2010-01-16 17:54:12'),
(53, 'Elias Gitonga  Updated File  EG/DL1XNB/001  to  EG/DI1XNB/001', '2010-01-16 18:17:38'),
(54, 'Elias Gitonga  assigned job  EG/DI1XNB/001/004  to  Elias Gitonga', '2010-01-16 18:19:11'),
(55, 'Elias Gitonga  assigned job  EG/DI1XNB/001/004  to  peter Kamau', '2010-01-16 18:19:11'),
(56, 'Elias Gitonga  created job EG/DI2YNB/001', '2010-01-16 18:19:38'),
(57, 'Elias Gitonga  created job   005 in file EG/DI2YNB/001', '2010-01-16 18:20:55'),
(58, 'Elias Gitonga  Updated File  EG/DI1XNB/001  to  EG/DI1XNB/001', '2010-01-16 18:21:21'),
(59, 'Elias Gitonga  assigned job  EG/DI1XNB/001/003  to  Elias Gitonga', '2010-01-16 18:21:53'),
(60, 'Elias Gitonga  assigned job  EG/DI1XNB/001/003  to  peter Kamau', '2010-01-16 18:21:53'),
(61, 'Elias Gitonga  assigned job  EG/DI1XNB/001/003  to  John Benson', '2010-01-16 18:21:53'),
(62, 'Elias Gitonga  assigned job  EG/DI1XNB/001/003  to  Jim ben', '2010-01-16 18:21:53'),
(63, 'Elias Gitonga  assigned job  EG/DI1XNB/001/003  to  eric', '2010-01-16 18:21:53'),
(64, 'Elias Gitonga  worked on job  ref EG/DI1XNB/001/003', '2010-01-16 18:24:14'),
(65, 'Elias Gitonga  logged out ', '2010-01-16 18:32:20'),
(66, 'Elias Gitonga  logged in ', '2010-01-17 19:10:05'),
(67, 'Elias Gitonga  created client Morris Guantai', '2010-01-17 19:16:46'),
(68, 'Elias Gitonga  created client Hilda Gaceri', '2010-01-17 19:19:50'),
(69, 'Elias Gitonga  created client Maina Njenga', '2010-01-17 19:25:51'),
(70, 'Elias Gitonga  logged in ', '2010-01-18 18:00:44'),
(71, 'Elias Gitonga  created General File JL/DG1YNB/014', '2010-01-18 18:02:18'),
(72, 'Elias Gitonga  assigned job  JL/DG1YNB/014/006  to  Elias Gitonga', '2010-01-18 18:03:50'),
(73, 'Elias Gitonga  assigned job  JL/DG1YNB/014/006  to  John Benson', '2010-01-18 18:03:50'),
(74, 'Elias Gitonga  assigned job  JL/DG1YNB/014/006  to  Elias Gitonga', '2010-01-18 18:03:59'),
(75, 'Elias Gitonga  assigned job  JL/DG1YNB/014/006  to  John Benson', '2010-01-18 18:03:59'),
(76, 'Elias Gitonga  assigned job  JL/DG1YNB/014/006  to  Elias Gitonga', '2010-01-18 18:04:01'),
(77, 'Elias Gitonga  assigned job  JL/DG1YNB/014/006  to  John Benson', '2010-01-18 18:04:01'),
(78, 'Elias Gitonga  assigned job  JL/DG1YNB/014/006  to  Elias Gitonga', '2010-01-18 18:04:02'),
(79, 'Elias Gitonga  assigned job  JL/DG1YNB/014/006  to  John Benson', '2010-01-18 18:04:02'),
(80, 'Elias Gitonga  assigned job  JL/DG1YNB/014/006  to  Elias Gitonga', '2010-01-18 18:04:04'),
(81, 'Elias Gitonga  assigned job  JL/DG1YNB/014/006  to  John Benson', '2010-01-18 18:04:04'),
(82, 'Elias Gitonga  assigned job  JL/DG1YNB/014/006  to  Elias Gitonga', '2010-01-18 18:04:06'),
(83, 'Elias Gitonga  assigned job  JL/DG1YNB/014/006  to  John Benson', '2010-01-18 18:04:06'),
(84, 'Elias Gitonga  assigned job  JL/DG1YNB/014/006  to  Elias Gitonga', '2010-01-18 18:04:07'),
(85, 'Elias Gitonga  assigned job  JL/DG1YNB/014/006  to  John Benson', '2010-01-18 18:04:07'),
(86, 'Elias Gitonga  assigned job  JL/DG1YNB/014/006  to  Elias Gitonga', '2010-01-18 18:04:12'),
(87, 'Elias Gitonga  assigned job  JL/DG1YNB/014/006  to  John Benson', '2010-01-18 18:04:12'),
(88, 'Elias Gitonga  assigned job  JL/DG1YNB/014/006  to  Elias Gitonga', '2010-01-18 18:04:20'),
(89, 'Elias Gitonga  assigned job  JL/DG1YNB/014/006  to  John Benson', '2010-01-18 18:04:20'),
(90, 'Elias Gitonga  assigned job  JL/DG1YNB/014/006  to  Elias Gitonga', '2010-01-18 18:04:21'),
(91, 'Elias Gitonga  assigned job  JL/DG1YNB/014/006  to  John Benson', '2010-01-18 18:04:21'),
(92, 'Elias Gitonga  assigned job  JL/DG1YNB/014/006  to  Elias Gitonga', '2010-01-18 18:04:27'),
(93, 'Elias Gitonga  assigned job  JL/DG1YNB/014/006  to  John Benson', '2010-01-18 18:04:27'),
(94, 'Elias Gitonga  logged out ', '2010-01-18 18:44:00'),
(95, 'Elias Gitonga  logged in ', '2010-01-21 17:09:54'),
(96, 'Elias Gitonga  worked on job  ref EG/DI1XNB/001/003', '2010-01-21 17:11:00'),
(97, 'Elias Gitonga  updated working times for job ref  EG/DI1XNB/001/003', '2010-01-21 17:12:04'),
(98, 'Elias Gitonga  logged in ', '2010-01-25 19:55:42'),
(99, 'Elias Gitonga  logged out ', '2010-01-25 20:09:30'),
(100, 'Elias Gitonga  logged in ', '2010-01-26 12:54:47'),
(101, 'Elias Gitonga  logged out ', '2010-01-26 12:55:02'),
(102, 'Elias Gitonga  logged in ', '2010-01-26 17:59:08'),
(103, 'Elias Gitonga  logged in ', '2010-01-26 19:10:35'),
(104, 'Elias Gitonga  Updated File  NO/DG1YNB/005  to  NO/DG1YNB/005', '2010-01-26 19:11:16'),
(105, 'Elias Gitonga  logged out ', '2010-01-26 19:11:40'),
(106, 'Elias Gitonga  logged in ', '2010-02-03 14:33:33'),
(107, 'Elias Gitonga  logged in ', '2010-02-03 15:50:03'),
(108, 'Elias Gitonga  assigned job  EG/DI2YNB/001/005  to  Elias Gitonga', '2010-02-03 15:51:42'),
(109, 'Elias Gitonga  assigned job  EG/DI2YNB/001/005  to  peter Kamau', '2010-02-03 15:51:42'),
(110, 'Elias Gitonga  assigned job  EG/DI2YNB/001/005  to  John Benson', '2010-02-03 15:51:42'),
(111, 'Elias Gitonga  assigned job  EG/DI2YNB/001/005  to  Jim ben', '2010-02-03 15:51:42'),
(112, 'Elias Gitonga  assigned job  EG/DI2YNB/001/005  to  eric', '2010-02-03 15:51:42'),
(113, 'Elias Gitonga  created job EG/DG3YNB/001', '2010-02-03 15:52:39'),
(114, 'Elias Gitonga  created job   007 in file EG/DG3YNB/001', '2010-02-03 15:53:15'),
(115, 'Elias Gitonga  assigned job  EG/DG3YNB/001/007  to  Elias Gitonga', '2010-02-03 16:23:39'),
(116, 'Elias Gitonga  assigned job  EG/DG3YNB/001/007  to  peter Kamau', '2010-02-03 16:23:39'),
(117, 'Elias Gitonga  assigned job  EG/DG3YNB/001/007  to  John Benson', '2010-02-03 16:23:39'),
(118, 'Elias Gitonga  assigned job  EG/DG3YNB/001/007  to  Jim ben', '2010-02-03 16:23:39'),
(119, 'Elias Gitonga  assigned job  EG/DG3YNB/001/007  to  eric', '2010-02-03 16:23:39'),
(120, 'Elias Gitonga  worked on job  ref EG/DG3YNB/001/007', '2010-02-03 16:51:47'),
(121, 'Elias Gitonga  logged in ', '2010-02-04 08:18:12'),
(122, 'Elias Gitonga  Updated File  EG/DI1XNB/001  to  EG/DI1XNB/001', '2010-02-04 08:21:43'),
(123, 'Elias Gitonga  logged in ', '2010-02-05 06:32:13'),
(124, 'Elias Gitonga  created job JL/DG2YNB/023', '2010-02-05 06:39:44'),
(125, 'Elias Gitonga  created job   008 in file JL/DG2YNB/023', '2010-02-05 06:40:19'),
(126, 'Elias Gitonga  assigned job  JL/DG2YNB/023/008  to  Elias Gitonga', '2010-02-05 06:40:43'),
(127, 'Elias Gitonga  assigned job  JL/DG2YNB/023/008  to  peter Kamau', '2010-02-05 06:40:43'),
(128, 'Elias Gitonga  assigned job  JL/DG2YNB/023/008  to  John Benson', '2010-02-05 06:40:43'),
(129, 'Elias Gitonga  assigned job  JL/DG2YNB/023/008  to  Jim ben', '2010-02-05 06:40:43'),
(130, 'Elias Gitonga  assigned job  JL/DG2YNB/023/008  to  eric', '2010-02-05 06:40:43'),
(131, 'Elias Gitonga  worked on job  ref JL/DG2YNB/023/008', '2010-02-05 06:41:25'),
(132, 'Elias Gitonga  Updated File  EG/DI1XNB/001  to  EG/DI1XNB/001', '2010-02-05 08:08:10'),
(133, 'Elias Gitonga  logged in ', '2010-02-09 06:10:29'),
(134, 'Elias Gitonga   added image  Certificate  for Client   General Documents document category', '2010-02-09 06:16:24'),
(135, 'Elias Gitonga   added image  Seconc document  for Client   General Documents document category', '2010-02-09 06:17:57'),
(136, 'Elias Gitonga   added image  my third documenr  for Client   General Documents document category', '2010-02-09 06:18:49'),
(137, 'Elias Gitonga  Updated document  Seconc document  for Client   General Documents document category', '2010-02-09 06:26:35'),
(138, 'Elias Gitonga  Updated document  my third document  for Client   General Documents document category', '2010-02-09 06:27:03'),
(139, 'Elias Gitonga  Updated document  Second document  for Client   General Documents document category', '2010-02-09 06:27:14'),
(140, 'Elias Gitonga   added image  scan2  for Client   General Documents document category', '2010-02-09 06:28:12'),
(141, 'Elias Gitonga   added image  Corres 1  for Client   Correspondence with the client document category', '2010-02-09 06:30:30'),
(142, 'Elias Gitonga  logged in ', '2010-02-09 17:58:42'),
(143, 'Elias Gitonga  created client Mohamed Kareg', '2010-02-09 18:05:28'),
(144, 'Elias Gitonga  created General File MK/DI1XBT/002', '2010-02-09 18:06:52'),
(145, 'Elias Gitonga  assigned job  MK/DI1XBT/002/009  to  Elias Gitonga', '2010-02-09 18:10:45'),
(146, 'Elias Gitonga  assigned job  MK/DI1XBT/002/009  to  peter Kamau', '2010-02-09 18:10:45'),
(147, 'Elias Gitonga  worked on job  ref MK/DI1XBT/002/009', '2010-02-09 18:13:21'),
(148, 'Elias Gitonga  worked on job  ref MK/DI1XBT/002/009', '2010-02-09 18:14:03'),
(149, 'Elias Gitonga  updated working times for job ref  MK/DI1XBT/002/009', '2010-02-09 18:14:58'),
(150, 'Elias Gitonga   added image  doc 1  for Client   General Documents document category', '2010-02-09 18:33:08'),
(151, 'Elias Gitonga  logged out ', '2010-02-09 18:39:11'),
(152, 'Elias Gitonga  logged in ', '2010-02-15 17:22:11'),
(153, 'Elias Gitonga  logged in ', '2010-02-15 17:45:03'),
(154, 'Elias Gitonga  logged out ', '2010-02-15 18:07:44'),
(155, 'peter Kamau  logged in ', '2010-02-15 18:07:54'),
(156, 'peter Kamau  logged out ', '2010-02-15 18:08:34'),
(157, 'Elias Gitonga  logged in ', '2010-02-15 18:08:41'),
(158, 'Elias Gitonga  logged in ', '2010-02-20 12:03:05'),
(159, 'Elias Gitonga  logged in ', '2010-02-20 16:18:23'),
(160, 'Elias Gitonga   added image  Testdoc  for Client   General Documents document category', '2010-02-20 16:45:25'),
(161, 'Elias Gitonga   added image  pic  for Client   General Documents document category', '2010-02-20 17:09:38'),
(162, 'Elias Gitonga   added image  test  for Client   General Documents document category', '2010-02-20 17:28:19'),
(163, 'Elias Gitonga  logged out ', '2010-02-22 08:00:21'),
(164, 'Elias Gitonga  logged in ', '2010-02-23 16:19:34'),
(165, 'Elias Gitonga   added image  pdf file  for Client   General Documents document category', '2010-02-23 16:44:36'),
(166, 'Elias Gitonga  logged in ', '2010-02-27 11:32:04'),
(167, 'Elias Gitonga  logged out ', '2010-02-27 11:45:56'),
(168, '  logged in ', '2010-02-27 11:46:22'),
(169, '  logged out ', '2010-02-27 11:46:58'),
(170, 'Elias Gitonga  logged in ', '2010-02-27 11:47:07'),
(171, 'Elias Gitonga   added file  test doc ', '2010-02-27 12:08:34'),
(172, 'Elias Gitonga   added file  Test Doc ', '2010-02-27 12:41:59'),
(173, 'Elias Gitonga   added file  Test Doc ', '2010-02-27 12:49:49'),
(174, 'Elias Gitonga   added file  test 2 ', '2010-02-27 12:51:52'),
(175, 'Elias Gitonga   added file  gtjyhjg ', '2010-02-27 12:52:57'),
(176, 'Elias Gitonga   added file  gfhfh ', '2010-02-27 12:53:52'),
(177, 'Elias Gitonga  logged out ', '2010-02-27 13:27:29'),
(178, 'Elias Gitonga  logged in ', '2010-03-10 11:11:19'),
(179, 'Elias Gitonga  Updated File  EG/DI1XNB/001  to  EG/DI1XNB/001', '2010-03-10 11:12:11'),
(180, 'Elias Gitonga  Updated File  EG/DI1XNB/001  to  EG/DI1XNB/001', '2010-03-10 11:15:08'),
(181, 'Elias Gitonga  assigned job  EG/DI1XNB/001/010  to  Elias Gitonga', '2010-03-10 11:33:27'),
(182, 'Elias Gitonga  assigned job  EG/DI1XNB/001/010  to  John Benson', '2010-03-10 11:33:27'),
(183, 'Elias Gitonga  Updated File  JL/DG2YNB/023  to  JL/DG2YNB/023', '2010-03-10 11:41:50'),
(184, 'Elias Gitonga  created job EG/SCG4YNB/001', '2010-03-10 11:43:39'),
(185, 'Elias Gitonga  created job   011 in file EG/SCG4YNB/001', '2010-03-10 11:51:12'),
(186, 'Elias Gitonga  Updated File  EG/DG3YNB/001  to  EG/DG3YNB/001', '2010-03-10 11:54:42'),
(187, 'Elias Gitonga  Updated File  EG/DI1XNB/001  to  EG/DI1XNB/001', '2010-03-10 12:12:27'),
(188, 'Elias Gitonga  Updated File  EG/DI1XNB/001  to  EG/DI1XNB/001', '2010-03-10 12:24:07'),
(189, 'Elias Gitonga  assigned job  EG/DI1XNB/001/20  to  Elias Gitonga', '2010-03-10 12:25:09'),
(190, 'Elias Gitonga  created job EG/SCG5YNB/001', '2010-03-10 12:31:34'),
(191, 'Elias Gitonga  created job   010 in file EG/SCG5YNB/001', '2010-03-10 12:34:23'),
(192, 'Elias Gitonga  assigned job  EG/SCG5YNB/001/10  to  Elias Gitonga', '2010-03-10 12:37:02'),
(193, 'Elias Gitonga  created client zablon ondieki\r\n', '2010-03-10 12:39:02'),
(194, 'Elias Gitonga  created General File ZB/DI1YBU/011', '2010-03-10 12:39:14'),
(195, 'Elias Gitonga  assigned job  ZB/DI1YBU/011/11  to  Elias Gitonga', '2010-03-10 12:39:52'),
(196, 'Elias Gitonga  assigned job  ZB/DI1YBU/011/11  to  peter Kamau', '2010-03-10 12:39:52'),
(197, 'Elias Gitonga  assigned job  ZB/DI1YBU/011/11  to  Elias Gitonga', '2010-03-10 12:41:05'),
(198, 'Elias Gitonga  assigned job  ZB/DI1YBU/011/11  to  peter Kamau', '2010-03-10 12:41:05'),
(199, 'Elias Gitonga  assigned job  ZB/DI1YBU/011/12  to  peter Kamau', '2010-03-10 12:41:46'),
(200, 'Elias Gitonga  Updated File  ZB/DI1YBU/011  to  ZB/DI1YBU/011', '2010-03-10 12:42:07'),
(201, 'Elias Gitonga  assigned job  ZB/DI1YBU/011/12  to  Elias Gitonga', '2010-03-10 12:43:56'),
(202, 'Elias Gitonga  assigned job  ZB/DI1YBU/011/12  to  peter Kamau', '2010-03-10 12:43:56'),
(203, 'Elias Gitonga  created job FM/DG2YNY/010', '2010-03-10 12:46:12'),
(204, 'Elias Gitonga  created job   023 in file FM/DG2YNY/010', '2010-03-10 12:46:34'),
(205, 'Elias Gitonga  assigned job  FM/DG2YNY/010/23  to  Elias Gitonga', '2010-03-10 12:47:36'),
(206, 'Elias Gitonga  logged in ', '2010-03-13 10:19:05'),
(207, 'Elias Gitonga  logged out ', '2010-03-13 10:47:15'),
(208, '  logged in ', '2010-03-13 10:47:28'),
(209, '  logged out ', '2010-03-13 10:48:09'),
(210, 'Elias Gitonga  logged in ', '2010-03-13 10:48:16'),
(211, 'Elias Gitonga  logged out ', '2010-03-13 10:53:40'),
(212, 'Elias Gitonga  logged in ', '2010-03-13 10:53:48'),
(213, '  logged out ', '2010-03-13 12:24:36'),
(214, '  logged in ', '2010-03-13 12:24:49'),
(215, '  logged out ', '2010-03-13 12:26:40'),
(216, '  logged in ', '2010-03-13 12:27:43'),
(217, '  logged out ', '2010-03-13 12:31:27'),
(218, '  logged in ', '2010-03-13 12:32:50'),
(219, '  logged out ', '2010-03-13 12:33:40'),
(220, '  logged in ', '2010-03-13 12:33:56'),
(221, '  logged out ', '2010-03-13 12:39:00'),
(222, '  logged in ', '2010-03-13 12:39:10'),
(223, '  logged out ', '2010-03-13 12:39:37'),
(224, '  logged in ', '2010-03-13 12:39:43'),
(225, '  logged out ', '2010-03-13 13:01:44'),
(226, '  logged in ', '2010-03-13 13:01:51'),
(227, '  logged out ', '2010-03-13 13:01:55'),
(228, '  logged in ', '2010-03-13 13:02:11'),
(229, '  logged out ', '2010-03-13 13:02:34'),
(230, '  logged in ', '2010-03-13 13:02:48'),
(231, '  logged out ', '2010-03-13 13:02:51'),
(232, '  logged in ', '2010-03-13 13:03:14'),
(233, '  logged out ', '2010-03-13 13:06:46'),
(234, '  logged in ', '2010-03-13 13:06:53'),
(235, '  logged out ', '2010-03-13 13:07:26'),
(236, '  logged in ', '2010-03-13 13:07:54'),
(237, '  logged in ', '2010-03-15 07:52:17'),
(238, '  created job HM/SCG2YNB/005', '2010-03-15 07:53:07'),
(239, '  logged out ', '2010-03-15 07:55:56'),
(240, '  logged in ', '2010-03-15 17:02:01'),
(241, '  created job EG/SCI6YNB/001', '2010-03-15 17:10:35'),
(242, '  created job   004 in file EG/SCI6YNB/001', '2010-03-15 17:11:06'),
(243, '  created job EG/DI2ZNB/186', '2010-03-15 17:11:37'),
(244, '  created job   014 in file EG/DI2ZNB/186', '2010-03-15 17:11:59'),
(245, '  assigned job  EG/DI1XNB/001/20  to  peter  paul james', '2010-03-15 17:34:56'),
(246, '  assigned job  EG/DI1XNB/001/10  to  peter  paul james', '2010-03-15 17:35:07'),
(247, '  logged out ', '2010-03-15 17:36:45'),
(248, '  logged in ', '2010-03-15 17:37:14'),
(249, '  logged out ', '2010-03-15 17:37:21'),
(250, '  logged in ', '2010-03-15 17:37:33'),
(251, '  logged out ', '2010-03-15 17:38:32'),
(252, '  logged in ', '2010-03-15 17:38:38'),
(253, '  logged out ', '2010-03-15 17:38:52'),
(254, '  logged in ', '2010-03-15 17:38:58'),
(255, '  Updated File  EG/DI2ZNB/186  to  EG/DI2ZNB/003', '2010-03-15 17:46:01'),
(256, '  Updated File  EG/DI2ZNB/186  to  /DI2Z/000', '2010-03-15 17:50:33'),
(257, '  Updated File  EG/SCI6YNB/001  to  EG/SCI6YNB/001', '2010-03-15 17:52:35'),
(258, '  created job EG/DI3ZNB/186', '2010-03-15 17:53:04'),
(259, '  created job   028 in file EG/DI3ZNB/186', '2010-03-15 17:53:22'),
(260, '  Updated File  EG/DI3ZNB/186  to  EG/DI3ZNB/186', '2010-03-15 17:53:36'),
(261, '  Updated File  EG/DI3ZNB/186  to  EG/HRI3ZNB/186', '2010-03-15 17:53:47'),
(262, '  assigned job  EG/HRI3ZNB/186/28  to  peter  paul james', '2010-03-15 18:12:17'),
(263, '  Updated File  HM/DI1YNB/021  to  HM/DI1YNB/021', '2010-03-15 18:16:08'),
(264, '  created job HM/SCG2ZNB/021', '2010-03-15 18:16:42'),
(265, '  created job   015 in file HM/SCG2ZNB/021', '2010-03-15 18:17:01'),
(266, '  logged in ', '2010-03-16 07:59:37'),
(267, '  Updated File  EG/DI1XNB/001  to  EG/DI1XNB/001', '2010-03-16 07:59:55'),
(268, '  Updated File  EG/DI1XNB/001  to  EG/DG1YNB/001', '2010-03-16 08:00:43'),
(269, '  logged in ', '2010-03-17 17:05:14'),
(270, '  created job ZB/SCG2YBU/011', '2010-03-17 17:06:13'),
(271, '  created job   1519 in file ZB/SCG2YBU/011', '2010-03-17 17:06:57'),
(272, '  Updated File  ZB/SCG2YBU/011  to  ZB/HRG2YBU/011', '2010-03-17 17:07:36'),
(273, '  Updated File  EG/DG1YNB/001  to  EG/DG1YNB/001', '2010-03-17 17:09:50'),
(274, '  Updated File  EG/DG1YNB/001  to  EG/DG1YNB/001', '2010-03-17 17:10:39'),
(275, '  Updated File  EG/DG1YNB/001  to  EG/DG1YNB/001', '2010-03-17 17:11:05'),
(276, '  assigned job  ZB/HRG2YBU/011/1519  to  peter  paul james', '2010-03-17 17:12:58'),
(277, '  assigned job  AF/DL1YNB/004/1181  to  peter  paul james', '2010-03-17 17:37:52'),
(278, '  logged out ', '2010-03-17 17:44:59'),
(279, '  logged in ', '2010-03-17 17:45:15'),
(280, '  logged out ', '2010-03-17 17:45:36'),
(281, '  logged in ', '2010-03-17 17:45:44'),
(282, '  Updated File  VS/DL1YNB/211  to  VS/DL1YNB/211', '2010-03-17 17:46:28'),
(283, '  logged in ', '2010-03-17 18:21:21'),
(284, '  logged out ', '2010-03-17 18:21:32'),
(285, '  logged in ', '2010-03-17 18:21:40'),
(286, '  logged in ', '2010-03-17 19:40:10'),
(287, '  logged out ', '2010-03-17 19:40:41'),
(288, '  logged in ', '2010-03-17 19:40:58'),
(289, '  logged out ', '2010-03-17 19:44:14'),
(290, '  logged in ', '2010-03-17 19:50:56'),
(291, '  created job SE/DG2YNB/710', '2010-03-17 19:53:57'),
(292, '  created job AF/DG2YNB/004', '2010-03-17 19:56:04'),
(293, '  created job   002 in file AF/DG2YNB/004', '2010-03-17 19:57:02'),
(294, '  assigned job  AF/DG2YNB/004/2  to  Elias  Gitonga', '2010-03-17 19:57:56'),
(295, '  created job AH/DL2YNB/389', '2010-03-17 20:15:52'),
(296, '  created job AW/DP2YNB/815', '2010-03-17 20:21:12'),
(297, '  created job   1484 in file AW/DP2YNB/815', '2010-03-17 20:22:05'),
(298, '  assigned job  AW/DP2YNB/815/1484  to  Elias  Gitonga', '2010-03-17 20:22:19'),
(299, '  Updated File  AN/DP1YNB/746  to  AN/DP1YNB/746', '2010-03-17 20:28:03'),
(300, '  created job AN/DL2YNB/746', '2010-03-17 20:29:08'),
(301, '  created job   1356 in file AN/DL2YNB/746', '2010-03-17 20:29:55'),
(302, '  created job AN/DL3YNB/746', '2010-03-17 20:30:45'),
(303, '  created job AN/DP4YNB/746', '2010-03-17 20:31:12'),
(304, '  created job   1307 in file AN/DP4YNB/746', '2010-03-17 20:32:03'),
(305, '  Updated File  AN/DL2YNB/746  to  AN/DP2YNB/746', '2010-03-17 20:32:29'),
(306, '  logged out ', '2010-03-17 20:44:46'),
(307, '  logged in ', '2010-03-18 09:19:49'),
(308, '  assigned job  AW/DP2YNB/815/1484  to  Elias  Gitonga', '2010-03-18 09:24:30'),
(309, '  assigned job  AN/DP2YNB/746/1356  to  Elias  Gitonga', '2010-03-18 09:24:35'),
(310, '  assigned job  AN/DP3YNB/746/1307  to  Elias  Gitonga', '2010-03-18 09:24:40'),
(311, '  logged in ', '2010-03-18 12:14:51'),
(312, '  created job AP/DL2YNB/719', '2010-03-18 12:18:03'),
(313, '  created job   1270 in file AP/DL2YNB/719', '2010-03-18 12:19:20'),
(314, '  assigned job  AP/DL2YNB/719/1270  to  Elias  Gitonga', '2010-03-18 12:19:40'),
(315, '  logged in ', '2010-03-18 15:55:15'),
(316, '  created General File AS/DL1YNB/716', '2010-03-18 16:01:25'),
(317, '  created job AS/DL2YNB/716', '2010-03-18 16:01:57'),
(318, '  created job   1253 in file AS/DL2YNB/716', '2010-03-18 16:03:35'),
(319, '  created job AP/DL2YNB/273', '2010-03-18 16:05:41'),
(320, '  created job   865 in file AP/DL2YNB/273', '2010-03-18 16:06:28'),
(321, '  created job AP/DL3YNB/273', '2010-03-18 16:14:48'),
(322, '  created job   915 in file AP/DL3YNB/273', '2010-03-18 16:15:29'),
(323, '  created General File AD/DG1YNB/224', '2010-03-18 16:18:42'),
(324, '  created job AD/DG2YNB/224', '2010-03-18 16:19:08'),
(325, '  created job AV/DL2YNB/305', '2010-03-18 16:23:38'),
(326, '  created job   1306 in file AV/DL2YNB/305', '2010-03-18 16:25:02'),
(327, '  created job AC/DL2YNB/009', '2010-03-18 16:45:34'),
(328, '  created job   1323 in file AC/DL2YNB/009', '2010-03-18 16:54:31'),
(329, '  created job JK/DG2YNB/354', '2010-03-18 17:15:33'),
(330, '  created job   376 in file JK/DG2YNB/354', '2010-03-18 17:17:43'),
(331, '  created job JK/DG3YNB/354', '2010-03-18 17:18:33'),
(332, '  created job   967 in file JK/DG3YNB/354', '2010-03-18 17:19:28'),
(333, '  created job JK/DG4YNB/354', '2010-03-18 17:22:00'),
(334, '  created job   480 in file JK/DG4YNB/354', '2010-03-18 17:23:31'),
(335, '  created job JK/DG5YNB/354', '2010-03-18 17:26:08'),
(336, '  created job   583 in file JK/DG5YNB/354', '2010-03-18 17:28:09'),
(337, '  created job JK/DG6YNB/354', '2010-03-18 17:30:25'),
(338, '  created job   626 in file JK/DG6YNB/354', '2010-03-18 17:31:16'),
(339, '  created job JK/DL7YNB/354', '2010-03-18 17:33:19'),
(340, '  created job   724 in file JK/DL7YNB/354', '2010-03-18 17:38:56'),
(341, '  created job AB/DP2YNB/464', '2010-03-18 17:55:34'),
(342, '  created job   086 in file AB/DP2YNB/464', '2010-03-18 17:56:25'),
(343, '  Updated File  AP/DL2YNB/302  to  AP/DL2YNB/302', '2010-03-18 18:11:33'),
(344, '  created job AC/DL2YNB/516', '2010-03-18 18:27:52'),
(345, '  created job   1486 in file AC/DL2YNB/516', '2010-03-18 18:28:47'),
(346, '  created job AS/DL2YNB/014', '2010-03-18 18:31:11'),
(347, '  created job   298 in file AS/DL2YNB/014', '2010-03-18 18:32:08'),
(348, '  created job AS/DL3YNB/014', '2010-03-18 18:32:44'),
(349, '  created job   350 in file AS/DL3YNB/014', '2010-03-18 18:33:19'),
(350, '  created job AS/DL4YNB/014', '2010-03-18 18:35:11'),
(351, '  created job   371 in file AS/DL4YNB/014', '2010-03-18 18:36:09'),
(352, '  created job AS/DL5YNB/014', '2010-03-18 18:36:55'),
(353, '  created job   386 in file AS/DL5YNB/014', '2010-03-18 18:37:41'),
(354, '  created job AS/DL6YNB/014', '2010-03-18 18:38:40'),
(355, '  created job   837 in file AS/DL6YNB/014', '2010-03-18 18:39:21'),
(356, '  created job AH/DG2YNB/418', '2010-03-18 18:41:03'),
(357, '  created job   693 in file AH/DG2YNB/418', '2010-03-18 18:42:11'),
(358, '  created job AH/DL3YNB/418', '2010-03-18 18:43:06'),
(359, '  created job   1119 in file AH/DL3YNB/418', '2010-03-18 18:43:58'),
(360, '  created job AM/DL2YNB/481', '2010-03-18 18:46:19'),
(361, '  created job   1016 in file AM/DL2YNB/481', '2010-03-18 18:50:38'),
(362, '  Updated File  AM/DL1YNB/481  to  AM/DL1YNB/481', '2010-03-18 18:50:51'),
(363, '  created job AM/DL3YNB/481', '2010-03-18 18:52:33'),
(364, '  created job   1015 in file AM/DL3YNB/481', '2010-03-18 18:53:31'),
(365, '  logged in ', '2010-03-18 20:20:56'),
(366, '  created job AM/DL4YNB/481', '2010-03-18 20:22:11'),
(367, '  created job   1021 in file AM/DL4YNB/481', '2010-03-18 20:23:31'),
(368, '  created job AM/DL5YNB/481', '2010-03-18 20:27:38'),
(369, '  created job   1013 in file AM/DL5YNB/481', '2010-03-18 20:28:26'),
(370, '  created job AM/DL6YNB/481', '2010-03-18 20:29:55'),
(371, '  created job   1018 in file AM/DL6YNB/481', '2010-03-18 20:33:18'),
(372, '  Updated File  AM/DL1YNB/481  to  AM/DL1YNB/481', '2010-03-18 20:33:53'),
(373, '  created job AM/DL7YNB/481', '2010-03-18 20:36:35'),
(374, '  created job   1014 in file AM/DL7YNB/481', '2010-03-18 20:38:22'),
(375, '  created job AM/DG9YNB/481', '2010-03-18 20:41:54'),
(376, '  Updated File  AS/DL1ZNB/457  to  AS/DL1ZNB/457', '2010-03-18 20:44:37'),
(377, '  Updated File  AA/DL1YNB/018  to  AA/DL1YNB/018', '2010-03-18 20:46:27'),
(378, '  created General File AA/DL1YNB/018', '2010-03-18 20:59:24'),
(379, '  Updated File  AA/DL1YNB/018  to  AA/DL1YNB/018', '2010-03-18 21:04:03'),
(380, '  Updated File  AA/DL1YNB/018  to  AA/DL1YNB/018', '2010-03-18 21:06:21'),
(381, '  created job AA/DL2YNB/018', '2010-03-18 21:07:12'),
(382, '  created job   517 in file AA/DL2YNB/018', '2010-03-18 21:08:07'),
(383, '  logged in ', '2010-03-19 08:41:11'),
(384, '  logged in ', '2010-03-19 21:35:30'),
(385, '  logged out ', '2010-03-19 21:37:36'),
(386, '  logged in ', '2010-03-20 09:03:54'),
(387, '  created job BM/DP2YNB/027', '2010-03-20 09:21:01'),
(388, '  created job   929 in file BM/DP2YNB/027', '2010-03-20 09:22:09'),
(389, '  created job BM/DL3YNB/027', '2010-03-20 09:24:00'),
(390, '  created job   1499 in file BM/DL3YNB/027', '2010-03-20 09:24:36'),
(391, '  created job BL/DG2YNB/021', '2010-03-20 09:26:03'),
(392, '  created job   1501 in file BL/DG2YNB/021', '2010-03-20 09:26:53'),
(393, '  created job BH/DL2YNB/356', '2010-03-20 09:34:22'),
(394, '  created job   588 in file BH/DL2YNB/356', '2010-03-20 09:36:50'),
(395, '  created job BH/DL4YNB/356', '2010-03-20 09:38:33'),
(396, '  created job   348 in file BH/DL4YNB/356', '2010-03-20 09:42:02'),
(397, '  Updated File  BH/DL1YNB/356  to  BH/DL1YNB/356', '2010-03-20 09:42:22'),
(398, '  created job BH/DL5YNB/356', '2010-03-20 09:48:10'),
(399, '  created job   1437 in file BH/DL5YNB/356', '2010-03-20 09:48:58'),
(400, '  created job BH/DL6YNB/356', '2010-03-20 09:51:03'),
(401, '  created job   1139 in file BH/DL6YNB/356', '2010-03-20 09:56:00'),
(402, '  created job BP/DL2YNB/024', '2010-03-20 10:00:40'),
(403, '  created job   804 in file BP/DL2YNB/024', '2010-03-20 10:01:36'),
(404, '  created job BP/DL3YNB/024', '2010-03-20 10:03:15'),
(405, '  created job   809 in file BP/DL3YNB/024', '2010-03-20 10:03:55'),
(406, '  created job BP/DL4YNB/024', '2010-03-20 10:04:24'),
(407, '  created job   821 in file BP/DL4YNB/024', '2010-03-20 10:05:20'),
(408, '  created job BP/DL5YNB/024', '2010-03-20 10:06:34'),
(409, '  created job   870 in file BP/DL5YNB/024', '2010-03-20 10:07:20'),
(410, '  created job BP/DL6YNB/024', '2010-03-20 10:08:10'),
(411, '  created job   877 in file BP/DL6YNB/024', '2010-03-20 10:09:14'),
(412, '  created job BP/DL7YNB/024', '2010-03-20 10:09:47'),
(413, '  created job   1063 in file BP/DL7YNB/024', '2010-03-20 10:10:21'),
(414, '  created job BP/DL8YNB/024', '2010-03-20 10:14:36'),
(415, '  created job   1123 in file BP/DL8YNB/024', '2010-03-20 10:15:40'),
(416, '  created job BP/DL9YNB/024', '2010-03-20 10:16:09'),
(417, '  created job   1332 in file BP/DL9YNB/024', '2010-03-20 10:22:11'),
(418, '  created job BP/DL10YNB/024', '2010-03-20 10:23:13'),
(419, '  created job   1333 in file BP/DL10YNB/024', '2010-03-20 10:24:12'),
(420, '  created job BP/DL11YNB/024', '2010-03-20 10:24:50'),
(421, '  created job   1334 in file BP/DL11YNB/024', '2010-03-20 10:26:09'),
(422, '  created job BP/DL12YNB/024', '2010-03-20 10:26:26'),
(423, '  created job   1495 in file BP/DL12YNB/024', '2010-03-20 10:27:27'),
(424, '  created job BP/DL13YNB/024', '2010-03-20 10:28:02'),
(425, '  created job   1412 in file BP/DL13YNB/024', '2010-03-20 10:28:44'),
(426, '  created job BB/DG2YNB/613', '2010-03-20 10:40:51'),
(427, '  created job   953 in file BB/DG2YNB/613', '2010-03-20 10:41:29'),
(428, '  created job BM/DP2YNB/025', '2010-03-20 10:48:42'),
(429, '  created job   686 in file BM/DP2YNB/025', '2010-03-20 10:49:22'),
(430, '  created job BE/DP2YNB/497', '2010-03-20 11:03:07'),
(431, '  created job   671 in file BE/DP2YNB/497', '2010-03-20 11:04:10'),
(432, '  created job BE/DP3YNB/497', '2010-03-20 11:07:02'),
(433, '  created job   703 in file BE/DP3YNB/497', '2010-03-20 11:07:45'),
(434, '  created job BE/DP4YNB/497', '2010-03-20 11:08:48'),
(435, '  created job   989 in file BE/DP4YNB/497', '2010-03-20 11:09:42'),
(436, '  created job BE/DP6YNB/497', '2010-03-20 11:11:39'),
(437, '  created job   1473 in file BE/DP6YNB/497', '2010-03-20 11:12:30'),
(438, '  created job BE/DP8YNB/497', '2010-03-20 11:15:16'),
(439, '  created job   711 in file BE/DP8YNB/497', '2010-03-20 11:17:30'),
(440, '  created job BE/DL8YNB/497', '2010-03-20 11:19:49'),
(441, '  created job   1386 in file BE/DL8YNB/497', '2010-03-20 11:20:52'),
(442, '  created job BT/DL2YNB/026', '2010-03-20 11:21:54'),
(443, '  created job   900 in file BT/DL2YNB/026', '2010-03-20 11:22:37'),
(444, '  created job BT/DL3YNB/026', '2010-03-20 11:23:27'),
(445, '  created job   1447 in file BT/DL3YNB/026', '2010-03-20 11:24:21'),
(446, '  created job BE/DL2YNB/532', '2010-03-20 11:29:28'),
(447, '  created job   1192 in file BE/DL2YNB/532', '2010-03-20 11:32:22'),
(448, '  created job BI/DL2YNB/030', '2010-03-20 11:37:05'),
(449, '  created job   385 in file BI/DL2YNB/030', '2010-03-20 11:38:12'),
(450, '  created job BI/DL3YNB/030', '2010-03-20 11:38:55'),
(451, '  created job   880 in file BI/DL3YNB/030', '2010-03-20 11:41:08'),
(452, '  created job BI/DL4YNB/030', '2010-03-20 11:43:15'),
(453, '  created job   1040 in file BI/DL4YNB/030', '2010-03-20 11:43:58'),
(454, '  created job BK/DL2YNB/031', '2010-03-20 11:45:20'),
(455, '  created job   1399 in file BK/DL2YNB/031', '2010-03-20 11:46:14'),
(456, '  created job BL/DL2YNB/345', '2010-03-20 11:47:39'),
(457, '  created job   303 in file BL/DL2YNB/345', '2010-03-20 11:48:52'),
(458, '  created job BL/DL3YNB/345', '2010-03-20 11:49:51'),
(459, '  created job   481 in file BL/DL3YNB/345', '2010-03-20 11:50:32'),
(460, '  created job BL/DL4YNB/345', '2010-03-20 11:51:26'),
(461, '  created job   328 in file BL/DL4YNB/345', '2010-03-20 11:52:05'),
(462, '  created job BE/DP2YNB/342', '2010-03-20 12:53:02'),
(463, '  created job   700 in file BE/DP2YNB/342', '2010-03-20 12:54:43'),
(464, '  created job BE/DL3YNB/342', '2010-03-20 12:56:23'),
(465, '  created job   781 in file BE/DL3YNB/342', '2010-03-20 12:57:27'),
(466, '  created job BH/DL2YNB/433', '2010-03-20 12:59:47'),
(467, '  created job   855 in file BH/DL2YNB/433', '2010-03-20 13:01:03'),
(468, '  created job BV/DL2YNB/035', '2010-03-20 13:09:36'),
(469, '  created job   499 in file BV/DL2YNB/035', '2010-03-20 13:11:24'),
(470, '  created job BV/DG3YNB/035', '2010-03-20 13:12:03'),
(471, '  created job   743 in file BV/DG3YNB/035', '2010-03-20 13:12:43'),
(472, '  Updated File  BV/DG3YNB/035  to  BV/DG3YNB/035', '2010-03-20 13:13:52'),
(473, '  created job BV/DG3YNB/035', '2010-03-20 13:18:18'),
(474, '  created job   666 in file BV/DG3YNB/035', '2010-03-20 13:19:13'),
(475, '  created job BE/DL2YNB/352', '2010-03-20 13:22:49'),
(476, '  created job   343 in file BE/DL2YNB/352', '2010-03-20 13:29:59'),
(477, '  created job BE/DL2YNB/548', '2010-03-20 14:19:08'),
(478, '  created job   820 in file BE/DL2YNB/548', '2010-03-20 14:20:01'),
(479, '  created job CA/DL2YNB/633', '2010-03-20 14:27:02'),
(480, '  created job   1330 in file CA/DL2YNB/633', '2010-03-20 14:30:31'),
(481, '  created job CS/DL2YNB/551', '2010-03-20 14:33:56'),
(482, '  created job   831 in file CS/DL2YNB/551', '2010-03-20 14:35:01'),
(483, '  created job CL/DL2YNB/036', '2010-03-20 14:37:59'),
(484, '  created job   767 in file CL/DL2YNB/036', '2010-03-20 14:38:59'),
(485, '  created job CL/DL3YNB/036', '2010-03-20 14:39:54'),
(486, '  created job   868 in file CL/DL3YNB/036', '2010-03-20 14:40:52'),
(487, '  created job CP/DL2YNB/037', '2010-03-20 14:41:57'),
(488, '  created job   081 in file CP/DL2YNB/037', '2010-03-20 14:42:33'),
(489, '  created job CP/DL3YNB/037', '2010-03-20 14:43:08'),
(490, '  created job CS/DL2YNB/038', '2010-03-20 14:47:41'),
(491, '  created job   088 in file CS/DL2YNB/038', '2010-03-20 14:48:30'),
(492, '  created job CC/DL2YNB/040', '2010-03-20 14:50:21'),
(493, '  created job   936 in file CC/DL2YNB/040', '2010-03-20 14:51:00'),
(494, '  created job CL/DL2YNB/379', '2010-03-20 14:53:21'),
(495, '  created job   454 in file CL/DL2YNB/379', '2010-03-20 14:54:16'),
(496, '  created job CL/DL3YNB/379', '2010-03-20 14:54:44'),
(497, '  created job   466 in file CL/DL3YNB/379', '2010-03-20 14:55:26'),
(498, '  created job CL/DL4YNB/379', '2010-03-20 14:56:12'),
(499, '  created job   536 in file CL/DL4YNB/379', '2010-03-20 14:56:57'),
(500, '  created job CL/DL5YNB/379', '2010-03-20 14:57:28'),
(501, '  created job   621 in file CL/DL5YNB/379', '2010-03-20 14:58:14'),
(502, '  created job CL/DL6YNB/379', '2010-03-20 14:59:19'),
(503, '  created job   637 in file CL/DL6YNB/379', '2010-03-20 14:59:58'),
(504, '  created job CL/DL7YNB/379', '2010-03-20 15:00:40'),
(505, '  created job   617 in file CL/DL7YNB/379', '2010-03-20 15:01:36'),
(506, '  created job CP/DL2YNB/045', '2010-03-20 15:09:14'),
(507, '  created job   569 in file CP/DL2YNB/045', '2010-03-20 15:12:02'),
(508, '  created job CI/DL2YNB/380', '2010-03-20 15:13:37'),
(509, '  created job   442 in file CI/DL2YNB/380', '2010-03-20 15:15:34'),
(510, '  created job CI/DL3YNB/380', '2010-03-20 15:15:51'),
(511, '  created job   443 in file CI/DL3YNB/380', '2010-03-20 15:17:03'),
(512, '  created job CI/DL4YNB/380', '2010-03-20 15:38:47'),
(513, '  created job   463 in file CI/DL4YNB/380', '2010-03-20 15:39:35'),
(514, '  created job CI/DL5YNB/380', '2010-03-20 15:40:48'),
(515, '  created job   485 in file CI/DL5YNB/380', '2010-03-20 15:41:30'),
(516, '  created job CI/DL6YNB/380', '2010-03-20 15:42:07'),
(517, '  created job   605 in file CI/DL6YNB/380', '2010-03-20 15:42:53'),
(518, '  created job CI/DL7YNB/380', '2010-03-20 15:43:26'),
(519, '  created job   652 in file CI/DL7YNB/380', '2010-03-20 15:44:04'),
(520, '  created job CI/DL8YNB/380', '2010-03-20 15:44:38'),
(521, '  created job   628 in file CI/DL8YNB/380', '2010-03-20 15:45:37'),
(522, '  created job CI/DL2YNB/049', '2010-03-20 15:53:14'),
(523, '  created job   1001 in file CI/DL2YNB/049', '2010-03-20 15:56:42'),
(524, '  Updated File  CI/DL1YNB/049  to  CI/DL1YNB/049', '2010-03-20 15:56:49'),
(525, '  created job CI/DL3YNB/049', '2010-03-20 15:58:26'),
(526, '  created job   1197 in file CI/DL3YNB/049', '2010-03-20 15:59:03'),
(527, '  created job CI/DL4YNB/049', '2010-03-20 15:59:32'),
(528, '  created job   1489 in file CI/DL4YNB/049', '2010-03-20 16:00:36'),
(529, '  created job AB/DL3YNB/464', '2010-03-20 16:01:49'),
(530, '  created job   545 in file AB/DL3YNB/464', '2010-03-20 16:02:46'),
(531, '  created job CM/DL2YNB/364', '2010-03-20 16:05:17'),
(532, '  created job   545 in file CM/DL2YNB/364', '2010-03-20 16:05:57'),
(533, '  created job CM/DL3YNB/364', '2010-03-20 16:06:20'),
(534, '  created job   598 in file CM/DL3YNB/364', '2010-03-20 16:07:38'),
(535, '  Updated File  CO/DL1YNB/372  to  CO/DL1YNB/372', '2010-03-20 16:09:13'),
(536, '  Updated File  CO/DL1YNB/372  to  CO/DL1YNB/372', '2010-03-20 16:11:37'),
(537, '  Updated File  CO/DL1YNB/372  to  CO/DL1YNB/372', '2010-03-20 16:16:49'),
(538, '  created job CO/DL2YNB/372', '2010-03-20 16:18:45'),
(539, '  created job   584 in file CO/DL2YNB/372', '2010-03-20 16:19:36'),
(540, '  created job CO/DL3YNB/372', '2010-03-20 16:20:07'),
(541, '  created job   998 in file CO/DL3YNB/372', '2010-03-20 16:20:50'),
(542, '  created job CS/DL2YNB/286', '2010-03-20 16:22:27'),
(543, '  created job   327 in file CS/DL2YNB/286', '2010-03-20 16:24:00'),
(544, '  created job CS/DL3YNB/286', '2010-03-20 16:45:43'),
(545, '  created job   796 in file CS/DL3YNB/286', '2010-03-20 16:47:27'),
(546, '  created job CS/DL5YNB/286', '2010-03-20 16:48:52'),
(547, '  created job   1136 in file CS/DL5YNB/286', '2010-03-20 16:50:14'),
(548, '  created job CC/DL2YNB/495', '2010-03-20 16:51:27'),
(549, '  created job   749 in file CC/DL2YNB/495', '2010-03-20 16:52:11'),
(550, '  created job BV/DL2YNB/289', '2010-03-20 16:53:11'),
(551, '  created General File CC/DL1YNB/289', '2010-03-20 16:57:23'),
(552, '  Updated File  BV/DL1YNB/035  to  BV/DL1YNB/035', '2010-03-20 17:01:40'),
(553, '  Updated File  CC/DL1YNB/289  to  CC/DL1YNB/289', '2010-03-20 17:02:11'),
(554, '  Updated File  CC/DL1YNB/289  to  CC/DL1YNB/289', '2010-03-20 17:21:07'),
(555, '  created job CC/DL2YNB/289', '2010-03-20 17:24:28'),
(556, '  created job   898 in file CC/DL2YNB/289', '2010-03-20 17:25:16'),
(557, '  logged in ', '2010-03-21 08:44:51'),
(558, '  created job BP/DG14YNB/024', '2010-03-21 08:45:25'),
(559, '  created job BV/SCG4YNB/035', '2010-03-21 08:58:50'),
(560, '  created job BP/DG14YNB/024', '2010-03-21 09:00:46'),
(561, '  assigned job  CS/DL5YNB/286/1136  to  Elias  Gitonga', '2010-03-21 09:01:02'),
(562, '  Updated File  CC/DL1YNB/289  to  CC/DL1YNB/289', '2010-03-21 09:11:04'),
(563, '  assigned job  CC/DL1YNB/289/408  to  Elias  Gitonga', '2010-03-21 09:12:25'),
(564, '  assigned job  CC/DL1YNB/289/408  to  Elias  Gitonga', '2010-03-21 09:12:28'),
(565, '  assigned job  CC/DL1YNB/289/125  to  Elias  Gitonga', '2010-03-21 09:19:05'),
(566, '  assigned job  HP/DL1YNB/408/860  to  Elias  Gitonga', '2010-03-21 09:24:43'),
(567, '  assigned job  HP/DL1YNB/408/492  to  Elias  Gitonga', '2010-03-21 09:24:48'),
(568, '  assigned job  CC/DL2YNB/289/898  to  Elias  Gitonga', '2010-03-21 09:29:27'),
(569, '  Updated File  CC/DL1YNB/289  to  CC/DL1YNB/289', '2010-03-21 09:30:28'),
(570, '  assigned job  CM/DL3YNB/364/598  to  Elias  Gitonga', '2010-03-21 10:04:36'),
(571, '  assigned job  AH/DL3YNB/670/1511  to  Elias  Gitonga', '2010-03-21 10:16:01'),
(572, '  Updated File  AH/DL1YNB/007  to  AH/DL1YNB/007', '2010-03-21 10:35:59'),
(573, '  Updated File  AH/DL1YNB/007  to  AH/DL1YNB/007', '2010-03-21 10:59:25'),
(574, '  assigned job  CC/DL2YNB/289/898  to  Elias  Gitonga', '2010-03-21 11:00:05'),
(575, '  Updated File  AH/DL1YNB/007  to  AH/DL1YNB/007', '2010-03-21 11:03:56'),
(576, '  Updated File  AH/DL1YNB/007  to  AH/DL1YNB/007', '2010-03-21 11:07:40'),
(577, '  assigned job    to  Elias  Gitonga', '2010-03-21 11:09:30'),
(578, '  Updated File  AB/DP1YNB/464  to  AB/DP1YNB/464', '2010-03-21 11:15:28'),
(579, '  logged in ', '2010-03-21 11:20:06'),
(580, '  Updated File  AH/DL1YNB/007  to  AH/DL1YNB/007', '2010-03-21 11:20:21'),
(581, '  logged in ', '2010-03-21 13:29:10'),
(582, '  Updated File    to  AB/SCG1YNB/464', '2010-03-21 13:29:41'),
(583, '  logged in ', '2010-03-21 15:02:10'),
(584, '  Updated File    to  AD/DG1YNB/307', '2010-03-21 15:13:59'),
(585, '  assigned job    to  Elias  Gitonga', '2010-03-21 15:14:17'),
(586, '  updated working times for job ref  /', '2010-03-21 15:16:07'),
(587, '  updated working times for job ref  /', '2010-03-21 15:16:17'),
(588, '  logged out ', '2010-03-21 15:26:25'),
(589, '  logged in ', '2010-03-21 15:26:41'),
(590, '  logged out ', '2010-03-21 15:28:28'),
(591, '  logged in ', '2010-03-21 15:28:37'),
(592, '  logged in ', '2010-03-22 06:45:33'),
(593, '  Updated File    to  AF/DL1YNB/004', '2010-03-22 06:51:46'),
(594, '  Updated File    to  AF/DL1YNB/004', '2010-03-22 07:09:12'),
(595, '  logged in ', '2010-03-22 08:08:52'),
(596, '  created job AF/DG3YNB/004', '2010-03-22 08:09:46'),
(597, '  logged in ', '2010-03-22 14:31:50'),
(598, '  logged in ', '2010-03-22 15:30:32'),
(599, '  Updated File    to  CI/DL1YNB/042', '2010-03-22 15:31:26'),
(600, '  logged in ', '2010-03-22 15:43:24'),
(601, '  worked on job  ref AD/DL1YNB/307/66', '2010-03-22 18:01:04'),
(602, '  Updated File  BL/DG1XNB/021  to  AS/DG1XNB/014', '2010-03-22 18:33:43'),
(603, '  Updated File  BI/DL1YNB/030  to  BP/DL1YNB/024', '2010-03-22 18:34:21'),
(604, '  Updated File    to  UC/DL1YNB/209', '2010-03-22 18:35:11'),
(605, '  Updated File  WS/DL1YNB/219  to  VS/DL1YNB/211', '2010-03-22 18:36:24'),
(606, '  Updated File    to  SS/DG1YNB/521', '2010-03-22 18:37:21'),
(607, '  Updated File    to  PL/DL1YNB/154', '2010-03-22 18:38:10'),
(608, '  logged out ', '2010-03-22 18:38:39'),
(609, '  logged in ', '2010-03-23 04:55:50'),
(610, '  Updated File    to  AF/DL1YNB/004', '2010-03-23 04:56:30'),
(611, '  Updated File    to  AK/DL1YNB/010', '2010-03-23 05:03:15'),
(612, '  assigned job  CI/DL4YNB/049/1489  to  Elias  Gitonga', '2010-03-23 05:04:32'),
(613, '  worked on job  ref CI/DL4YNB/049/1489', '2010-03-23 05:05:48'),
(614, '  assigned job  CC/DL2YNB/289/898  to  Elias  Gitonga', '2010-03-23 05:11:17'),
(615, '  worked on job  ref CC/DL2YNB/289/898', '2010-03-23 05:11:56'),
(616, '  assigned job  CO/DL3YNB/372/998  to  Elias  Gitonga', '2010-03-23 05:12:40'),
(617, '  worked on job  ref AD/DL1YNB/307/66', '2010-03-23 05:14:18'),
(618, '  assigned job  CS/DL2YNB/286/327  to  Elias  Gitonga', '2010-03-23 05:16:17'),
(619, '  worked on job  ref CO/DL3YNB/372/998', '2010-03-23 05:16:58'),
(620, '  updated working times for job ref  CO/DL3YNB/372/998', '2010-03-23 05:17:15'),
(621, '  updated working times for job ref  CO/DL3YNB/372/998', '2010-03-23 05:17:29'),
(622, '  worked on job  ref CO/DL3YNB/372/998', '2010-03-23 05:19:00'),
(623, '  updated working times for job ref  CO/DL3YNB/372/998', '2010-03-23 05:19:09'),
(624, '  updated working times for job ref  CO/DL3YNB/372/998', '2010-03-23 05:19:20'),
(625, '  logged out ', '2010-03-23 05:40:46'),
(626, '  logged in ', '2010-03-23 05:41:42'),
(627, '  logged out ', '2010-03-23 05:47:51'),
(628, '  logged in ', '2010-03-23 05:48:06'),
(629, '  logged in ', '2010-03-23 06:18:32'),
(630, '  logged out ', '2010-03-23 06:19:19'),
(631, '  logged in ', '2010-03-23 06:19:32'),
(632, '  logged out ', '2010-03-23 06:20:38'),
(633, '  logged in ', '2010-03-23 06:20:49'),
(634, '  logged out ', '2010-03-23 07:05:31'),
(635, '  logged in ', '2010-03-23 17:47:26'),
(636, '  logged in ', '2010-03-23 18:20:39'),
(637, '  created job CP/DG2YNB/482', '2010-03-23 18:22:38'),
(638, '  created job   658 in file CP/DG2YNB/482', '2010-03-23 18:23:36'),
(639, '  assigned job  CP/DG2YNB/482/658  to  Elias  Gitonga', '2010-03-23 18:24:04'),
(640, '  worked on job  ref CP/DG2YNB/482/658', '2010-03-23 18:24:58'),
(641, '  created job CC/DL2YNB/496', '2010-03-23 18:26:35'),
(642, '  created job   669 in file CC/DL2YNB/496', '2010-03-23 18:27:22'),
(643, '  created job CC/DL3YNB/496', '2010-03-23 18:28:31'),
(644, '  created job   876 in file CC/DL3YNB/496', '2010-03-23 18:34:36'),
(645, '  created job CC/DL4YNB/496', '2010-03-23 18:35:50'),
(646, '  created job   678 in file CC/DL4YNB/496', '2010-03-23 18:37:05'),
(647, '  created job CC/DL5YNB/496', '2010-03-23 18:38:09'),
(648, '  created job   679 in file CC/DL5YNB/496', '2010-03-23 18:38:49'),
(649, '  created job DL/DG2YNB/500', '2010-03-23 18:40:05'),
(650, '  created job   1245 in file DL/DG2YNB/500', '2010-03-23 18:40:50'),
(651, '  created job DL/DG3YNB/500', '2010-03-23 18:41:51'),
(652, '  created job   1309 in file DL/DG3YNB/500', '2010-03-23 18:42:35'),
(653, '  created job DL/DL4YNB/500', '2010-03-23 18:43:35'),
(654, '  created job   1357 in file DL/DL4YNB/500', '2010-03-23 18:44:17'),
(655, '  Updated File    to  DP/DL1YNB/579', '2010-03-23 18:52:03'),
(656, '  Updated File    to  DP/DL1YNB/579', '2010-03-23 19:02:33'),
(657, '  Updated File    to  DP/DL1YNB/579', '2010-03-23 19:05:49'),
(658, '  Updated File    to  DW/DG1YNB/536', '2010-03-23 19:38:49'),
(659, '  assigned job    to  Elias  Gitonga', '2010-03-23 19:39:47'),
(660, '  Updated File    to  DW/DG1YNB/536', '2010-03-23 19:42:03'),
(661, '  created job DW/DG2YNB/536', '2010-03-23 19:46:19'),
(662, '  created job   792 in file DW/DG2YNB/536', '2010-03-23 19:49:25'),
(663, '  created job DS/DG2YNB/614', '2010-03-23 19:50:55'),
(664, '  created job   1398 in file DS/DG2YNB/614', '2010-03-23 19:53:57'),
(665, '  Updated File  II/DL1YNB/080  to  DE/DL1YNB/055', '2010-03-23 19:54:40'),
(666, '  created General File DH/DL1YNB/473', '2010-03-23 19:58:00'),
(667, '  created job DH/DL2YNB/473', '2010-03-23 19:58:40'),
(668, '  created job   1138 in file DH/DL2YNB/473', '2010-03-23 19:59:17'),
(669, '  created job DF/DG2YNB/615', '2010-03-23 20:00:12'),
(670, '  created job   960 in file DF/DG2YNB/615', '2010-03-23 20:00:51'),
(671, '  created job DF/DL3YNB/615', '2010-03-23 20:01:48'),
(672, '  created job   1368 in file DF/DL3YNB/615', '2010-03-23 20:02:42'),
(673, '  created job DF/DL4YNB/615', '2010-03-23 20:03:18'),
(674, '  created job   1114 in file DF/DL4YNB/615', '2010-03-23 20:04:01'),
(675, '  created job DC/DL2YNB/523', '2010-03-23 20:09:35'),
(676, '  created job   435 in file DC/DL2YNB/523', '2010-03-23 20:10:24'),
(677, '  created job DC/DL3YNB/523', '2010-03-23 20:11:05'),
(678, '  created job   Please Select Client No in file DC/DL3YNB/523', '2010-03-23 20:11:24'),
(679, '  Updated File  DC/DL3YNB/523  to  DC/DL3YNB/523', '2010-03-23 20:12:32'),
(680, '  created job DC/DL4YNB/523', '2010-03-23 20:16:38'),
(681, '  created job   1361 in file DC/DL4YNB/523', '2010-03-23 20:17:26'),
(682, '  Updated File    to  DC/DG1YNB/559', '2010-03-23 20:26:13'),
(683, '  assigned job    to  Elias  Gitonga', '2010-03-23 20:28:56'),
(684, '  Updated File    to  DC/DL1YNB/559', '2010-03-23 20:29:41'),
(685, '  assigned job    to  Elias  Gitonga', '2010-03-23 20:30:24'),
(686, '  Updated File    to  DC/DL1YNB/559', '2010-03-23 20:31:26'),
(687, '  assigned job    to  Elias  Gitonga', '2010-03-23 20:32:17'),
(688, '  Updated File    to  DC/DL1YNB/559', '2010-03-23 20:32:59'),
(689, '  assigned job    to  Elias  Gitonga', '2010-03-23 20:34:20'),
(690, '  Updated File    to  DC/DL1YNB/559', '2010-03-23 20:37:34'),
(691, '  assigned job    to  Elias  Gitonga', '2010-03-23 20:38:20'),
(692, '  Updated File    to  DC/DL1YNB/559', '2010-03-23 20:38:43'),
(693, '  assigned job    to  Elias  Gitonga', '2010-03-23 20:39:46'),
(694, '  Updated File    to  DC/DL1YNB/559', '2010-03-23 20:40:06'),
(695, '  assigned job    to  Elias  Gitonga', '2010-03-23 20:40:38'),
(696, '  Updated File    to  DC/DL1YNB/559', '2010-03-23 20:40:59'),
(697, '  assigned job    to  Elias  Gitonga', '2010-03-23 20:41:38'),
(698, '  Updated File    to  DC/DL1YNB/559', '2010-03-23 20:42:07'),
(699, '  assigned job    to  Elias  Gitonga', '2010-03-23 20:42:35'),
(700, '  assigned job    to  Elias  Gitonga', '2010-03-23 20:43:42'),
(701, '  Updated File    to  DC/DL1YNB/559', '2010-03-23 20:44:00'),
(702, '  assigned job    to  Elias  Gitonga', '2010-03-23 20:44:52'),
(703, '  assigned job    to  Elias  Gitonga', '2010-03-23 20:45:55'),
(704, '  Updated File    to  DC/DL1YNB/559', '2010-03-23 20:46:22'),
(705, '  assigned job    to  Elias  Gitonga', '2010-03-23 20:46:45'),
(706, '  assigned job    to  Elias  Gitonga', '2010-03-23 20:46:48'),
(707, '  Updated File    to  DC/DL1YNB/559', '2010-03-23 20:47:10'),
(708, '  assigned job    to  Elias  Gitonga', '2010-03-23 20:47:40'),
(709, '  logged out ', '2010-03-23 20:48:57'),
(710, '  logged in ', '2010-03-24 06:37:38'),
(711, '  created job DC/DL2YNB/559', '2010-03-24 06:41:46'),
(712, '  created job   848 in file DC/DL2YNB/559', '2010-03-24 06:42:51'),
(713, '  created job DC/DL3YNB/559', '2010-03-24 06:43:24');
INSERT INTO `audittrail` (`id`, `action`, `tdate`) VALUES
(714, '  created job   962 in file DC/DL3YNB/559', '2010-03-24 06:44:09'),
(715, '  created job DC/DL4YNB/559', '2010-03-24 06:45:00'),
(716, '  created job   1243 in file DC/DL4YNB/559', '2010-03-24 06:45:35'),
(717, '  created job DC/DL5YNB/559', '2010-03-24 06:46:02'),
(718, '  created job   1247 in file DC/DL5YNB/559', '2010-03-24 06:46:38'),
(719, '  created job DC/DL6YNB/559', '2010-03-24 06:47:09'),
(720, '  created job   1312 in file DC/DL6YNB/559', '2010-03-24 06:47:56'),
(721, '  created job DC/DL7YNB/559', '2010-03-24 06:48:11'),
(722, '  created job   1383 in file DC/DL7YNB/559', '2010-03-24 06:48:46'),
(723, '  Updated File  BM/DP1YNB/027  to  EG/DP1YNB/293', '2010-03-24 06:52:36'),
(724, '  created General File EG/DL1YNB/293', '2010-03-24 06:59:04'),
(725, '  assigned job    to  Elias  Gitonga', '2010-03-24 07:00:10'),
(726, '  created job EG/DL2YNB/293', '2010-03-24 07:01:12'),
(727, '  created job   587 in file EG/DL2YNB/293', '2010-03-24 07:02:02'),
(728, '  created job EG/DL3YNB/293', '2010-03-24 07:02:51'),
(729, '  created job   1251 in file EG/DL3YNB/293', '2010-03-24 07:03:26'),
(730, '  created job EG/DL4YNB/293', '2010-03-24 07:04:04'),
(731, '  created job   620 in file EG/DL4YNB/293', '2010-03-24 07:04:42'),
(732, '  created job EO/DL2YNB/333', '2010-03-24 07:09:50'),
(733, '  created job   334 in file EO/DL2YNB/333', '2010-03-24 07:10:28'),
(734, '  created job EO/DL3YNB/333', '2010-03-24 07:11:10'),
(735, '  created job   609 in file EO/DL3YNB/333', '2010-03-24 07:11:46'),
(736, '  created job EO/DL4YNB/333', '2010-03-24 07:12:33'),
(737, '  created job   620 in file EO/DL4YNB/333', '2010-03-24 07:13:04'),
(738, '  created job EO/DL5YNB/333', '2010-03-24 07:14:58'),
(739, '  created job   380 in file EO/DL5YNB/333', '2010-03-24 07:15:38'),
(740, '  created job EO/DL6YNB/333', '2010-03-24 07:16:10'),
(741, '  created job   1055 in file EO/DL6YNB/333', '2010-03-24 07:16:42'),
(742, '  created job EO/DL7YNB/333', '2010-03-24 07:17:25'),
(743, '  created job   1064 in file EO/DL7YNB/333', '2010-03-24 07:18:02'),
(744, '  created job EO/DL8YNB/333', '2010-03-24 07:18:32'),
(745, '  created job   1099 in file EO/DL8YNB/333', '2010-03-24 07:19:15'),
(746, '  created job ET/DL2YNB/334', '2010-03-24 07:20:02'),
(747, '  created job   142 in file ET/DL2YNB/334', '2010-03-24 07:25:25'),
(748, '  Updated File    to  ET/DL1YNB/334', '2010-03-24 07:25:41'),
(749, '  created job ET/DL3YNB/334', '2010-03-24 07:26:23'),
(750, '  logged in ', '2010-03-24 07:26:47'),
(751, '  created job   948 in file ET/DL3YNB/334', '2010-03-24 07:28:01'),
(752, '  created job ET/DL4YNB/334', '2010-03-24 07:28:56'),
(753, '  created job   1448 in file ET/DL4YNB/334', '2010-03-24 07:30:06'),
(754, '  created job ET/DL5YNB/334', '2010-03-24 07:30:34'),
(755, '  created job   1494 in file ET/DL5YNB/334', '2010-03-24 07:31:17'),
(756, '  created job EG/DL4YNB/293', '2010-03-24 07:32:00'),
(757, '  created job   1291 in file EG/DL4YNB/293', '2010-03-24 07:32:28'),
(758, '  created job EB/DL2YNB/566', '2010-03-24 07:40:00'),
(759, '  created job   867 in file EB/DL2YNB/566', '2010-03-24 07:40:39'),
(760, '  created job EB/DL3YNB/566', '2010-03-24 07:40:52'),
(761, '  created job   975 in file EB/DL3YNB/566', '2010-03-24 07:41:42'),
(762, '  created job EB/DL4YNB/566', '2010-03-24 07:42:03'),
(763, '  created job   977 in file EB/DL4YNB/566', '2010-03-24 07:42:41'),
(764, '  created job EB/DL5YNB/566', '2010-03-24 07:43:07'),
(765, '  created job   1435 in file EB/DL5YNB/566', '2010-03-24 07:43:44'),
(766, '  created job EB/DL6YNB/566', '2010-03-24 07:44:17'),
(767, '  created job   982 in file EB/DL6YNB/566', '2010-03-24 07:44:56'),
(768, '  created job EB/DL7YNB/566', '2010-03-24 07:45:26'),
(769, '  created job   1053 in file EB/DL7YNB/566', '2010-03-24 07:45:57'),
(770, '  created job EB/DL8YNB/566', '2010-03-24 07:46:30'),
(771, '  created job   1118 in file EB/DL8YNB/566', '2010-03-24 07:47:08'),
(772, '  created job EB/DL9YNB/566', '2010-03-24 07:47:32'),
(773, '  created job   1185 in file EB/DL9YNB/566', '2010-03-24 07:48:06'),
(774, '  Updated File    to  EG/DL1YNB/293', '2010-03-24 07:50:02'),
(775, '  created job EB/DL10YNB/566', '2010-03-24 07:50:56'),
(776, '  created job   1006 in file EB/DL10YNB/566', '2010-03-24 07:51:36'),
(777, '  logged in ', '2010-03-24 09:23:33'),
(778, '  logged in ', '2010-03-24 09:33:39'),
(779, '  created job EB/DL11YNB/566', '2010-03-24 10:04:48'),
(780, '  created job   1233 in file EB/DL11YNB/566', '2010-03-24 10:05:38'),
(781, '  created job EB/DL12YNB/566', '2010-03-24 10:06:32'),
(782, '  created job   1464 in file EB/DL12YNB/566', '2010-03-24 10:07:55'),
(783, '  created job EB/DL13YNB/566', '2010-03-24 10:08:28'),
(784, '  created job   1405 in file EB/DL13YNB/566', '2010-03-24 10:09:19'),
(785, '  created job EB/DL14YNB/566', '2010-03-24 10:10:04'),
(786, '  created job   1429 in file EB/DL14YNB/566', '2010-03-24 10:10:42'),
(787, '  created job EP/DL2YNB/541', '2010-03-24 10:12:32'),
(788, '  created job   1182 in file EP/DL2YNB/541', '2010-03-24 10:13:14'),
(789, '  created job EP/DL3YNB/541', '2010-03-24 10:13:51'),
(790, '  created job   135 in file EP/DL3YNB/541', '2010-03-24 10:14:39'),
(791, '  created job EP/DL4YNB/541', '2010-03-24 10:15:24'),
(792, '  created job   1432 in file EP/DL4YNB/541', '2010-03-24 10:16:10'),
(793, '  created job EP/DL5YNB/541', '2010-03-24 10:17:46'),
(794, '  created job   1459 in file EP/DL5YNB/541', '2010-03-24 10:18:32'),
(795, '  created job ES/DP2YNB/272', '2010-03-24 10:24:11'),
(796, '  Updated File  AD/DG1YNB/224  to  WS/DG1YNB/219', '2010-03-24 10:28:27'),
(797, '  Updated File  WS/DG1YNB/219  to  WS/DG1YNB/219', '2010-03-24 10:28:56'),
(798, '  logged in ', '2010-03-24 13:57:04'),
(799, '  logged in ', '2010-03-24 18:43:50'),
(800, '  logged in ', '2010-03-24 19:14:34'),
(801, '  Updated File    to  ES/DG1YNB/272', '2010-03-24 19:32:50'),
(802, '  created job ES/DP3YNB/272', '2010-03-24 19:37:37'),
(803, '  created job   018 in file ES/DP3YNB/272', '2010-03-24 19:41:25'),
(804, '  created job ES/DP4YNB/272', '2010-03-24 19:42:02'),
(805, '  logged in ', '2010-03-24 19:42:43'),
(806, '  created job   075 in file ES/DP4YNB/272', '2010-03-24 19:43:44'),
(807, '  created job ES/DP5YNB/272', '2010-03-24 19:44:24'),
(808, '  created job   096 in file ES/DP5YNB/272', '2010-03-24 19:45:07'),
(809, '  created job ES/DP6YNB/272', '2010-03-24 19:46:17'),
(810, '  created job   059 in file ES/DP6YNB/272', '2010-03-24 19:47:00'),
(811, '  created job ES/DP7YNB/272', '2010-03-24 19:47:46'),
(812, '  created job   026 in file ES/DP7YNB/272', '2010-03-24 19:48:41'),
(813, '  created job ES/DP8YNB/272', '2010-03-24 19:50:05'),
(814, '  created job   189 in file ES/DP8YNB/272', '2010-03-24 19:50:40'),
(815, '  created job ES/DP9YNB/272', '2010-03-24 19:51:42'),
(816, '  created job   302 in file ES/DP9YNB/272', '2010-03-24 19:52:31'),
(817, '  created job ES/DP10YNB/272', '2010-03-24 19:52:48'),
(818, '  created job   120 in file ES/DP10YNB/272', '2010-03-24 19:53:46'),
(819, '  created job ES/DP11YNB/272', '2010-03-24 19:54:24'),
(820, '  created job   1336 in file ES/DP11YNB/272', '2010-03-24 19:55:16'),
(821, '  created job FS/DL2YNB/648', '2010-03-24 19:56:24'),
(822, '  created job   1087 in file FS/DL2YNB/648', '2010-03-24 19:57:08'),
(823, '  created job FS/DL3YNB/648', '2010-03-24 19:57:46'),
(824, '  created job   1161 in file FS/DL3YNB/648', '2010-03-24 19:58:31'),
(825, '  created job TE/DL2YNB/588', '2010-03-24 20:03:42'),
(826, '  created job   1073 in file TE/DL2YNB/588', '2010-03-24 20:04:22'),
(827, '  created job FB/DL2YNB/343', '2010-03-24 20:19:38'),
(828, '  created job   291 in file FB/DL2YNB/343', '2010-03-24 20:20:32'),
(829, '  created job FB/DL3YNB/343', '2010-03-24 20:20:49'),
(830, '  created job   324 in file FB/DL3YNB/343', '2010-03-24 20:21:36'),
(831, '  created job FB/DL4YNB/343', '2010-03-24 20:22:13'),
(832, '  created job   323 in file FB/DL4YNB/343', '2010-03-24 20:22:50'),
(833, '  created job FB/DL5YNB/343', '2010-03-24 20:23:33'),
(834, '  created job   309 in file FB/DL5YNB/343', '2010-03-24 20:24:15'),
(835, '  created job FB/DL6YNB/343', '2010-03-24 20:24:57'),
(836, '  created job   352 in file FB/DL6YNB/343', '2010-03-24 20:25:36'),
(837, '  created job FB/DL7YNB/343', '2010-03-24 20:26:37'),
(838, '  created job   308 in file FB/DL7YNB/343', '2010-03-24 20:27:20'),
(839, '  created job FB/DL8YNB/343', '2010-03-24 20:28:10'),
(840, '  created job   361 in file FB/DL8YNB/343', '2010-03-24 20:29:25'),
(841, '  created job FB/DL9YNB/343', '2010-03-24 20:41:50'),
(842, '  created job   381 in file FB/DL9YNB/343', '2010-03-24 20:42:33'),
(843, '  created job FB/DL11YNB/343', '2010-03-24 20:43:42'),
(844, '  created job   351 in file FB/DL11YNB/343', '2010-03-24 20:44:43'),
(845, '  created job FB/DL12YNB/343', '2010-03-24 20:45:01'),
(846, '  created job   311 in file FB/DL12YNB/343', '2010-03-24 20:46:11'),
(847, '  created job FB/DL13YNB/343', '2010-03-24 20:46:53'),
(848, '  created job   937 in file FB/DL13YNB/343', '2010-03-24 20:47:52'),
(849, '  created job FB/DL14YNB/343', '2010-03-24 20:48:09'),
(850, '  created job   427 in file FB/DL14YNB/343', '2010-03-24 20:49:17'),
(851, '  created job FB/DL15YNB/343', '2010-03-24 20:49:50'),
(852, '  created job   811 in file FB/DL15YNB/343', '2010-03-24 20:50:32'),
(853, '  created job FB/DL16YNB/343', '2010-03-24 20:51:55'),
(854, '  created job   892 in file FB/DL16YNB/343', '2010-03-24 20:52:28'),
(855, '  created job FB/DL17YNB/343', '2010-03-24 20:53:21'),
(856, '  created job   1131 in file FB/DL18YNB/343', '2010-03-24 20:55:31'),
(857, '  created job FB/DL19YNB/343', '2010-03-24 20:56:17'),
(858, '  created job   1218 in file FB/DL19YNB/343', '2010-03-24 20:57:23'),
(859, '  logged in ', '2010-03-24 21:12:15'),
(860, '  created job GZ/DL2YNB/291', '2010-03-24 21:13:03'),
(861, '  created job   663 in file GZ/DL2YNB/291', '2010-03-24 21:14:56'),
(862, '  created job AP/DL3YNB/719', '2010-03-24 21:16:06'),
(863, '  created job   1252 in file AP/DL3YNB/719', '2010-03-24 21:16:59'),
(864, '  created job GE/DL2YNB/709', '2010-03-24 21:17:40'),
(865, '  created job   1470 in file GE/DL2YNB/709', '2010-03-24 21:18:24'),
(866, '  created job GA/DL2YNB/430', '2010-03-24 21:19:51'),
(867, '  created job   558 in file GA/DL2YNB/430', '2010-03-24 21:20:41'),
(868, '  created job DK/DL2YNB/231', '2010-03-24 21:21:47'),
(869, '  created job   556 in file DK/DL2YNB/231', '2010-03-24 21:22:22'),
(870, '  created job HG/DL2YNB/656', '2010-03-24 21:23:23'),
(871, '  created job   1170 in file HG/DL2YNB/656', '2010-03-24 21:24:02'),
(872, '  created job HS/DP2YNB/677', '2010-03-24 21:24:55'),
(873, '  created job   1153 in file HS/DP2YNB/677', '2010-03-24 21:25:32'),
(874, '  created job HP/DL2YNB/398', '2010-03-24 21:26:35'),
(875, '  created job   1081 in file HP/DL2YNB/398', '2010-03-24 21:27:19'),
(876, '  created job HP/DL3YNB/398', '2010-03-24 21:27:56'),
(877, '  created job   1212 in file HP/DL3YNB/398', '2010-03-24 21:28:57'),
(878, '  created job HP/DG2YNB/408', '2010-03-24 21:30:02'),
(879, '  logged in ', '2010-03-25 06:33:22'),
(880, '  created job HK/DL2YNB/298', '2010-03-25 06:34:22'),
(881, '  created job   326 in file HK/DL2YNB/298', '2010-03-25 06:35:19'),
(882, '  created General File HD/DP1YNB/695', '2010-03-25 06:37:47'),
(883, '  created job HD/DP2YNB/695', '2010-03-25 06:38:12'),
(884, '  created job   1199 in file HD/DP2YNB/695', '2010-03-25 06:38:48'),
(885, '  created job HL/DL2YNB/284', '2010-03-25 06:40:15'),
(886, '  created job   1313 in file HL/DL2YNB/284', '2010-03-25 06:41:07'),
(887, '  logged in ', '2010-03-25 07:44:41'),
(888, '  created job IM/DL2YNB/339', '2010-03-25 07:45:47'),
(889, '  Updated File    to  BP/DG1YNB/024', '2010-03-25 07:49:17'),
(890, '  created job   280 in file IM/DL2YNB/339', '2010-03-25 07:50:28'),
(891, '  created job IM/DL3YNB/339', '2010-03-25 07:51:38'),
(892, '  created job   400 in file IM/DL3YNB/339', '2010-03-25 07:52:30'),
(893, '  created job IM/DL4XNB/339', '2010-03-25 07:54:40'),
(894, '  created job   950 in file IM/DL4XNB/339', '2010-03-25 07:55:27'),
(895, '  Updated File  IM/DL3YNB/339  to  IM/DL3XNB/339', '2010-03-25 07:56:05'),
(896, '  Updated File  IM/DL2YNB/339  to  IM/DL2XNB/339', '2010-03-25 07:56:15'),
(897, '  created job IM/DL5YNB/339', '2010-03-25 07:56:56'),
(898, '  created job   494 in file IM/DL5YNB/339', '2010-03-25 08:00:46'),
(899, '  created job IM/DL6YNB/339', '2010-03-25 08:03:08'),
(900, '  created job   506 in file IM/DL6YNB/339', '2010-03-25 08:03:43'),
(901, '  created job IM/DL7XNB/339', '2010-03-25 08:04:17'),
(902, '  created job   981 in file IM/DL7XNB/339', '2010-03-25 08:04:55'),
(903, '  created job IM/DL8XNB/339', '2010-03-25 08:05:23'),
(904, '  created job   578 in file IM/DL8XNB/339', '2010-03-25 08:05:59'),
(905, '  created job IM/DL9XNB/339', '2010-03-25 08:06:15'),
(906, '  created job   645 in file IM/DL9XNB/339', '2010-03-25 08:07:00'),
(907, '  created job IM/DL10XNB/339', '2010-03-25 08:07:35'),
(908, '  created job   667 in file IM/DL10XNB/339', '2010-03-25 08:08:16'),
(909, '  created job IM/DL11XNB/339', '2010-03-25 08:08:46'),
(910, '  created job   864 in file IM/DL11XNB/339', '2010-03-25 08:09:53'),
(911, '  created job IM/DL12XNB/339', '2010-03-25 08:10:30'),
(912, '  Updated File    to  IE/DL1YNB/083', '2010-03-25 08:13:42'),
(913, '  created job   881 in file IM/DL12XNB/339', '2010-03-25 08:15:38'),
(914, '  created job IM/DL13XNB/339', '2010-03-25 08:16:57'),
(915, '  created job   419 in file IM/DL13XNB/339', '2010-03-25 08:19:16'),
(916, '  created job IM/DL15XNB/339', '2010-03-25 08:36:17'),
(917, '  created job   958 in file IM/DL15XNB/339', '2010-03-25 08:37:09'),
(918, '  created job IM/DL16XNB/339', '2010-03-25 08:39:15'),
(919, '  created job   927 in file IM/DL16XNB/339', '2010-03-25 08:40:42'),
(920, '  logged out ', '2010-03-25 11:14:26'),
(921, '  created job IM/DL17XNB/339', '2010-03-25 11:30:59'),
(922, '  logged in ', '2010-03-25 11:34:39'),
(923, '  created job   1019 in file IM/DL17XNB/339', '2010-03-25 11:36:32'),
(924, '  created job IM/DL18XNB/339', '2010-03-25 11:37:14'),
(925, '  created job   1089 in file IM/DL18XNB/339', '2010-03-25 11:39:00'),
(926, '  created job IM/DL20XNB/339', '2010-03-25 11:41:16'),
(927, '  created job   1088 in file IM/DL20XNB/339', '2010-03-25 11:41:58'),
(928, '  created job IM/DL21XNB/339', '2010-03-25 11:42:55'),
(929, '  created job   1111 in file IM/DL21XNB/339', '2010-03-25 11:57:19'),
(930, '  created job IM/DL22YNB/339', '2010-03-25 12:00:00'),
(931, '  created job   1133 in file IM/DL22YNB/339', '2010-03-25 12:01:27'),
(932, '  created job IM/DL23XNB/339', '2010-03-25 12:28:09'),
(933, '  created job   1146 in file IM/DL23XNB/339', '2010-03-25 12:55:01'),
(934, '  created job IM/DL24YNB/339', '2010-03-25 12:56:10'),
(935, '  created job   1173 in file IM/DL24YNB/339', '2010-03-25 12:56:54'),
(936, '  created job IM/DL25XNB/339', '2010-03-25 12:57:23'),
(937, '  created job   1187 in file IM/DL25XNB/339', '2010-03-25 12:58:10'),
(938, '  created job IM/DL26XNB/339', '2010-03-25 12:58:27'),
(939, '  created job   1198 in file IM/DL26XNB/339', '2010-03-25 13:00:06'),
(940, '  created job IM/DL27XNB/339', '2010-03-25 13:00:34'),
(941, '  created job   1024 in file IM/DL27XNB/339', '2010-03-25 13:01:18'),
(942, '  created job IM/DL28XNB/339', '2010-03-25 13:01:57'),
(943, '  created job   1225 in file IM/DL28XNB/339', '2010-03-25 13:04:32'),
(944, '  created job IM/DG29XNB/339', '2010-03-25 13:08:36'),
(945, '  created job   1226 in file IM/DG29XNB/339', '2010-03-25 13:09:50'),
(946, '  created job IM/DL30XNB/339', '2010-03-25 13:51:27'),
(947, '  created job   1227 in file IM/DL30XNB/339', '2010-03-25 13:52:29'),
(948, '  created job IM/DL31XNB/339', '2010-03-25 13:53:11'),
(949, '  created job   1246 in file IM/DL31XNB/339', '2010-03-25 13:53:46'),
(950, '  created job IM/DL32XNB/339', '2010-03-25 13:54:20'),
(951, '  created job   1258 in file IM/DL32XNB/339', '2010-03-25 13:54:59'),
(952, '  created job IM/DL33XNB/339', '2010-03-25 13:57:00'),
(953, '  created job   1290 in file IM/DL34XNB/339', '2010-03-25 14:01:29'),
(954, '  created job IM/DL35XNB/339', '2010-03-25 14:02:53'),
(955, '  created job   1360 in file IM/DL35XNB/339', '2010-03-25 14:03:28'),
(956, '  created job IM/DL36XNB/339', '2010-03-25 14:03:44'),
(957, '  created job   1378 in file IM/DL36XNB/339', '2010-03-25 14:04:37'),
(958, '  created job IM/DL37XNB/339', '2010-03-25 14:05:11'),
(959, '  created job   1403 in file IM/DL37XNB/339', '2010-03-25 14:07:48'),
(960, '  created job IM/DL39XNB/339', '2010-03-25 14:08:48'),
(961, '  created job   1409 in file IM/DL39XNB/339', '2010-03-25 14:09:46'),
(962, '  created job IM/DL40XNB/339', '2010-03-25 14:11:10'),
(963, '  created job   1420 in file IM/DL40XNB/339', '2010-03-25 14:11:47'),
(964, '  created job IM/DL41XNB/339', '2010-03-25 14:12:15'),
(965, '  created job   1421 in file IM/DL41XNB/339', '2010-03-25 14:13:03'),
(966, '  created job IM/DL42XNB/339', '2010-03-25 14:13:34'),
(967, '  created job   1446 in file IM/DL42XNB/339', '2010-03-25 14:14:33'),
(968, '  created job IM/DL43XNB/339', '2010-03-25 14:14:59'),
(969, '  logged in ', '2010-03-25 17:16:24'),
(970, '  Updated File    to  AF/DL1YNB/004', '2010-03-25 17:50:08'),
(971, '  logged in ', '2010-03-25 17:53:54'),
(972, '  assigned job  AF/DL1YNB/004/1181  to  Elias  Gitonga', '2010-03-25 18:00:10'),
(973, '  assigned job  AF/DL1YNB/004/1181  to  Elias  Gitonga', '2010-03-25 18:00:47'),
(974, '  assigned job  AF/DL1YNB/004/1181  to  Mutea  Henry Kathia', '2010-03-25 18:00:47'),
(975, '  assigned job  AF/DL1YNB/004/1181  to  Elias  Gitonga', '2010-03-25 18:00:50'),
(976, '  assigned job  AF/DL1YNB/004/1181  to  Mutea  Henry Kathia', '2010-03-25 18:00:50'),
(977, '  assigned job  AF/DL1YNB/004/782  to  Elias  Gitonga', '2010-03-25 18:07:39'),
(978, '  assigned job  AA/DL1YNB/018/1093  to  Elias  Gitonga', '2010-03-25 18:10:38'),
(979, '  assigned job  AA/DL1YNB/018/902  to  Elias  Gitonga', '2010-03-25 18:10:42'),
(980, '  assigned job  AA/DL1YNB/018/902  to  Elias  Gitonga', '2010-03-25 18:14:26'),
(981, '  assigned job  AA/DL1YNB/018/902  to  Elias  Gitonga', '2010-03-25 18:14:37'),
(982, '  Updated File    to  AH/DL1YNB/007', '2010-03-25 18:20:33'),
(983, '  assigned job  AH/DL1YNB/007/1413  to  Elias  Gitonga', '2010-03-25 18:27:59'),
(984, '  Updated File  AS/DG1XNB/014  to  AS/DG1XNB/014', '2010-03-25 18:43:39'),
(985, '  Updated File    to  AC/DL1YNB/009', '2010-03-25 18:44:22'),
(986, '  Updated File  AC/DL1YNB/009  to  /DL1Y/000', '2010-03-25 18:45:26'),
(987, '  Updated File    to  EG/DL1YNB/293', '2010-03-25 18:52:03'),
(988, '  Updated File    to  AH/DL1YNB/007', '2010-03-25 18:52:41'),
(989, '  Updated File    to  AC/DL1YNB/009', '2010-03-25 18:53:14'),
(990, '  Updated File  AS/DG1XNB/014  to  AS/DG1XNB/014', '2010-03-25 18:54:15'),
(991, '  Updated File    to  AA/DL1YNB/018', '2010-03-25 18:55:30'),
(992, '  assigned job  AS/DL1YNB/014/339  to  Elias  Gitonga', '2010-03-25 18:57:22'),
(993, '  Updated File    to  IE/DL1XNB/083', '2010-03-25 19:12:43'),
(994, '  created job IE/DL2XNB/083', '2010-03-25 19:20:20'),
(995, '  created job   288 in file IE/DL2XNB/083', '2010-03-25 19:21:15'),
(996, '  created job IE/DL3XNB/083', '2010-03-25 19:21:53'),
(997, '  created job   102 in file IE/DL3XNB/083', '2010-03-25 19:22:29'),
(998, '  created job IE/DL4XNB/083', '2010-03-25 19:23:03'),
(999, '  created job   046 in file IE/DL4XNB/083', '2010-03-25 19:31:40'),
(1000, '  created job IE/DL5XNB/083', '2010-03-25 19:32:40'),
(1001, '  created job   220 in file IE/DL5XNB/083', '2010-03-25 19:33:09'),
(1002, '  created job IE/DL6XNB/083', '2010-03-25 19:33:38'),
(1003, '  created job   002 in file IE/DL6XNB/083', '2010-03-25 19:34:08'),
(1004, '  created job IE/DL10XNB/083', '2010-03-25 19:36:46'),
(1005, '  created job   345 in file IE/DL10XNB/083', '2010-03-25 19:37:28'),
(1006, '  created job IE/DL11XNB/083', '2010-03-25 19:38:20'),
(1007, '  created job   255 in file IE/DL11XNB/083', '2010-03-25 19:39:21'),
(1008, '  created job IE/DL12XNB/083', '2010-03-25 19:39:35'),
(1009, '  created job   365 in file IE/DL12XNB/083', '2010-03-25 19:40:41'),
(1010, '  created job IE/DL13XNB/083', '2010-03-25 19:41:58'),
(1011, '  created job   372 in file IE/DL13XNB/083', '2010-03-25 19:42:37'),
(1012, '  created job IE/DL15XNB/083', '2010-03-25 19:44:21'),
(1013, '  created job   475 in file IE/DL15XNB/083', '2010-03-25 19:45:04'),
(1014, '  created job IE/DL16XNB/083', '2010-03-25 19:47:48'),
(1015, '  created job   495 in file IE/DL16XNB/083', '2010-03-25 19:48:35'),
(1016, '  created job IE/DL18XNB/083', '2010-03-25 19:51:18'),
(1017, '  created job   478 in file IE/DL18XNB/083', '2010-03-25 19:52:44'),
(1018, '  created job IE/DL19XNB/083', '2010-03-25 19:53:17'),
(1019, '  created job   592 in file IE/DL19XNB/083', '2010-03-25 19:53:59'),
(1020, '  created job IE/DL21XNB/083', '2010-03-25 19:56:11'),
(1021, '  created job   676 in file IE/DL21XNB/083', '2010-03-25 19:58:05'),
(1022, '  created job IE/DL23XNB/083', '2010-03-25 19:59:06'),
(1023, '  created job   687 in file IE/DL23XNB/083', '2010-03-25 20:00:07'),
(1024, '  created job IE/DL24XNB/083', '2010-03-25 20:00:47'),
(1025, '  created job   952 in file IE/DL24XNB/083', '2010-03-25 20:01:56'),
(1026, '  created job IE/DL25XNB/083', '2010-03-25 20:02:34'),
(1027, '  created job   1137 in file IE/DL25XNB/083', '2010-03-25 20:03:16'),
(1028, '  created job IE/DL26XNB/083', '2010-03-25 20:03:47'),
(1029, '  created job   1275 in file IE/DL26XNB/083', '2010-03-25 20:04:31'),
(1030, '  created job IE/DL27XNB/083', '2010-03-25 20:05:44'),
(1031, '  created job   1433 in file IE/DL27XNB/083', '2010-03-25 20:08:02'),
(1032, '  created job IE/DL29XNB/083', '2010-03-25 20:09:21'),
(1033, '  created job   1454 in file IE/DL29XNB/083', '2010-03-25 20:10:16'),
(1034, '  Updated File  TE/DL1YNB/199  to  SE/DL1YNB/801', '2010-03-25 20:13:18'),
(1035, '  created job II/DL2YNB/080', '2010-03-25 20:15:32'),
(1036, '  created job IB/DL2YNB/702', '2010-03-25 20:21:42'),
(1037, '  created job   1414 in file IB/DL2YNB/702', '2010-03-25 20:22:30'),
(1038, '  created job IB/DL3XNB/702', '2010-03-25 20:22:53'),
(1039, '  created job   1477 in file IB/DL3XNB/702', '2010-03-25 20:23:40'),
(1040, '  logged in ', '2010-03-26 06:25:49'),
(1041, '  created job IP/DL2YNB/323', '2010-03-26 06:28:48'),
(1042, '  created job   261 in file IP/DL2YNB/323', '2010-03-26 06:29:20'),
(1043, '  created job IP/DL2YNB/323', '2010-03-26 06:30:51'),
(1044, '  created job   986 in file IP/DL2YNB/323', '2010-03-26 06:31:51'),
(1045, '  created job IE/DL2YNB/087', '2010-03-26 06:32:44'),
(1046, '  created job   261 in file IE/DL2YNB/087', '2010-03-26 06:33:13'),
(1047, '  created job IV/DL2XNB/090', '2010-03-26 06:33:53'),
(1048, '  created job   332 in file IV/DL2XNB/090', '2010-03-26 06:34:23'),
(1049, '  created job EA/DG2YNB/240', '2010-03-26 06:35:11'),
(1050, '  created job   706 in file EA/DG2YNB/240', '2010-03-26 06:35:43'),
(1051, '  created job KH/DL2YNB/097', '2010-03-26 06:38:07'),
(1052, '  created job   599 in file KH/DL2YNB/097', '2010-03-26 06:38:41'),
(1053, '  created job KT/DL2YNB/683', '2010-03-26 06:39:49'),
(1054, '  created job   1175 in file KT/DL2YNB/683', '2010-03-26 06:40:28'),
(1055, '  created job KN/DL2YNB/745', '2010-03-26 06:42:14'),
(1056, '  created job   1355 in file KN/DL2YNB/745', '2010-03-26 06:43:06'),
(1057, '  created job KN/DL3YNB/745', '2010-03-26 06:43:48'),
(1058, '  created job   1364 in file KN/DL3YNB/745', '2010-03-26 06:44:43'),
(1059, '  created job KS/DL2YNB/100', '2010-03-26 06:45:41'),
(1060, '  created job   1422 in file KS/DL2YNB/100', '2010-03-26 06:46:21'),
(1061, '  created job KE/DL2YNB/101', '2010-03-26 06:48:07'),
(1062, '  created job   023 in file KE/DL2YNB/101', '2010-03-26 06:50:27'),
(1063, '  created job KE/DL4YNB/101', '2010-03-26 06:51:25'),
(1064, '  created job   150 in file KE/DL4YNB/101', '2010-03-26 06:51:52'),
(1065, '  created job KE/DL5YNB/101', '2010-03-26 06:52:25'),
(1066, '  created job   406 in file KE/DL5YNB/101', '2010-03-26 06:53:01'),
(1067, '  created job KT/DG2YNB/274', '2010-03-26 06:53:59'),
(1068, '  created job   039 in file KT/DG2YNB/274', '2010-03-26 06:54:26'),
(1069, '  created job KW/DL2YNB/595', '2010-03-26 06:55:06'),
(1070, '  created job   905 in file KW/DL2YNB/595', '2010-03-26 06:56:02'),
(1071, '  created job KW/DL2YNB/303', '2010-03-26 06:56:41'),
(1072, '  created job   755 in file KW/DL2YNB/303', '2010-03-26 06:57:21'),
(1073, '  created job /DL2Y/000', '2010-03-26 06:58:16'),
(1074, '  created job /DL2Y/000', '2010-03-26 06:58:55'),
(1075, '  Updated File    to  /DL1Y/000', '2010-03-26 07:03:41'),
(1076, '  created job KG/DL2YNB/107', '2010-03-26 07:06:48'),
(1077, '  created job   735 in file KG/DL2YNB/107', '2010-03-26 07:07:42'),
(1078, '  created job KG/DL3YNB/107', '2010-03-26 07:08:42'),
(1079, '  created job   951 in file KG/DL3YNB/107', '2010-03-26 07:09:12'),
(1080, '  Updated File    to  KM/DP1ZNB/108', '2010-03-26 07:11:14'),
(1081, '  Updated File    to  KM/DL1ZNB/108', '2010-03-26 07:13:26'),
(1082, '  Updated File    to  KM/DP1ZNB/108', '2010-03-26 07:16:29'),
(1083, '  created job KM/DP2ZNB/108', '2010-03-26 07:17:33'),
(1084, '  created job   795 in file KM/DP2ZNB/108', '2010-03-26 07:18:05'),
(1085, '  created job KM/DP3YNB/108', '2010-03-26 07:18:24'),
(1086, '  created job   1010 in file KM/DP3YNB/108', '2010-03-26 07:19:12'),
(1087, '  Updated File  KM/DP3YNB/108  to  KM/DP3ZNB/108', '2010-03-26 07:19:40'),
(1088, '  created job KM/DP4ZNB/108', '2010-03-26 07:20:09'),
(1089, '  created job   108 in file KM/DP4ZNB/108', '2010-03-26 07:20:43'),
(1090, '  created job KM/DP5ZNB/108', '2010-03-26 07:21:20'),
(1091, '  created job   794 in file KM/DP5ZNB/108', '2010-03-26 07:21:48'),
(1092, '  created job KW/DG3YNB/595', '2010-03-26 07:23:57'),
(1093, '  created job   889 in file KW/DG3YNB/595', '2010-03-26 07:24:49'),
(1094, '  created job LC/DL2YNB/657', '2010-03-26 07:26:19'),
(1095, '  created job   1102 in file LC/DL2YNB/657', '2010-03-26 07:26:57'),
(1096, '  created job LC/DL3YNB/657', '2010-03-26 07:27:27'),
(1097, '  created job   1278 in file LC/DL3YNB/657', '2010-03-26 07:31:31'),
(1098, '  created job LC/DL4YNB/657', '2010-03-26 07:32:09'),
(1099, '  created job   1430 in file LC/DL4YNB/657', '2010-03-26 07:32:46'),
(1100, '  created job LC/DL5YNB/657', '2010-03-26 07:33:12'),
(1101, '  created job   1300 in file LC/DL5YNB/657', '2010-03-26 07:33:45'),
(1102, '  created job TB/DL2YNB/420', '2010-03-26 07:35:08'),
(1103, '  created job   450 in file TB/DL2YNB/420', '2010-03-26 07:35:54'),
(1104, '  logged in ', '2010-03-26 17:14:12'),
(1105, '  logged in ', '2010-03-26 17:25:02'),
(1106, '  worked on job  ref DC/DL1YNB/559/1214', '2010-03-26 17:27:40'),
(1107, '  assigned job  TB/DL2YNB/420/450  to  Elias  Gitonga', '2010-03-26 17:30:53'),
(1108, '  worked on job  ref TB/DL2YNB/420/450', '2010-03-26 17:31:19'),
(1109, '  worked on job  ref TB/DL2YNB/420/450', '2010-03-26 17:31:53'),
(1110, '  assigned job  KG/DL3YNB/107/951  to  Elias  Gitonga', '2010-03-26 17:41:47'),
(1111, '  worked on job  ref KG/DL3YNB/107/951', '2010-03-26 17:42:06'),
(1112, '  Updated File  AK/DL1YNB/010  to  AK/DL1YNB/010', '2010-03-26 19:35:16'),
(1113, '  logged in ', '2010-03-27 09:04:45'),
(1114, '   added image  my document  for Client   Completion document document category', '2010-03-27 09:06:28'),
(1115, '  logged out ', '2010-03-27 10:26:56'),
(1116, '  logged in ', '2010-03-27 10:44:59'),
(1117, '  logged in ', '2010-03-29 14:15:30'),
(1118, '  logged in ', '2010-03-29 14:25:39'),
(1119, '  Updated File  AK/DL1YNB/010  to  AK/DL1YNB/010', '2010-03-29 14:46:25'),
(1120, '  logged out ', '2010-03-29 15:26:47'),
(1121, '  logged in ', '2010-03-29 15:32:19'),
(1122, '  logged out ', '2010-03-29 15:38:02'),
(1123, '  logged in ', '2010-03-29 15:38:22'),
(1124, '  logged out ', '2010-03-29 15:41:15'),
(1125, '  logged in ', '2010-03-29 15:41:30'),
(1126, '  logged out ', '2010-03-29 16:02:39'),
(1127, '  logged in ', '2010-03-29 16:05:16'),
(1128, '  logged in ', '2010-03-29 16:20:40'),
(1129, '  created client Faith Waigwa', '2010-03-29 16:29:16'),
(1130, '  created General File FW/DP1ZBU/065', '2010-03-29 16:29:56'),
(1131, '  assigned job    to  Mutea  Henry Kathia', '2010-03-29 16:34:27'),
(1132, '  logged in ', '2010-03-29 16:34:46'),
(1133, '  Updated File  FW/DP1ZBU/065  to  FW/DP1ZBU/065', '2010-03-29 16:36:18'),
(1134, '  assigned job    to  Elias  Gitonga', '2010-03-29 16:37:34'),
(1135, '  assigned job    to  Mutea  Henry Kathia', '2010-03-29 16:37:34'),
(1136, '  created job FW/DP2ZBU/065', '2010-03-29 16:38:34'),
(1137, '  created job   025 in file FW/DP2ZBU/065', '2010-03-29 16:40:22'),
(1138, '  assigned job  FW/DP2ZBU/065/25  to  Elias  Gitonga', '2010-03-29 16:40:52'),
(1139, '  assigned job  FW/DP2ZBU/065/25  to  Mutea  Henry Kathia', '2010-03-29 16:40:52'),
(1140, '  created General File OL/DL1ZKS/017', '2010-03-29 16:46:57'),
(1141, '  assigned job    to  Elias  Gitonga', '2010-03-29 16:48:57'),
(1142, '  assigned job    to  Mutea  Henry Kathia', '2010-03-29 16:48:57'),
(1143, '  created job OL/DG2YKS/017', '2010-03-29 16:53:12'),
(1144, '  created job   033 in file OL/DG2YKS/017', '2010-03-29 16:53:34'),
(1145, '  assigned job  OL/DG2YKS/017/33  to  Elias  Gitonga', '2010-03-29 16:53:49'),
(1146, '  assigned job  OL/DG2YKS/017/33  to  Mutea  Henry Kathia', '2010-03-29 16:53:49'),
(1147, '  worked on job  ref OL/DG2YKS/017/33', '2010-03-29 16:58:28'),
(1148, '  updated working times for job ref  OL/DG2YKS/017/33', '2010-03-29 16:59:53'),
(1149, '  worked on job  ref OL/DG2YKS/017/33', '2010-03-29 17:00:49'),
(1150, '  updated working times for job ref  OL/DG2YKS/017/33', '2010-03-29 17:01:07'),
(1151, '  worked on job  ref OL/DG2YKS/017/33', '2010-03-29 17:04:10'),
(1152, '  updated working times for job ref  OL/DG2YKS/017/33', '2010-03-29 17:04:29'),
(1153, '  logged in ', '2010-03-29 17:10:51'),
(1154, '  closed  ref OL/DG2YKS/017/33', '2010-03-29 17:55:22'),
(1155, '   added image  our completion documents  for Client   Completion document document category', '2010-03-29 18:03:28'),
(1156, '   added image  doc 2  for Client   Completion document document category', '2010-03-29 18:04:13'),
(1157, '   added image  corr 1  for Client   Correspondence with Adverse party 1 document category', '2010-03-29 18:04:47'),
(1158, '   added image  cvorre 2  for Client   Correspondence with Adverse party 1 document category', '2010-03-29 18:05:10'),
(1159, '   added image  word 1  for Client   Correspondence with Adverse party 1 document category', '2010-03-29 18:09:07'),
(1160, '  Updated document  corr 1  for Client   Correspondence with Adverse party 1 document category', '2010-03-29 18:10:40'),
(1161, '  logged out ', '2010-03-29 18:33:12'),
(1162, '  logged in ', '2010-03-29 18:33:35'),
(1163, '  created job AF/DG4YNB/004', '2010-03-29 18:49:16'),
(1164, '  logged in ', '2010-03-30 09:02:39'),
(1165, '  logged out ', '2010-03-30 09:04:07'),
(1166, '  logged in ', '2010-03-30 09:04:20'),
(1167, '  logged out ', '2010-03-30 09:04:41'),
(1168, '  logged in ', '2010-03-30 09:04:55'),
(1169, '  logged out ', '2010-03-30 09:05:48'),
(1170, '  logged in ', '2010-03-30 09:05:59'),
(1171, '  logged in ', '2010-03-30 17:15:41'),
(1172, '  Updated File  FW/DP1ZBU/065  to  FW/DP1ZBU/065', '2010-03-30 17:16:36'),
(1173, '  Updated File  OL/DL1ZKS/017  to  OL/DL1ZKS/017', '2010-03-30 17:18:48'),
(1174, '  Updated File  FW/DP1ZBU/065  to  FW/DP1ZBU/065', '2010-03-30 17:19:39'),
(1175, '  Updated File  OL/DG2YKS/017  to  OL/DG2YKS/017', '2010-03-30 17:20:32'),
(1176, '  logged in ', '2010-03-30 17:33:52'),
(1177, '  logged out ', '2010-03-30 17:35:39'),
(1178, '  logged in ', '2010-03-30 17:36:00'),
(1179, '  logged out ', '2010-03-30 21:26:42'),
(1180, '  logged in ', '2010-03-31 17:48:36'),
(1181, '  logged in ', '2010-04-08 06:59:57'),
(1182, '  logged in ', '2010-04-08 07:01:40'),
(1183, '  logged in ', '2010-04-09 18:31:06'),
(1184, '  assigned job  TB/DL2YNB/420/450  to  Elias  Gitonga', '2010-04-09 18:41:06'),
(1185, '  assigned job  LC/DL5YNB/657/1300  to  Elias  Gitonga', '2010-04-09 18:41:12'),
(1186, '  worked on job  ref LC/DL5YNB/657/1300', '2010-04-09 18:42:16'),
(1187, '  worked on job  ref TB/DL2YNB/420/450', '2010-04-09 18:43:33'),
(1188, '  Updated File  AH/DL1YNB/007  to  AH/DL1YNB/007', '2010-04-09 20:11:34'),
(1189, '  logged in ', '2010-04-10 11:09:08'),
(1190, '  logged in ', '2010-04-10 12:13:31'),
(1191, '  assigned job  KW/DG3YNB/595/889  to  Elias  Gitonga', '2010-04-10 12:16:33'),
(1192, '  assigned job  AF/DL1YNB/004/1181  to  Elias  Gitonga', '2010-04-10 12:17:10'),
(1193, '  assigned job  AF/DL1YNB/004/782  to  Elias  Gitonga', '2010-04-10 12:17:14'),
(1194, '  assigned job  KM/DP4ZNB/108/108  to  Elias  Gitonga', '2010-04-10 12:17:55'),
(1195, '  assigned job  AS/DL1YNB/014/339  to  Elias  Gitonga', '2010-04-10 12:18:53'),
(1196, '  Updated File  KM/DP1ZNB/108  to  KM/DP1ZNB/108', '2010-04-10 12:30:31'),
(1197, '  Updated File  HP/DL1YNB/398  to  HP/DL1YNB/398', '2010-04-10 12:30:54'),
(1198, '  logged out ', '2010-04-10 13:35:43'),
(1199, '  logged in ', '2010-04-10 13:35:54'),
(1200, '  worked on job  ref LC/DL5YNB/657/1300', '2010-04-10 14:09:36'),
(1201, '  logged out ', '2010-04-10 14:09:54'),
(1202, '  logged in ', '2010-04-10 14:10:04'),
(1203, '  assigned job  TB/DL2YNB/420/450  to  Elias  Gitonga', '2010-04-10 14:46:04'),
(1204, '  assigned job  TB/DL2YNB/420/450  to  Omaya  Carline', '2010-04-10 14:46:04'),
(1205, '   added image  doc1  for Client   Correspondence with Adverse party 2 document category', '2010-04-10 15:25:58'),
(1206, '  logged out ', '2010-04-12 08:06:34'),
(1207, '  logged in ', '2010-04-14 17:14:52'),
(1208, '  logged out ', '2010-04-14 17:45:17'),
(1209, '  logged in ', '2010-04-14 17:45:31'),
(1210, '  logged out ', '2010-04-14 17:46:09'),
(1211, '  logged in ', '2010-04-14 17:46:15'),
(1212, '  logged out ', '2010-04-14 18:26:44'),
(1213, '  logged in ', '2010-04-14 18:26:52'),
(1214, '  logged out ', '2010-04-14 18:35:43'),
(1215, '  logged in ', '2010-04-17 10:13:53'),
(1216, '  created job AF/SCG5YNB/004', '2010-04-17 10:26:18'),
(1217, '  logged out ', '2010-04-17 10:59:19'),
(1218, '  logged in ', '2010-04-17 10:59:31'),
(1219, '  logged out ', '2010-04-17 10:59:52'),
(1220, '  logged in ', '2010-04-17 11:00:06'),
(1221, '  created job AF/SCG6ZNB/004', '2010-04-17 11:05:00'),
(1222, '  created job AF/SCG7YNB/004', '2010-04-17 11:23:09'),
(1223, '  created job AF/DG8YNB/004', '2010-04-17 11:44:46'),
(1224, '  created job AF/SCI8YNB/004', '2010-04-17 11:47:49'),
(1225, '  created job AF/SCI9YNB/004', '2010-04-17 11:55:09'),
(1226, '  created job AF/SCG10YNB/004/5', '2010-04-17 12:13:29'),
(1227, '  created job AF/DI11YNB/004/14', '2010-04-17 12:17:48'),
(1228, '  assigned job  AF/DI11YNB/004/14/  to  Elias  Gitonga', '2010-04-17 15:43:11'),
(1229, '  assigned job  AF/DI11YNB/004/14/  to  Elias  Gitonga', '2010-04-17 15:44:35'),
(1230, '  assigned job  AF/DI11YNB/004/14/  to  Mutea  Henry Kathia', '2010-04-17 15:44:35'),
(1231, '  logged out ', '2010-04-17 15:52:53'),
(1232, '  logged in ', '2010-04-17 15:53:05'),
(1233, '  logged out ', '2010-04-17 15:54:49'),
(1234, '  logged in ', '2010-04-17 15:55:02'),
(1235, '  logged out ', '2010-04-17 16:08:09'),
(1236, '  logged in ', '2010-04-17 16:08:22'),
(1237, '  logged out ', '2010-04-17 16:08:35'),
(1238, '  logged in ', '2010-04-17 16:08:45'),
(1239, '  logged out ', '2010-04-17 16:09:13'),
(1240, '  logged in ', '2010-04-17 16:09:23'),
(1241, '  created job AF/SCG12YNB/004/10', '2010-04-17 16:31:11'),
(1242, '  created job AF/HRL13YNB/004/8', '2010-04-17 16:38:02'),
(1243, '  assigned job  AF/SCG12YNB/004/10/  to  Elias  Gitonga', '2010-04-17 16:40:33'),
(1244, '  assigned job  AF/HRL13YNB/004/8/  to  Elias  Gitonga', '2010-04-17 16:40:45'),
(1245, '  logged out ', '2010-04-21 15:50:42'),
(1246, '  logged in ', '2010-04-21 15:50:52'),
(1247, '  logged in ', '2010-04-21 15:52:17'),
(1248, '  logged in ', '2010-04-21 16:02:14'),
(1249, '  logged in ', '2010-04-21 16:13:20'),
(1250, '  assigned job  AF/DI11YNB/004/14/  to  Elias  Gitonga', '2010-04-21 16:13:52'),
(1251, '  assigned job  AF/DI11YNB/004/14/  to  Mutea  Henry Kathia', '2010-04-21 16:13:52'),
(1252, '  created job AF/DL14YNB/004/12', '2010-04-21 16:14:49'),
(1253, '  assigned job  AF/DL14YNB/004/12/  to  Elias  Gitonga', '2010-04-21 16:16:20'),
(1254, '  logged out ', '2010-04-21 16:17:50'),
(1255, '  logged in ', '2010-04-21 16:17:58'),
(1256, '  logged in ', '2010-04-21 16:19:07'),
(1257, '  logged in ', '2010-04-21 16:22:34'),
(1258, '  logged in ', '2010-04-21 16:23:34'),
(1259, '  logged in ', '2010-04-21 16:25:19'),
(1260, '  logged in ', '2010-04-21 16:30:00'),
(1261, '  logged out ', '2010-04-21 16:33:05'),
(1262, '  logged in ', '2010-04-21 16:39:40'),
(1263, '  logged in ', '2010-04-21 18:07:16'),
(1264, '  logged in ', '2010-04-22 06:57:50'),
(1265, '  created job AC/DL3YNB/009/15', '2010-04-22 06:58:53'),
(1266, '  assigned job  AC/DL3YNB/009/15/  to  Elias  Gitonga', '2010-04-22 07:06:52'),
(1267, '  created job AF/DL15YNB/004/6', '2010-04-22 07:09:08'),
(1268, '  assigned job  AF/DL15YNB/004/6/  to  Elias  Gitonga', '2010-04-22 07:11:02'),
(1269, '  logged in ', '2010-04-22 08:26:05'),
(1270, '  logged in ', '2010-04-23 15:46:04'),
(1271, '  logged in ', '2010-04-23 18:18:49'),
(1272, '  assigned job  TB/DL2YNB/420/450  to  Elias  Gitonga', '2010-04-23 18:27:58'),
(1273, '  assigned job  TB/DL2YNB/420/450  to  Omaya  Carline', '2010-04-23 18:27:58'),
(1274, '  assigned job  TB/DL2YNB/420/450  to  Elias  Gitonga', '2010-04-23 18:28:31'),
(1275, '  assigned job  TB/DL2YNB/420/450  to  Omaya  Carline', '2010-04-23 18:28:31'),
(1276, '  logged out ', '2010-04-23 18:41:30'),
(1277, '  logged in ', '2010-04-23 18:41:41'),
(1278, '  logged out ', '2010-04-23 18:42:49'),
(1279, '  logged in ', '2010-04-23 18:42:57'),
(1280, '  assigned job  AF/DL1YNB/004/1181  to  Elias  Gitonga', '2010-04-23 18:48:29'),
(1281, '  assigned job  AF/DL1YNB/004/1181  to  Omaya  Carline', '2010-04-23 18:48:29'),
(1282, '  assigned job  AF/DL1YNB/004/1181  to  Elias  Gitonga', '2010-04-23 18:49:20'),
(1283, '  assigned job  AF/DL1YNB/004/1181  to  Omaya  Carline', '2010-04-23 18:49:20'),
(1284, '  Updated File  AF/DL1YNB/004  to  AF/DL1YNB/004', '2010-04-23 18:49:48'),
(1285, '  assigned job    to  Elias  Gitonga', '2010-04-23 18:53:57'),
(1286, '  assigned job    to  Omaya  Carline', '2010-04-23 18:53:57'),
(1287, '  Updated document  my document  for Client   Completion document document category', '2010-04-23 19:00:58'),
(1288, '   added image  Affidavit  for Client   Completion document document category', '2010-04-23 19:01:47'),
(1289, '  logged out ', '2010-04-23 19:38:37'),
(1290, '  logged in ', '2010-04-23 19:38:45'),
(1291, '  logged out ', '2010-04-23 19:38:58'),
(1292, '  logged in ', '2010-04-23 19:39:10'),
(1293, '  logged out ', '2010-04-23 19:40:21'),
(1294, '  logged in ', '2010-04-23 19:40:28'),
(1295, '  created job AK/SCI2YNB/010', '2010-04-23 19:42:57'),
(1296, '  logged in ', '2010-04-24 08:45:11'),
(1297, '  assigned job  AF/DI11YNB/004/14/  to  Elias  Gitonga', '2010-04-24 08:59:19'),
(1298, '  assigned job  AF/DI11YNB/004/14/  to  Mutea  Henry Kathia', '2010-04-24 08:59:19'),
(1299, '  Updated File  VN/DL1YNB/446  to  VN/DL1YNB/446', '2010-04-24 09:05:50'),
(1300, '  assigned job    to  Elias  Gitonga', '2010-04-24 09:06:31'),
(1301, '  Updated File  VN/DL1YNB/446  to  VN/DL1YNB/446', '2010-04-24 09:08:27'),
(1302, '  assigned job  VN/DL1YNB/446/11  to  Elias  Gitonga', '2010-04-24 09:09:17'),
(1303, '  assigned job  VN/DL1YNB/446/11  to  Elias  Gitonga', '2010-04-24 09:10:04'),
(1304, '  assigned job  VN/DL1YNB/446/11  to  Elias  Gitonga', '2010-04-24 09:10:50'),
(1305, '   added image  Our document 2010  for Client   Correspondence with Adverse party 1 document category', '2010-04-24 09:12:17'),
(1306, '  Updated document  Our document 2010  for Client   Correspondence with Adverse party 1 document category', '2010-04-24 09:13:13'),
(1307, '   added image  My poppus  for Client   Correspondence with Adverse party 1 document category', '2010-04-24 09:14:18'),
(1308, '  logged in ', '2010-04-24 09:18:07'),
(1309, '   added image  My Next level Docs  for Client   Completion document document category', '2010-04-24 09:19:24'),
(1310, '   added image  Decumentos  for Client   Correspondence with Adverse party 1 document category', '2010-04-24 09:20:43'),
(1311, '  logged in ', '2010-04-24 10:15:28'),
(1312, '  logged out ', '2010-04-24 10:25:03'),
(1313, '  logged in ', '2010-04-24 10:25:10'),
(1314, '  logged in ', '2010-04-24 10:40:10'),
(1315, '  logged in ', '2010-04-24 11:17:31'),
(1316, '  logged in ', '2010-04-24 11:18:52'),
(1317, '  logged out ', '2010-04-24 11:20:02'),
(1318, '  logged out ', '2010-04-24 11:23:39'),
(1319, '  logged in ', '2010-04-24 11:24:02'),
(1320, '  logged out ', '2010-04-24 11:39:49'),
(1321, '  logged in ', '2010-04-24 11:40:01'),
(1322, '  created job AK/DG3YNB/010/3', '2010-04-24 11:46:40'),
(1323, '  assigned job  AK/DG3YNB/010/3/  to  Elias  Gitonga', '2010-04-24 11:46:53'),
(1324, '  created job KM/DG6YNB/108/7', '2010-04-24 11:48:28'),
(1325, '  assigned job  KM/DG6YNB/108/7/  to  Elias  Gitonga', '2010-04-24 11:48:35'),
(1326, '  assigned job  AC/DL3YNB/009/15/  to  Elias  Gitonga', '2010-04-24 12:11:14'),
(1327, '  logged in ', '2010-04-24 13:54:56'),
(1328, '  logged in ', '2010-04-24 13:55:30'),
(1329, '  logged in ', '2010-04-24 14:24:36'),
(1330, '  logged out ', '2010-04-24 14:28:50'),
(1331, '  logged in ', '2010-04-24 14:29:20'),
(1332, '  logged out ', '2010-04-24 14:29:51'),
(1333, '  logged in ', '2010-04-24 14:30:21'),
(1334, '  assigned job  AF/DL1YNB/004/1181  to  Elias  Gitonga', '2010-04-24 14:31:14'),
(1335, '  assigned job  AF/DL1YNB/004/1181  to  Omaya  Carline', '2010-04-24 14:31:14'),
(1336, '  logged out ', '2010-04-24 14:31:52'),
(1337, '  logged in ', '2010-04-24 14:32:01'),
(1338, '  worked on job  ref AF/DL1YNB/004/1181', '2010-04-24 14:33:55'),
(1339, '  worked on job  ref AF/DL1YNB/004/1181', '2010-04-24 14:34:24'),
(1340, '   added image  Docsss  for Client   Completion document document category', '2010-04-24 14:39:18'),
(1341, '  created job AF/DL16YNB/004/16', '2010-04-24 14:45:03'),
(1342, '  created job BP/DL15XNB/024/27', '2010-04-24 14:47:34'),
(1343, '  assigned job  BP/DL15XNB/024/27/  to  Elias  Gitonga', '2010-04-24 14:49:16'),
(1344, '  created job AF/DG17YNB/004', '2010-04-24 14:50:52'),
(1345, '  created job   013 in file AF/DG17YNB/004', '2010-04-24 14:51:09'),
(1346, '  logged out ', '2010-04-24 15:57:39'),
(1347, '  logged out ', '2010-04-24 15:58:00'),
(1348, '  logged in ', '2010-04-24 18:09:54'),
(1349, '  logged in ', '2010-04-26 10:13:15'),
(1350, '  logged in ', '2010-04-26 12:25:27'),
(1351, '  created job AF/DL18YNB/004/21', '2010-04-26 12:27:53'),
(1352, '  assigned job  AF/DL18YNB/004/21/  to  Elias  Gitonga', '2010-04-26 12:29:00'),
(1353, '  logged in ', '2010-04-26 16:37:13'),
(1354, '  logged in ', '2010-04-26 18:17:09'),
(1355, '  logged out ', '2010-04-26 18:17:39'),
(1356, '  logged in ', '2010-04-26 18:17:48'),
(1357, '  created job   000 in file ', '2010-04-26 18:49:05'),
(1358, '  created job   000 in file ', '2010-04-26 18:58:40'),
(1359, '  created job   000 in file ', '2010-04-26 19:00:40'),
(1360, '  created job AF/DG19YNB/004/17', '2010-04-26 19:07:32'),
(1361, '  logged out ', '2010-04-26 19:41:57'),
(1362, '  logged in ', '2010-04-26 19:42:19'),
(1363, '  logged out ', '2010-04-26 19:43:21'),
(1364, '  logged in ', '2010-04-26 19:43:28'),
(1365, '  logged out ', '2010-04-26 19:49:34'),
(1366, '  logged in ', '2010-04-27 09:54:06'),
(1367, '  logged in ', '2010-04-27 16:00:30'),
(1368, '  Updated File  AF/DL1YNB/004  to  AF/DL1YNB/004', '2010-04-27 16:02:50'),
(1369, '  logged in ', '2010-04-29 07:40:29'),
(1370, '  created job   000 in file ', '2010-04-29 07:41:42'),
(1371, '  assigned job    to  Elias  Gitonga', '2010-04-29 07:42:00'),
(1372, '  assigned job    to  Omaya  Carline', '2010-04-29 07:42:00'),
(1373, '  assigned job    to  Elias  Gitonga', '2010-04-29 07:42:53'),
(1374, '  created job   000 in file ', '2010-04-29 07:58:01'),
(1375, '  assigned job    to  Elias  Gitonga', '2010-04-29 07:58:15'),
(1376, '  assigned job    to  Elias  Gitonga', '2010-04-29 08:07:59'),
(1377, '  assigned job    to  Omaya  Carline', '2010-04-29 08:07:59'),
(1378, '  assigned job    to  Elias  Gitonga', '2010-04-29 08:16:32'),
(1379, '  assigned job    to  Mutea  Henry Kathia', '2010-04-29 08:16:32'),
(1380, '  worked on job  ref BP/DL15XNB/024/27/Block A Apartment 3', '2010-04-29 09:27:20'),
(1381, '  worked on job  ref BP/DL15XNB/024/27/Block A Apartment 3', '2010-04-29 09:28:52'),
(1382, '  updated working times for job ref  BP/DL15XNB/024/27/', '2010-04-29 09:48:17'),
(1383, '  updated working times for job ref  BP/DL15XNB/024/27/Block A Apartment 3', '2010-04-29 09:50:48'),
(1384, '  updated working times for job ref  BP/DL15XNB/024/27/Block A Apartment 3', '2010-04-29 09:51:42'),
(1385, '  logged out ', '2010-04-29 09:52:25'),
(1386, '  logged in ', '2010-04-30 16:00:56'),
(1387, '  logged in ', '2010-05-01 12:46:56'),
(1388, '  logged out ', '2010-05-01 13:06:48'),
(1389, '  logged in ', '2010-05-01 13:07:00'),
(1390, '  logged out ', '2010-05-01 13:07:32'),
(1391, '  logged in ', '2010-05-01 13:07:44'),
(1392, '  logged out ', '2010-05-01 13:08:02'),
(1393, '  logged in ', '2010-05-01 13:08:11'),
(1394, '  logged out ', '2010-05-01 13:08:21'),
(1395, '  logged in ', '2010-05-01 13:08:33'),
(1396, '  logged out ', '2010-05-01 13:14:02'),
(1397, '  logged in ', '2010-05-01 13:14:10'),
(1398, '  logged in ', '2010-05-07 11:36:11'),
(1399, '  logged in ', '2010-05-15 12:20:25'),
(1400, '  created job   000 in file ', '2010-05-15 12:36:49'),
(1401, '  assigned job    to  Elias  Gitonga', '2010-05-15 12:37:03'),
(1402, '  worked on job  ref AF/DL18YNB/004/21/Block A Apartment 1', '2010-05-15 12:37:35'),
(1403, '  logged out ', '2010-05-15 12:56:18'),
(1404, '  logged in ', '2010-05-15 12:56:30'),
(1405, '  logged out ', '2010-05-15 13:07:01'),
(1406, '  logged in ', '2010-05-15 13:07:12'),
(1407, '  logged out ', '2010-05-15 15:43:45'),
(1408, '  logged in ', '2010-05-15 15:43:53'),
(1409, '  logged out ', '2010-05-15 15:44:11'),
(1410, '  logged in ', '2010-05-15 15:44:23'),
(1411, '  logged in ', '2010-05-24 06:38:08'),
(1412, '  logged out ', '2010-05-24 06:42:23'),
(1413, '  logged in ', '2010-05-24 06:42:30'),
(1414, '  logged out ', '2010-05-24 06:47:56'),
(1415, '  logged in ', '2010-05-24 07:52:30'),
(1416, '  logged out ', '2010-05-24 07:52:35'),
(1417, '  logged in ', '2010-05-24 07:52:40'),
(1418, '  logged out ', '2010-05-24 07:54:04'),
(1419, '  logged in ', '2010-05-24 10:38:00'),
(1420, '  created job   000 in file ', '2010-05-24 11:47:31'),
(1421, '  created job CP/DL3XNB/037/24', '2010-05-24 11:49:54'),
(1422, '  created job   000 in file ', '2010-05-24 11:52:01'),
(1423, '  assigned job    to  Elias  Gitonga', '2010-05-24 11:52:33'),
(1424, '  worked on job  ref CP/DL3XNB/037/24/Block A Apartment 1', '2010-05-24 11:56:34'),
(1425, '  updated working times for job ref  /Block A Apartment 1', '2010-05-24 12:27:03'),
(1426, '  worked on job  ref CP/DL3XNB/037/24/Block A Apartment 1', '2010-05-24 12:27:33'),
(1427, '  worked on job  ref CP/DL3XNB/037/24/Block A Apartment 1', '2010-05-24 14:46:28'),
(1428, '  worked on job  ref AF/DL1YNB/004/1181', '2010-05-24 14:56:35'),
(1429, '  logged in ', '2010-05-24 18:20:12'),
(1430, '  logged in ', '2010-05-25 16:29:27'),
(1431, '  worked on job  ref CP/DL3XNB/037/24/Block A Apartment 1', '2010-05-25 16:30:39'),
(1432, '  logged in ', '2010-05-26 07:35:27'),
(1433, '  created job   000 in file ', '2010-05-26 07:36:16'),
(1434, '  assigned job    to  Elias  Gitonga', '2010-05-26 07:36:27'),
(1435, '  assigned job    to  Elias  Gitonga', '2010-05-26 07:37:09'),
(1436, '  assigned job    to  Elias  Gitonga', '2010-05-26 07:43:07'),
(1437, '  assigned job    to  Elias  Gitonga', '2010-05-26 07:43:13'),
(1438, '  assigned job    to  Elias  Gitonga', '2010-05-26 07:44:26'),
(1439, '  created job   000 in file ', '2010-05-26 07:46:16'),
(1440, '  assigned job    to  Elias  Gitonga', '2010-05-26 07:46:37'),
(1441, '  created job   000 in file ', '2010-05-26 07:49:22'),
(1442, '  assigned job    to  Elias  Gitonga', '2010-05-26 07:49:33'),
(1443, '  logged out ', '2010-05-26 07:54:51'),
(1444, '  logged in ', '2010-05-27 18:10:37'),
(1445, '  created client Evelyn Gacheri', '2010-05-27 18:15:09'),
(1446, '  created General File EG/DL1YNB/011', '2010-05-27 18:15:27'),
(1447, '  assigned job    to  Elias  Gitonga', '2010-05-27 18:20:12'),
(1448, '  created job EG/DL2YNB/011', '2010-05-27 18:27:37'),
(1449, '  created job   019 in file EG/DL2YNB/011', '2010-05-27 18:28:15'),
(1450, '  assigned job  EG/DL2YNB/011/19  to  Elias  Gitonga', '2010-05-27 18:32:17'),
(1451, '  worked on job  ref EG/DL1YNB/011/22', '2010-05-27 18:33:07'),
(1452, '  updated working times for job ref  EG/DL1YNB/011/22', '2010-05-27 18:33:29'),
(1453, '  worked on job  ref EG/DL1YNB/011/22', '2010-05-27 18:34:18'),
(1454, '  Updated File  EG/DL1YNB/011  to  EG/DL1YNB/011', '2010-05-27 18:48:40'),
(1455, '  assigned job    to  Elias  Gitonga', '2010-05-27 18:49:21'),
(1456, '  worked on job  ref EG/DL1YNB/011/30', '2010-05-27 18:49:57'),
(1457, '  worked on job  ref EG/DL1YNB/011/30', '2010-05-27 19:08:02'),
(1458, '  worked on job  ref EG/DL1YNB/011/30', '2010-05-27 19:08:38'),
(1459, '  logged in ', '2010-05-28 17:24:15'),
(1460, '  created job EG/DL3YNB/011/25', '2010-05-28 17:26:49'),
(1461, '  created job   000 in file ', '2010-05-28 17:29:12'),
(1462, '  assigned job    to  Elias  Gitonga', '2010-05-28 17:37:02'),
(1463, '  worked on job  ref EG/DL3YNB/011/25/Block 1 Apartment 1', '2010-05-28 17:37:56'),
(1464, '  worked on job  ref EG/DL3YNB/011/25/Block 1 Apartment 1', '2010-05-28 17:38:26'),
(1465, '  created General File SL/DL1YME/012', '2010-05-28 18:24:22'),
(1466, '  assigned job    to  Elias  Gitonga', '2010-05-28 18:28:45'),
(1467, '  assigned job    to  Elias  Gitonga', '2010-05-28 18:29:18'),
(1468, '  assigned job    to  Elias  Gitonga', '2010-05-28 18:37:24'),
(1469, '  worked on job  ref SL/DL1YME/012/28', '2010-05-28 18:38:48'),
(1470, '  worked on job  ref SL/DL1YME/012/28', '2010-05-28 18:39:13'),
(1471, '  logged out ', '2010-05-28 18:59:54'),
(1472, '  logged in ', '2010-05-29 10:46:34'),
(1473, '  logged in ', '2010-05-29 11:22:46'),
(1474, '  created job   000 in file ', '2010-05-29 11:36:55'),
(1475, '  assigned job    to  Elias  Gitonga', '2010-05-29 11:37:19'),
(1476, '  created job   000 in file ', '2010-05-29 11:40:49'),
(1477, '  assigned job    to  Elias  Gitonga', '2010-05-29 11:45:17'),
(1478, '  created job   000 in file ', '2010-05-29 11:45:50'),
(1479, '  assigned job    to  Elias  Gitonga', '2010-05-29 11:46:04'),
(1480, '  worked on job  ref EG/DL3YNB/011/25/43', '2010-05-29 12:04:10');
INSERT INTO `audittrail` (`id`, `action`, `tdate`) VALUES
(1481, '  worked on job  ref EG/DL3YNB/011/25/42', '2010-05-29 12:34:21'),
(1482, '  worked on job  ref EG/DL3YNB/011/25/42', '2010-05-29 12:34:53'),
(1483, '  worked on job  ref EG/DL3YNB/011/25/42', '2010-05-29 12:36:33'),
(1484, '  worked on job  ref EG/DL3YNB/011/25/42', '2010-05-29 12:41:24'),
(1485, '  logged out ', '2010-05-29 13:33:58'),
(1486, '  logged in ', '2010-05-29 13:34:16'),
(1487, '  logged out ', '2010-05-29 13:34:40'),
(1488, '  logged in ', '2010-05-29 13:34:51'),
(1489, '  logged in ', '2010-06-07 16:50:24'),
(1490, '  worked on job  ref AF/DL1YNB/004/1181', '2010-06-07 16:54:03'),
(1491, '  worked on job  ref AF/DL1YNB/004/1181', '2010-06-07 16:54:36'),
(1492, '  created job AF/DL20XNB/004', '2010-06-07 17:00:07'),
(1493, '  created job   029 in file AF/DL20XNB/004', '2010-06-07 17:01:08'),
(1494, '  assigned job  AF/DL20XNB/004/29  to  Elias  Gitonga', '2010-06-07 17:02:03'),
(1495, '  assigned job  AF/DL20XNB/004/29  to  Mutea  Henry Kathia', '2010-06-07 17:02:03'),
(1496, '  assigned job  AF/DL20XNB/004/29  to  Omaya  Carline', '2010-06-07 17:02:03'),
(1497, '   added file  kenya law ', '2010-06-07 17:03:28'),
(1498, '   added image  Title deed  for Client   Title Documents document category', '2010-06-07 17:05:37'),
(1499, '   added image  Summon  for Client   Title Documents document category', '2010-06-07 17:06:43'),
(1500, '  logged in ', '2010-06-26 11:06:15'),
(1501, '  logged out ', '2010-06-26 11:11:16'),
(1502, '  logged in ', '2010-06-26 11:11:28'),
(1503, '  logged out ', '2010-06-26 11:23:45'),
(1504, '  logged in ', '2010-06-26 11:24:02'),
(1505, '  logged out ', '2010-06-26 11:26:22'),
(1506, '  logged in ', '2010-06-26 11:26:48'),
(1507, '  logged out ', '2010-06-26 11:27:09'),
(1508, '  logged in ', '2010-06-26 11:27:22'),
(1509, '  logged out ', '2010-06-26 11:27:43'),
(1510, '  logged in ', '2010-06-26 11:27:51'),
(1511, '   added image  test  for Client   Correspondence with Adverse party 1 document category', '2010-06-26 12:25:37'),
(1512, '   added image  tesr  for Client   Correspondence with Adverse party 1 document category', '2010-06-26 12:26:31'),
(1513, '   added image  test  for Client   Correspondence with Adverse party 2 document category', '2010-06-26 12:32:43'),
(1514, '   added image  frefr  for Client   Correspondence with Adverse party 1 document category', '2010-06-26 12:33:57'),
(1515, '   added image  new doc  for Client   Correspondence with Adverse party 1 document category', '2010-06-26 12:41:15'),
(1516, '  Updated document  new doc  for Client   Correspondence with Adverse party 1 document category', '2010-06-26 12:43:51'),
(1517, '  Updated document  frefr  for Client   Correspondence with Adverse party 1 document category', '2010-06-26 12:44:05'),
(1518, '  Updated document  frefr  for Client   Correspondence with Adverse party 1 document category', '2010-06-26 12:44:19'),
(1519, '  Updated document  First file  for Client   Correspondence with Adverse party 1 document category', '2010-06-26 12:44:39'),
(1520, '  logged out ', '2010-06-26 12:46:33'),
(1521, '  logged in ', '2010-06-26 12:46:45'),
(1522, '  logged out ', '2010-06-26 12:47:13'),
(1523, '  logged in ', '2010-06-26 12:47:26'),
(1524, '  assigned job    to  Elias  Gitonga', '2010-06-26 13:16:49'),
(1525, '  assigned job    to  Mutea  Henry Kathia', '2010-06-26 13:16:49'),
(1526, '  assigned job    to  Omaya  Carline', '2010-06-26 13:16:49'),
(1527, '  created job AF/DG21YNB/004', '2010-06-26 13:43:25'),
(1528, '  created job   1512 in file AF/DG21YNB/004', '2010-06-26 13:53:23'),
(1529, '  created job AF/DG22YNB/004/1513', '2010-06-26 13:58:57'),
(1530, '  Updated File  AF/DL1YNB/004  to  AF/DL1YNB/004', '2010-06-26 14:00:27'),
(1531, '  Updated File  AB/DL1YNB/707  to  AB/DL1YNB/707', '2010-06-26 14:01:09'),
(1532, '  assigned job    to  Elias  Gitonga', '2010-06-26 14:14:06'),
(1533, '  created job AF/DG23YNB/004', '2010-06-26 14:14:34'),
(1534, '  logged out ', '2010-06-26 14:29:05'),
(1535, '  logged in ', '2010-06-26 14:29:15'),
(1536, '  logged out ', '2010-06-26 14:29:37'),
(1537, '  logged in ', '2010-06-26 14:29:45'),
(1538, '  logged in ', '2010-06-30 08:49:54'),
(1539, '  logged in ', '2010-06-30 09:11:03'),
(1540, '  logged out ', '2010-06-30 12:33:33'),
(1541, '  logged out ', '2010-06-30 12:33:37'),
(1542, '  logged in ', '2010-07-01 13:01:27'),
(1543, '  created job AF/DG24YNB/004/1515', '2010-07-01 13:04:37'),
(1544, '   added image  fsd  for Client   Completion document document category', '2010-07-01 13:25:27'),
(1545, '   added image  456456  for Client   Completion document document category', '2010-07-01 13:26:43'),
(1546, '  logged in ', '2010-07-01 14:17:35'),
(1547, '  logged out ', '2010-07-01 14:24:25'),
(1548, '  logged in ', '2010-07-24 10:50:26'),
(1549, '  created client petero ni mimi', '2010-07-24 10:51:31'),
(1550, '  created client James Juma Boy', '2010-07-24 10:59:30'),
(1551, '  created General File JJ/DL1YEL/003', '2010-07-24 10:59:46'),
(1552, '  assigned job  EG/DL1YNB/011/22  to  Elias  Gitonga', '2010-07-24 11:41:35'),
(1553, '  assigned job  EG/DL1YNB/011/22  to  Mutea  Henry Kathia', '2010-07-24 11:41:36'),
(1554, '  assigned job  EG/DL1YNB/011/22  to  Elias  Gitonga', '2010-07-24 11:42:31'),
(1555, '  assigned job  EG/DL1YNB/011/22  to  Mutea  Henry Kathia', '2010-07-24 11:42:32'),
(1556, '  assigned job  AF/DG21YNB/004/1512  to  Elias  Gitonga', '2010-07-24 11:45:14'),
(1557, '  created job   000 in file ', '2010-07-24 11:47:05'),
(1558, '  assigned job    to  Elias  Gitonga', '2010-07-24 11:47:26'),
(1559, '  assigned job    to  Mutea  Henry Kathia', '2010-07-24 11:47:27'),
(1560, '  assigned job    to  Elias  Gitonga', '2010-07-24 11:47:38'),
(1561, '  assigned job    to  Mutea  Henry Kathia', '2010-07-24 11:47:39'),
(1562, '  assigned job    to  Omaya  Carline', '2010-07-24 11:47:40'),
(1563, '  assigned job  AF/DG21YNB/004/1512  to  Elias  Gitonga', '2010-07-24 11:48:34'),
(1564, '  assigned job  AF/DG21YNB/004/1512  to  Elias  Gitonga', '2010-07-24 11:49:47'),
(1565, '  assigned job  AF/DG21YNB/004/1512  to  Mutea  Henry Kathia', '2010-07-24 11:49:48'),
(1566, '  assigned job  AF/DG21YNB/004/1512  to  Elias  Gitonga', '2010-07-24 11:50:04'),
(1567, '  assigned job  AF/DG21YNB/004/1512  to  Mutea  Henry Kathia', '2010-07-24 11:50:05'),
(1568, '  assigned job  AF/DG21YNB/004/1512  to  Elias  Gitonga', '2010-07-24 11:51:34'),
(1569, '  assigned job  AF/DG21YNB/004/1512  to  Mutea  Henry Kathia', '2010-07-24 11:51:35'),
(1570, '  assigned job  AF/DG21YNB/004/1512  to  Elias  Gitonga', '2010-07-24 11:51:53'),
(1571, '  assigned job  AF/DG21YNB/004/1512  to  Mutea  Henry Kathia', '2010-07-24 11:51:54'),
(1572, '  assigned job  AF/DG21YNB/004/1512  to  Elias  Gitonga', '2010-07-24 11:52:13'),
(1573, '  assigned job  AF/DG21YNB/004/1512  to  Mutea  Henry Kathia', '2010-07-24 11:52:14'),
(1574, '  assigned job  AF/DL1YNB/004/1181  to  Elias  Gitonga', '2010-07-24 11:53:35'),
(1575, '  assigned job  AF/DL1YNB/004/1181  to  Mutea  Henry Kathia', '2010-07-24 11:53:36'),
(1576, '  assigned job  AF/DL1YNB/004/1181  to  Omaya  Carline', '2010-07-24 11:53:37'),
(1577, '  assigned job    to  Elias  Gitonga', '2010-07-24 11:53:56'),
(1578, '  assigned job    to  Mutea  Henry Kathia', '2010-07-24 11:53:57'),
(1579, '  assigned job    to  Omaya  Carline', '2010-07-24 11:53:58'),
(1580, '  logged out ', '2010-07-26 08:24:24'),
(1581, '  logged in ', '2010-08-02 07:18:30'),
(1582, '  logged out ', '2010-08-02 07:26:41'),
(1583, '  logged in ', '2010-08-02 07:26:50'),
(1584, '  logged in ', '2010-08-05 10:45:14'),
(1585, '  logged in ', '2010-08-25 09:10:43'),
(1586, '  logged out ', '2010-08-25 10:05:24'),
(1587, '  logged in ', '2010-08-25 10:05:33');

-- --------------------------------------------------------

--
-- Table structure for table `authprocess`
--

CREATE TABLE IF NOT EXISTS `authprocess` (
  `id` int(10) NOT NULL AUTO_INCREMENT,
  `requisition` int(10) DEFAULT NULL,
  `authoriser` int(10) DEFAULT NULL,
  `comment` text,
  `status` varchar(50) CHARACTER SET latin1 COLLATE latin1_general_ci DEFAULT NULL,
  `tdate` timestamp NOT NULL DEFAULT CURRENT_TIMESTAMP,
  PRIMARY KEY (`id`)
) ENGINE=MyISAM  DEFAULT CHARSET=latin1 AUTO_INCREMENT=43 ;

--
-- Dumping data for table `authprocess`
--


-- --------------------------------------------------------

--
-- Table structure for table `bank`
--

CREATE TABLE IF NOT EXISTS `bank` (
  `id` int(10) NOT NULL AUTO_INCREMENT,
  `name` varchar(50) COLLATE latin1_general_ci NOT NULL,
  `description` text COLLATE latin1_general_ci,
  `company` varchar(50) COLLATE latin1_general_ci NOT NULL,
  PRIMARY KEY (`id`)
) ENGINE=MyISAM  DEFAULT CHARSET=latin1 COLLATE=latin1_general_ci AUTO_INCREMENT=23 ;

--
-- Dumping data for table `bank`
--

INSERT INTO `bank` (`id`, `name`, `description`, `company`) VALUES
(12, 'Equity', ' ', '40983'),
(13, 'KCB', ' ', '40983'),
(14, 'FAMILY', ' ', '40983'),
(15, 'Housing Finance', ' ', '40983'),
(16, 'NIC', ' ', '40983'),
(17, 'Consolidated Bank', ' ', '40983'),
(18, 'Development Bank', ' ', '40983'),
(19, 'Standard Chartered', ' ', '40983'),
(20, 'Barclays Bank', ' ', '40983'),
(21, 'Co-op Bank', ' ', '40983'),
(22, 'National Bank', ' ', '40983');

-- --------------------------------------------------------

--
-- Table structure for table `bankbranch`
--

CREATE TABLE IF NOT EXISTS `bankbranch` (
  `id` int(10) NOT NULL AUTO_INCREMENT,
  `name` varchar(50) COLLATE latin1_general_ci NOT NULL,
  `description` text COLLATE latin1_general_ci,
  `bank` int(10) NOT NULL,
  `physicaladdress` varchar(70) COLLATE latin1_general_ci DEFAULT NULL,
  `postaladdress` varchar(50) COLLATE latin1_general_ci DEFAULT NULL,
  `telephone` varchar(50) COLLATE latin1_general_ci DEFAULT NULL,
  `cellphone` varchar(50) COLLATE latin1_general_ci DEFAULT NULL,
  `email` varchar(50) COLLATE latin1_general_ci DEFAULT NULL,
  `fax` varchar(50) COLLATE latin1_general_ci DEFAULT NULL,
  `contactperson` varchar(50) COLLATE latin1_general_ci DEFAULT NULL,
  `company` varchar(50) COLLATE latin1_general_ci NOT NULL,
  PRIMARY KEY (`id`)
) ENGINE=MyISAM  DEFAULT CHARSET=latin1 COLLATE=latin1_general_ci AUTO_INCREMENT=10 ;

--
-- Dumping data for table `bankbranch`
--


-- --------------------------------------------------------

--
-- Table structure for table `casenos`
--

CREATE TABLE IF NOT EXISTS `casenos` (
  `id` int(10) NOT NULL AUTO_INCREMENT,
  `name` int(10) NOT NULL,
  `status` char(10) CHARACTER SET latin1 COLLATE latin1_general_ci NOT NULL DEFAULT 'N',
  PRIMARY KEY (`id`)
) ENGINE=MyISAM  DEFAULT CHARSET=latin1 ROW_FORMAT=DYNAMIC AUTO_INCREMENT=1521 ;

--
-- Dumping data for table `casenos`
--

INSERT INTO `casenos` (`id`, `name`, `status`) VALUES
(1, 1, 'Y'),
(2, 2, 'Y'),
(3, 3, 'Y'),
(4, 4, 'N'),
(5, 5, 'Y'),
(6, 6, 'Y'),
(7, 7, 'Y'),
(8, 8, 'Y'),
(9, 9, 'Y'),
(10, 10, 'Y'),
(11, 11, 'Y'),
(12, 12, 'Y'),
(13, 13, 'Y'),
(14, 14, 'Y'),
(15, 15, 'Y'),
(16, 16, 'Y'),
(17, 17, 'Y'),
(18, 18, 'Y'),
(19, 19, 'Y'),
(20, 20, 'Y'),
(21, 21, 'Y'),
(22, 22, 'Y'),
(23, 23, 'Y'),
(24, 24, 'Y'),
(25, 25, 'Y'),
(26, 26, 'Y'),
(27, 27, 'Y'),
(28, 28, 'Y'),
(29, 29, 'Y'),
(30, 30, 'Y'),
(31, 31, 'N'),
(32, 32, 'N'),
(33, 33, 'N'),
(34, 34, 'N'),
(35, 35, 'N'),
(36, 36, 'N'),
(37, 37, 'Y'),
(38, 38, 'Y'),
(39, 39, 'Y'),
(40, 40, 'N'),
(41, 41, 'N'),
(42, 42, 'N'),
(43, 43, 'N'),
(44, 44, 'N'),
(45, 45, 'N'),
(46, 46, 'Y'),
(47, 47, 'N'),
(48, 48, 'N'),
(49, 49, 'N'),
(50, 50, 'Y'),
(51, 51, 'Y'),
(52, 52, 'N'),
(53, 53, 'N'),
(54, 54, 'Y'),
(55, 55, 'N'),
(56, 56, 'N'),
(57, 57, 'N'),
(58, 58, 'N'),
(59, 59, 'Y'),
(60, 60, 'N'),
(61, 61, 'Y'),
(62, 62, 'N'),
(63, 63, 'N'),
(64, 64, 'N'),
(65, 65, 'Y'),
(66, 66, 'Y'),
(67, 67, 'Y'),
(68, 68, 'Y'),
(69, 69, 'N'),
(70, 70, 'N'),
(71, 71, 'N'),
(72, 72, 'N'),
(73, 73, 'Y'),
(74, 74, 'Y'),
(75, 75, 'Y'),
(76, 76, 'N'),
(77, 77, 'N'),
(78, 78, 'N'),
(79, 79, 'N'),
(80, 80, 'N'),
(81, 81, 'Y'),
(82, 82, 'N'),
(83, 83, 'N'),
(84, 84, 'N'),
(85, 85, 'N'),
(86, 86, 'Y'),
(87, 87, 'N'),
(88, 88, 'Y'),
(89, 89, 'Y'),
(90, 90, 'N'),
(91, 91, 'N'),
(92, 92, 'Y'),
(93, 93, 'N'),
(94, 94, 'N'),
(95, 95, 'N'),
(96, 96, 'Y'),
(97, 97, 'N'),
(98, 98, 'N'),
(99, 99, 'N'),
(100, 100, 'N'),
(101, 101, 'N'),
(102, 102, 'Y'),
(103, 103, 'N'),
(104, 104, 'Y'),
(105, 105, 'N'),
(106, 106, 'N'),
(107, 107, 'N'),
(108, 108, 'Y'),
(109, 109, 'N'),
(110, 110, 'N'),
(111, 111, 'Y'),
(112, 112, 'N'),
(113, 113, 'N'),
(114, 114, 'N'),
(115, 115, 'Y'),
(116, 116, 'N'),
(117, 117, 'N'),
(118, 118, 'N'),
(119, 119, 'N'),
(120, 120, 'Y'),
(121, 121, 'N'),
(122, 122, 'N'),
(123, 123, 'N'),
(124, 124, 'N'),
(125, 125, 'Y'),
(126, 126, 'N'),
(127, 127, 'N'),
(128, 128, 'N'),
(129, 129, 'N'),
(130, 130, 'N'),
(131, 131, 'N'),
(132, 132, 'N'),
(133, 133, 'N'),
(134, 134, 'N'),
(135, 135, 'Y'),
(136, 136, 'N'),
(137, 137, 'N'),
(138, 138, 'N'),
(139, 139, 'N'),
(140, 140, 'Y'),
(141, 141, 'Y'),
(142, 142, 'Y'),
(143, 143, 'N'),
(144, 144, 'N'),
(145, 145, 'N'),
(146, 146, 'N'),
(147, 147, 'N'),
(148, 148, 'N'),
(149, 149, 'N'),
(150, 150, 'Y'),
(151, 151, 'N'),
(152, 152, 'N'),
(153, 153, 'N'),
(154, 154, 'Y'),
(155, 155, 'N'),
(156, 156, 'N'),
(157, 157, 'N'),
(158, 158, 'N'),
(159, 159, 'N'),
(160, 160, 'N'),
(161, 161, 'N'),
(162, 162, 'N'),
(163, 163, 'N'),
(164, 164, 'N'),
(165, 165, 'N'),
(166, 166, 'N'),
(167, 167, 'N'),
(168, 168, 'N'),
(169, 169, 'N'),
(170, 170, 'N'),
(171, 171, 'N'),
(172, 172, 'N'),
(173, 173, 'Y'),
(174, 174, 'N'),
(175, 175, 'N'),
(176, 176, 'N'),
(177, 177, 'N'),
(178, 178, 'N'),
(179, 179, 'N'),
(180, 180, 'N'),
(181, 181, 'N'),
(182, 182, 'N'),
(183, 183, 'N'),
(184, 184, 'Y'),
(185, 185, 'N'),
(186, 186, 'N'),
(187, 187, 'N'),
(188, 188, 'N'),
(189, 189, 'Y'),
(190, 190, 'N'),
(191, 191, 'Y'),
(192, 192, 'Y'),
(193, 193, 'N'),
(194, 194, 'N'),
(195, 195, 'N'),
(196, 196, 'N'),
(197, 197, 'Y'),
(198, 198, 'Y'),
(199, 199, 'N'),
(200, 200, 'N'),
(201, 201, 'N'),
(202, 202, 'N'),
(203, 203, 'N'),
(204, 204, 'N'),
(205, 205, 'Y'),
(206, 206, 'N'),
(207, 207, 'N'),
(208, 208, 'Y'),
(209, 209, 'N'),
(210, 210, 'Y'),
(211, 211, 'N'),
(212, 212, 'N'),
(213, 213, 'N'),
(214, 214, 'N'),
(215, 215, 'N'),
(216, 216, 'N'),
(217, 217, 'N'),
(218, 218, 'N'),
(219, 219, 'N'),
(220, 220, 'Y'),
(221, 221, 'N'),
(222, 222, 'N'),
(223, 223, 'N'),
(224, 224, 'N'),
(225, 225, 'Y'),
(226, 226, 'N'),
(227, 227, 'N'),
(228, 228, 'Y'),
(229, 229, 'N'),
(230, 230, 'Y'),
(231, 231, 'N'),
(232, 232, 'Y'),
(233, 233, 'N'),
(234, 234, 'N'),
(235, 235, 'N'),
(236, 236, 'N'),
(237, 237, 'N'),
(238, 238, 'Y'),
(239, 239, 'Y'),
(240, 240, 'Y'),
(241, 241, 'N'),
(242, 242, 'Y'),
(243, 243, 'Y'),
(244, 244, 'N'),
(245, 245, 'Y'),
(246, 246, 'Y'),
(247, 247, 'N'),
(248, 248, 'Y'),
(249, 249, 'Y'),
(250, 250, 'N'),
(251, 251, 'N'),
(252, 252, 'Y'),
(253, 253, 'Y'),
(254, 254, 'N'),
(255, 255, 'Y'),
(256, 256, 'N'),
(257, 257, 'N'),
(258, 258, 'N'),
(259, 259, 'Y'),
(260, 260, 'N'),
(261, 261, 'Y'),
(262, 262, 'N'),
(263, 263, 'N'),
(264, 264, 'N'),
(265, 265, 'N'),
(266, 266, 'N'),
(267, 267, 'N'),
(268, 268, 'Y'),
(269, 269, 'N'),
(270, 270, 'N'),
(271, 271, 'N'),
(272, 272, 'Y'),
(273, 273, 'N'),
(274, 274, 'N'),
(275, 275, 'N'),
(276, 276, 'Y'),
(277, 277, 'Y'),
(278, 278, 'N'),
(279, 279, 'N'),
(280, 280, 'Y'),
(281, 281, 'N'),
(282, 282, 'N'),
(283, 283, 'Y'),
(284, 284, 'N'),
(285, 285, 'N'),
(286, 286, 'N'),
(287, 287, 'N'),
(288, 288, 'Y'),
(289, 289, 'N'),
(290, 290, 'N'),
(291, 291, 'Y'),
(292, 292, 'Y'),
(293, 293, 'N'),
(294, 294, 'N'),
(295, 295, 'N'),
(296, 296, 'N'),
(297, 297, 'N'),
(298, 298, 'Y'),
(299, 299, 'N'),
(300, 300, 'N'),
(301, 301, 'N'),
(302, 302, 'Y'),
(303, 303, 'Y'),
(304, 304, 'N'),
(305, 305, 'N'),
(306, 306, 'N'),
(307, 307, 'Y'),
(308, 308, 'Y'),
(309, 309, 'Y'),
(310, 310, 'N'),
(311, 311, 'Y'),
(312, 312, 'Y'),
(313, 313, 'Y'),
(314, 314, 'Y'),
(315, 315, 'Y'),
(316, 316, 'Y'),
(317, 317, 'N'),
(318, 318, 'Y'),
(319, 319, 'Y'),
(320, 320, 'Y'),
(321, 321, 'N'),
(322, 322, 'Y'),
(323, 323, 'Y'),
(324, 324, 'Y'),
(325, 325, 'Y'),
(326, 326, 'Y'),
(327, 327, 'Y'),
(328, 328, 'Y'),
(329, 329, 'N'),
(330, 330, 'N'),
(331, 331, 'N'),
(332, 332, 'Y'),
(333, 333, 'Y'),
(334, 334, 'Y'),
(335, 335, 'Y'),
(336, 336, 'N'),
(337, 337, 'Y'),
(338, 338, 'N'),
(339, 339, 'Y'),
(340, 340, 'N'),
(341, 341, 'N'),
(342, 342, 'N'),
(343, 343, 'Y'),
(344, 344, 'N'),
(345, 345, 'Y'),
(346, 346, 'Y'),
(347, 347, 'Y'),
(348, 348, 'Y'),
(349, 349, 'Y'),
(350, 350, 'Y'),
(351, 351, 'Y'),
(352, 352, 'Y'),
(353, 353, 'N'),
(354, 354, 'Y'),
(355, 355, 'Y'),
(356, 356, 'Y'),
(357, 357, 'N'),
(358, 358, 'N'),
(359, 359, 'N'),
(360, 360, 'Y'),
(361, 361, 'Y'),
(362, 362, 'N'),
(363, 363, 'N'),
(364, 364, 'N'),
(365, 365, 'Y'),
(366, 366, 'N'),
(367, 367, 'N'),
(368, 368, 'Y'),
(369, 369, 'N'),
(370, 370, 'Y'),
(371, 371, 'Y'),
(372, 372, 'Y'),
(373, 373, 'Y'),
(374, 374, 'N'),
(375, 375, 'N'),
(376, 376, 'Y'),
(377, 377, 'N'),
(378, 378, 'Y'),
(379, 379, 'N'),
(380, 380, 'Y'),
(381, 381, 'Y'),
(382, 382, 'N'),
(383, 383, 'Y'),
(384, 384, 'Y'),
(385, 385, 'Y'),
(386, 386, 'Y'),
(387, 387, 'Y'),
(388, 388, 'Y'),
(389, 389, 'Y'),
(390, 390, 'N'),
(391, 391, 'Y'),
(392, 392, 'N'),
(393, 393, 'Y'),
(394, 394, 'N'),
(395, 395, 'Y'),
(396, 396, 'N'),
(397, 397, 'Y'),
(398, 398, 'Y'),
(399, 399, 'Y'),
(400, 400, 'Y'),
(401, 401, 'Y'),
(402, 402, 'N'),
(403, 403, 'N'),
(404, 404, 'N'),
(405, 405, 'N'),
(406, 406, 'Y'),
(407, 407, 'Y'),
(408, 408, 'Y'),
(409, 409, 'N'),
(410, 410, 'Y'),
(411, 411, 'N'),
(412, 412, 'N'),
(413, 413, 'N'),
(414, 414, 'N'),
(415, 415, 'N'),
(416, 416, 'N'),
(417, 417, 'N'),
(418, 418, 'N'),
(419, 419, 'Y'),
(420, 420, 'N'),
(421, 421, 'N'),
(422, 422, 'N'),
(423, 423, 'N'),
(424, 424, 'Y'),
(425, 425, 'Y'),
(426, 426, 'N'),
(427, 427, 'Y'),
(428, 428, 'Y'),
(429, 429, 'Y'),
(430, 430, 'N'),
(431, 431, 'N'),
(432, 432, 'Y'),
(433, 433, 'Y'),
(434, 434, 'N'),
(435, 435, 'Y'),
(436, 436, 'Y'),
(437, 437, 'N'),
(438, 438, 'N'),
(439, 439, 'N'),
(440, 440, 'Y'),
(441, 441, 'N'),
(442, 442, 'Y'),
(443, 443, 'Y'),
(444, 444, 'Y'),
(445, 445, 'N'),
(446, 446, 'N'),
(447, 447, 'Y'),
(448, 448, 'N'),
(449, 449, 'N'),
(450, 450, 'Y'),
(451, 451, 'Y'),
(452, 452, 'N'),
(453, 453, 'N'),
(454, 454, 'Y'),
(455, 455, 'N'),
(456, 456, 'N'),
(457, 457, 'N'),
(458, 458, 'N'),
(459, 459, 'Y'),
(460, 460, 'Y'),
(461, 461, 'N'),
(462, 462, 'N'),
(463, 463, 'Y'),
(464, 464, 'N'),
(465, 465, 'N'),
(466, 466, 'Y'),
(467, 467, 'N'),
(468, 468, 'Y'),
(469, 469, 'Y'),
(470, 470, 'N'),
(471, 471, 'N'),
(472, 472, 'N'),
(473, 473, 'N'),
(474, 474, 'N'),
(475, 475, 'Y'),
(476, 476, 'N'),
(477, 477, 'Y'),
(478, 478, 'Y'),
(479, 479, 'N'),
(480, 480, 'Y'),
(481, 481, 'Y'),
(482, 482, 'N'),
(483, 483, 'Y'),
(484, 484, 'N'),
(485, 485, 'Y'),
(486, 486, 'Y'),
(487, 487, 'N'),
(488, 488, 'N'),
(489, 489, 'Y'),
(490, 490, 'Y'),
(491, 491, 'N'),
(492, 492, 'Y'),
(493, 493, 'N'),
(494, 494, 'Y'),
(495, 495, 'Y'),
(496, 496, 'N'),
(497, 497, 'N'),
(498, 498, 'N'),
(499, 499, 'Y'),
(500, 500, 'Y'),
(501, 501, 'N'),
(502, 502, 'N'),
(503, 503, 'N'),
(504, 504, 'N'),
(505, 505, 'N'),
(506, 506, 'Y'),
(507, 507, 'Y'),
(508, 508, 'Y'),
(509, 509, 'N'),
(510, 510, 'N'),
(511, 511, 'N'),
(512, 512, 'N'),
(513, 513, 'N'),
(514, 514, 'Y'),
(515, 515, 'N'),
(516, 516, 'Y'),
(517, 517, 'Y'),
(518, 518, 'N'),
(519, 519, 'Y'),
(520, 520, 'Y'),
(521, 521, 'N'),
(522, 522, 'N'),
(523, 523, 'N'),
(524, 524, 'N'),
(525, 525, 'N'),
(526, 526, 'N'),
(527, 527, 'N'),
(528, 528, 'N'),
(529, 529, 'N'),
(530, 530, 'N'),
(531, 531, 'N'),
(532, 532, 'Y'),
(533, 533, 'Y'),
(534, 534, 'N'),
(535, 535, 'Y'),
(536, 536, 'Y'),
(537, 537, 'N'),
(538, 538, 'N'),
(539, 539, 'N'),
(540, 540, 'Y'),
(541, 541, 'Y'),
(542, 542, 'N'),
(543, 543, 'Y'),
(544, 544, 'Y'),
(545, 545, 'Y'),
(546, 546, 'N'),
(547, 547, 'N'),
(548, 548, 'N'),
(549, 549, 'Y'),
(550, 550, 'N'),
(551, 551, 'N'),
(552, 552, 'Y'),
(553, 553, 'N'),
(554, 554, 'N'),
(555, 555, 'N'),
(556, 556, 'Y'),
(557, 557, 'N'),
(558, 558, 'Y'),
(559, 559, 'N'),
(560, 560, 'N'),
(561, 561, 'Y'),
(562, 562, 'N'),
(563, 563, 'N'),
(564, 564, 'N'),
(565, 565, 'N'),
(566, 566, 'N'),
(567, 567, 'N'),
(568, 568, 'Y'),
(569, 569, 'Y'),
(570, 570, 'N'),
(571, 571, 'Y'),
(572, 572, 'N'),
(573, 573, 'N'),
(574, 574, 'N'),
(575, 575, 'Y'),
(576, 576, 'Y'),
(577, 577, 'N'),
(578, 578, 'Y'),
(579, 579, 'Y'),
(580, 580, 'N'),
(581, 581, 'N'),
(582, 582, 'N'),
(583, 583, 'Y'),
(584, 584, 'Y'),
(585, 585, 'Y'),
(586, 586, 'N'),
(587, 587, 'Y'),
(588, 588, 'Y'),
(589, 589, 'N'),
(590, 590, 'N'),
(591, 591, 'N'),
(592, 592, 'Y'),
(593, 593, 'N'),
(594, 594, 'N'),
(595, 595, 'N'),
(596, 596, 'Y'),
(597, 597, 'Y'),
(598, 598, 'Y'),
(599, 599, 'Y'),
(600, 600, 'N'),
(601, 601, 'N'),
(602, 602, 'Y'),
(603, 603, 'Y'),
(604, 604, 'N'),
(605, 605, 'Y'),
(606, 606, 'Y'),
(607, 607, 'N'),
(608, 608, 'N'),
(609, 609, 'Y'),
(610, 610, 'Y'),
(611, 611, 'N'),
(612, 612, 'Y'),
(613, 613, 'Y'),
(614, 614, 'Y'),
(615, 615, 'N'),
(616, 616, 'N'),
(617, 617, 'Y'),
(618, 618, 'N'),
(619, 619, 'Y'),
(620, 620, 'Y'),
(621, 621, 'Y'),
(622, 622, 'N'),
(623, 623, 'Y'),
(624, 624, 'N'),
(625, 625, 'Y'),
(626, 626, 'Y'),
(627, 627, 'N'),
(628, 628, 'Y'),
(629, 629, 'N'),
(630, 630, 'N'),
(631, 631, 'N'),
(632, 632, 'Y'),
(633, 633, 'Y'),
(634, 634, 'Y'),
(635, 635, 'Y'),
(636, 636, 'N'),
(637, 637, 'Y'),
(638, 638, 'N'),
(639, 639, 'Y'),
(640, 640, 'N'),
(641, 641, 'Y'),
(642, 642, 'Y'),
(643, 643, 'N'),
(644, 644, 'N'),
(645, 645, 'Y'),
(646, 646, 'Y'),
(647, 647, 'Y'),
(648, 648, 'N'),
(649, 649, 'Y'),
(650, 650, 'Y'),
(651, 651, 'N'),
(652, 652, 'Y'),
(653, 653, 'N'),
(654, 654, 'Y'),
(655, 655, 'N'),
(656, 656, 'N'),
(657, 657, 'Y'),
(658, 658, 'Y'),
(659, 659, 'N'),
(660, 660, 'N'),
(661, 661, 'N'),
(662, 662, 'Y'),
(663, 663, 'Y'),
(664, 664, 'Y'),
(665, 665, 'Y'),
(666, 666, 'Y'),
(667, 667, 'Y'),
(668, 668, 'Y'),
(669, 669, 'Y'),
(670, 670, 'Y'),
(671, 671, 'Y'),
(672, 672, 'N'),
(673, 673, 'Y'),
(674, 674, 'N'),
(675, 675, 'N'),
(676, 676, 'Y'),
(677, 677, 'N'),
(678, 678, 'Y'),
(679, 679, 'Y'),
(680, 680, 'Y'),
(681, 681, 'N'),
(682, 682, 'Y'),
(683, 683, 'Y'),
(684, 684, 'N'),
(685, 685, 'Y'),
(686, 686, 'Y'),
(687, 687, 'Y'),
(688, 688, 'Y'),
(689, 689, 'Y'),
(690, 690, 'N'),
(691, 691, 'N'),
(692, 692, 'Y'),
(693, 693, 'Y'),
(694, 694, 'N'),
(695, 695, 'Y'),
(696, 696, 'N'),
(697, 697, 'N'),
(698, 698, 'N'),
(699, 699, 'Y'),
(700, 700, 'Y'),
(701, 701, 'Y'),
(702, 702, 'N'),
(703, 703, 'Y'),
(704, 704, 'N'),
(705, 705, 'Y'),
(706, 706, 'Y'),
(707, 707, 'N'),
(708, 708, 'Y'),
(709, 709, 'N'),
(710, 710, 'N'),
(711, 711, 'Y'),
(712, 712, 'N'),
(713, 713, 'N'),
(714, 714, 'Y'),
(715, 715, 'N'),
(716, 716, 'Y'),
(717, 717, 'N'),
(718, 718, 'N'),
(719, 719, 'Y'),
(720, 720, 'N'),
(721, 721, 'Y'),
(722, 722, 'Y'),
(723, 723, 'Y'),
(724, 724, 'Y'),
(725, 725, 'N'),
(726, 726, 'Y'),
(727, 727, 'Y'),
(728, 728, 'N'),
(729, 729, 'N'),
(730, 730, 'Y'),
(731, 731, 'N'),
(732, 732, 'N'),
(733, 733, 'N'),
(734, 734, 'N'),
(735, 735, 'Y'),
(736, 736, 'Y'),
(737, 737, 'Y'),
(738, 738, 'N'),
(739, 739, 'N'),
(740, 740, 'Y'),
(741, 741, 'N'),
(742, 742, 'N'),
(743, 743, 'N'),
(744, 744, 'Y'),
(745, 745, 'Y'),
(746, 746, 'N'),
(747, 747, 'Y'),
(748, 748, 'N'),
(749, 749, 'Y'),
(750, 750, 'Y'),
(751, 751, 'N'),
(752, 752, 'N'),
(753, 753, 'N'),
(754, 754, 'Y'),
(755, 755, 'Y'),
(756, 756, 'N'),
(757, 757, 'Y'),
(758, 758, 'N'),
(759, 759, 'Y'),
(760, 760, 'N'),
(761, 761, 'N'),
(762, 762, 'Y'),
(763, 763, 'Y'),
(764, 764, 'N'),
(765, 765, 'N'),
(766, 766, 'N'),
(767, 767, 'Y'),
(768, 768, 'N'),
(769, 769, 'N'),
(770, 770, 'N'),
(771, 771, 'Y'),
(772, 772, 'N'),
(773, 773, 'N'),
(774, 774, 'N'),
(775, 775, 'N'),
(776, 776, 'N'),
(777, 777, 'N'),
(778, 778, 'N'),
(779, 779, 'Y'),
(780, 780, 'Y'),
(781, 781, 'Y'),
(782, 782, 'Y'),
(783, 783, 'N'),
(784, 784, 'N'),
(785, 785, 'Y'),
(786, 786, 'N'),
(787, 787, 'N'),
(788, 788, 'Y'),
(789, 789, 'N'),
(790, 790, 'N'),
(791, 791, 'Y'),
(792, 792, 'Y'),
(793, 793, 'N'),
(794, 794, 'Y'),
(795, 795, 'Y'),
(796, 796, 'Y'),
(797, 797, 'Y'),
(798, 798, 'N'),
(799, 799, 'N'),
(800, 800, 'N'),
(801, 801, 'N'),
(802, 802, 'N'),
(803, 803, 'N'),
(804, 804, 'Y'),
(805, 805, 'N'),
(806, 806, 'N'),
(807, 807, 'N'),
(808, 808, 'N'),
(809, 809, 'Y'),
(810, 810, 'Y'),
(811, 811, 'Y'),
(812, 812, 'Y'),
(813, 813, 'N'),
(814, 814, 'Y'),
(815, 815, 'Y'),
(816, 816, 'N'),
(817, 817, 'N'),
(818, 818, 'Y'),
(819, 819, 'N'),
(820, 820, 'Y'),
(821, 821, 'Y'),
(822, 822, 'Y'),
(823, 823, 'N'),
(824, 824, 'Y'),
(825, 825, 'N'),
(826, 826, 'N'),
(827, 827, 'N'),
(828, 828, 'Y'),
(829, 829, 'N'),
(830, 830, 'Y'),
(831, 831, 'Y'),
(832, 832, 'N'),
(833, 833, 'Y'),
(834, 834, 'Y'),
(835, 835, 'N'),
(836, 836, 'Y'),
(837, 837, 'Y'),
(838, 838, 'Y'),
(839, 839, 'N'),
(840, 840, 'Y'),
(841, 841, 'Y'),
(842, 842, 'N'),
(843, 843, 'Y'),
(844, 844, 'N'),
(845, 845, 'N'),
(846, 846, 'Y'),
(847, 847, 'N'),
(848, 848, 'Y'),
(849, 849, 'Y'),
(850, 850, 'Y'),
(851, 851, 'Y'),
(852, 852, 'N'),
(853, 853, 'N'),
(854, 854, 'N'),
(855, 855, 'Y'),
(856, 856, 'N'),
(857, 857, 'N'),
(858, 858, 'N'),
(859, 859, 'Y'),
(860, 860, 'Y'),
(861, 861, 'Y'),
(862, 862, 'N'),
(863, 863, 'Y'),
(864, 864, 'Y'),
(865, 865, 'Y'),
(866, 866, 'N'),
(867, 867, 'Y'),
(868, 868, 'Y'),
(869, 869, 'N'),
(870, 870, 'Y'),
(871, 871, 'Y'),
(872, 872, 'N'),
(873, 873, 'N'),
(874, 874, 'N'),
(875, 875, 'N'),
(876, 876, 'Y'),
(877, 877, 'Y'),
(878, 878, 'Y'),
(879, 879, 'N'),
(880, 880, 'Y'),
(881, 881, 'Y'),
(882, 882, 'N'),
(883, 883, 'Y'),
(884, 884, 'N'),
(885, 885, 'N'),
(886, 886, 'Y'),
(887, 887, 'N'),
(888, 888, 'Y'),
(889, 889, 'Y'),
(890, 890, 'Y'),
(891, 891, 'N'),
(892, 892, 'Y'),
(893, 893, 'Y'),
(894, 894, 'Y'),
(895, 895, 'N'),
(896, 896, 'N'),
(897, 897, 'N'),
(898, 898, 'Y'),
(899, 899, 'N'),
(900, 900, 'Y'),
(901, 901, 'Y'),
(902, 902, 'Y'),
(903, 903, 'Y'),
(904, 904, 'N'),
(905, 905, 'Y'),
(906, 906, 'Y'),
(907, 907, 'N'),
(908, 908, 'N'),
(909, 909, 'Y'),
(910, 910, 'N'),
(911, 911, 'Y'),
(912, 912, 'N'),
(913, 913, 'Y'),
(914, 914, 'N'),
(915, 915, 'Y'),
(916, 916, 'N'),
(917, 917, 'N'),
(918, 918, 'N'),
(919, 919, 'Y'),
(920, 920, 'Y'),
(921, 921, 'N'),
(922, 922, 'Y'),
(923, 923, 'N'),
(924, 924, 'N'),
(925, 925, 'Y'),
(926, 926, 'N'),
(927, 927, 'Y'),
(928, 928, 'N'),
(929, 929, 'Y'),
(930, 930, 'N'),
(931, 931, 'Y'),
(932, 932, 'Y'),
(933, 933, 'N'),
(934, 934, 'Y'),
(935, 935, 'N'),
(936, 936, 'Y'),
(937, 937, 'Y'),
(938, 938, 'Y'),
(939, 939, 'Y'),
(940, 940, 'N'),
(941, 941, 'N'),
(942, 942, 'Y'),
(943, 943, 'N'),
(944, 944, 'N'),
(945, 945, 'Y'),
(946, 946, 'Y'),
(947, 947, 'Y'),
(948, 948, 'Y'),
(949, 949, 'Y'),
(950, 950, 'Y'),
(951, 951, 'Y'),
(952, 952, 'Y'),
(953, 953, 'Y'),
(954, 954, 'Y'),
(955, 955, 'N'),
(956, 956, 'N'),
(957, 957, 'Y'),
(958, 958, 'Y'),
(959, 959, 'N'),
(960, 960, 'Y'),
(961, 961, 'N'),
(962, 962, 'Y'),
(963, 963, 'N'),
(964, 964, 'N'),
(965, 965, 'Y'),
(966, 966, 'Y'),
(967, 967, 'Y'),
(968, 968, 'Y'),
(969, 969, 'Y'),
(970, 970, 'Y'),
(971, 971, 'N'),
(972, 972, 'Y'),
(973, 973, 'Y'),
(974, 974, 'Y'),
(975, 975, 'Y'),
(976, 976, 'Y'),
(977, 977, 'Y'),
(978, 978, 'N'),
(979, 979, 'N'),
(980, 980, 'N'),
(981, 981, 'Y'),
(982, 982, 'Y'),
(983, 983, 'N'),
(984, 984, 'Y'),
(985, 985, 'N'),
(986, 986, 'Y'),
(987, 987, 'N'),
(988, 988, 'N'),
(989, 989, 'Y'),
(990, 990, 'N'),
(991, 991, 'Y'),
(992, 992, 'N'),
(993, 993, 'Y'),
(994, 994, 'Y'),
(995, 995, 'N'),
(996, 996, 'N'),
(997, 997, 'N'),
(998, 998, 'Y'),
(999, 999, 'N'),
(1000, 1000, 'Y'),
(1001, 1001, 'Y'),
(1002, 1002, 'Y'),
(1003, 1003, 'N'),
(1004, 1004, 'N'),
(1005, 1005, 'N'),
(1006, 1006, 'Y'),
(1007, 1007, 'N'),
(1008, 1008, 'N'),
(1009, 1009, 'N'),
(1010, 1010, 'Y'),
(1011, 1011, 'Y'),
(1012, 1012, 'N'),
(1013, 1013, 'Y'),
(1014, 1014, 'Y'),
(1015, 1015, 'Y'),
(1016, 1016, 'Y'),
(1017, 1017, 'N'),
(1018, 1018, 'Y'),
(1019, 1019, 'Y'),
(1020, 1020, 'Y'),
(1021, 1021, 'Y'),
(1022, 1022, 'N'),
(1023, 1023, 'N'),
(1024, 1024, 'Y'),
(1025, 1025, 'Y'),
(1026, 1026, 'N'),
(1027, 1027, 'Y'),
(1028, 1028, 'N'),
(1029, 1029, 'N'),
(1030, 1030, 'N'),
(1031, 1031, 'Y'),
(1032, 1032, 'N'),
(1033, 1033, 'Y'),
(1034, 1034, 'N'),
(1035, 1035, 'N'),
(1036, 1036, 'N'),
(1037, 1037, 'N'),
(1038, 1038, 'N'),
(1039, 1039, 'N'),
(1040, 1040, 'Y'),
(1041, 1041, 'Y'),
(1042, 1042, 'Y'),
(1043, 1043, 'N'),
(1044, 1044, 'N'),
(1045, 1045, 'N'),
(1046, 1046, 'N'),
(1047, 1047, 'Y'),
(1048, 1048, 'N'),
(1049, 1049, 'Y'),
(1050, 1050, 'N'),
(1051, 1051, 'N'),
(1052, 1052, 'N'),
(1053, 1053, 'Y'),
(1054, 1054, 'N'),
(1055, 1055, 'Y'),
(1056, 1056, 'N'),
(1057, 1057, 'N'),
(1058, 1058, 'N'),
(1059, 1059, 'N'),
(1060, 1060, 'N'),
(1061, 1061, 'N'),
(1062, 1062, 'N'),
(1063, 1063, 'Y'),
(1064, 1064, 'Y'),
(1065, 1065, 'N'),
(1066, 1066, 'N'),
(1067, 1067, 'N'),
(1068, 1068, 'N'),
(1069, 1069, 'N'),
(1070, 1070, 'N'),
(1071, 1071, 'N'),
(1072, 1072, 'N'),
(1073, 1073, 'Y'),
(1074, 1074, 'N'),
(1075, 1075, 'Y'),
(1076, 1076, 'Y'),
(1077, 1077, 'N'),
(1078, 1078, 'N'),
(1079, 1079, 'N'),
(1080, 1080, 'N'),
(1081, 1081, 'Y'),
(1082, 1082, 'Y'),
(1083, 1083, 'Y'),
(1084, 1084, 'N'),
(1085, 1085, 'N'),
(1086, 1086, 'Y'),
(1087, 1087, 'Y'),
(1088, 1088, 'Y'),
(1089, 1089, 'Y'),
(1090, 1090, 'N'),
(1091, 1091, 'N'),
(1092, 1092, 'N'),
(1093, 1093, 'Y'),
(1094, 1094, 'N'),
(1095, 1095, 'N'),
(1096, 1096, 'N'),
(1097, 1097, 'N'),
(1098, 1098, 'N'),
(1099, 1099, 'Y'),
(1100, 1100, 'N'),
(1101, 1101, 'Y'),
(1102, 1102, 'Y'),
(1103, 1103, 'N'),
(1104, 1104, 'N'),
(1105, 1105, 'N'),
(1106, 1106, 'N'),
(1107, 1107, 'N'),
(1108, 1108, 'N'),
(1109, 1109, 'Y'),
(1110, 1110, 'N'),
(1111, 1111, 'Y'),
(1112, 1112, 'N'),
(1113, 1113, 'N'),
(1114, 1114, 'Y'),
(1115, 1115, 'Y'),
(1116, 1116, 'Y'),
(1117, 1117, 'N'),
(1118, 1118, 'Y'),
(1119, 1119, 'Y'),
(1120, 1120, 'N'),
(1121, 1121, 'N'),
(1122, 1122, 'N'),
(1123, 1123, 'Y'),
(1124, 1124, 'Y'),
(1125, 1125, 'Y'),
(1126, 1126, 'N'),
(1127, 1127, 'Y'),
(1128, 1128, 'N'),
(1129, 1129, 'N'),
(1130, 1130, 'Y'),
(1131, 1131, 'Y'),
(1132, 1132, 'N'),
(1133, 1133, 'Y'),
(1134, 1134, 'N'),
(1135, 1135, 'N'),
(1136, 1136, 'Y'),
(1137, 1137, 'Y'),
(1138, 1138, 'Y'),
(1139, 1139, 'Y'),
(1140, 1140, 'N'),
(1141, 1141, 'N'),
(1142, 1142, 'Y'),
(1143, 1143, 'N'),
(1144, 1144, 'N'),
(1145, 1145, 'N'),
(1146, 1146, 'Y'),
(1147, 1147, 'Y'),
(1148, 1148, 'N'),
(1149, 1149, 'N'),
(1150, 1150, 'N'),
(1151, 1151, 'N'),
(1152, 1152, 'N'),
(1153, 1153, 'Y'),
(1154, 1154, 'N'),
(1155, 1155, 'N'),
(1156, 1156, 'N'),
(1157, 1157, 'N'),
(1158, 1158, 'N'),
(1159, 1159, 'Y'),
(1160, 1160, 'N'),
(1161, 1161, 'Y'),
(1162, 1162, 'N'),
(1163, 1163, 'N'),
(1164, 1164, 'N'),
(1165, 1165, 'N'),
(1166, 1166, 'N'),
(1167, 1167, 'N'),
(1168, 1168, 'N'),
(1169, 1169, 'N'),
(1170, 1170, 'Y'),
(1171, 1171, 'N'),
(1172, 1172, 'N'),
(1173, 1173, 'Y'),
(1174, 1174, 'N'),
(1175, 1175, 'Y'),
(1176, 1176, 'N'),
(1177, 1177, 'N'),
(1178, 1178, 'N'),
(1179, 1179, 'N'),
(1180, 1180, 'N'),
(1181, 1181, 'Y'),
(1182, 1182, 'Y'),
(1183, 1183, 'Y'),
(1184, 1184, 'N'),
(1185, 1185, 'Y'),
(1186, 1186, 'N'),
(1187, 1187, 'Y'),
(1188, 1188, 'N'),
(1189, 1189, 'N'),
(1190, 1190, 'N'),
(1191, 1191, 'N'),
(1192, 1192, 'Y'),
(1193, 1193, 'Y'),
(1194, 1194, 'Y'),
(1195, 1195, 'Y'),
(1196, 1196, 'Y'),
(1197, 1197, 'Y'),
(1198, 1198, 'Y'),
(1199, 1199, 'Y'),
(1200, 1200, 'N'),
(1201, 1201, 'N'),
(1202, 1202, 'N'),
(1203, 1203, 'Y'),
(1204, 1204, 'N'),
(1205, 1205, 'N'),
(1206, 1206, 'N'),
(1207, 1207, 'N'),
(1208, 1208, 'Y'),
(1209, 1209, 'N'),
(1210, 1210, 'Y'),
(1211, 1211, 'Y'),
(1212, 1212, 'Y'),
(1213, 1213, 'N'),
(1214, 1214, 'Y'),
(1215, 1215, 'N'),
(1216, 1216, 'N'),
(1217, 1217, 'N'),
(1218, 1218, 'Y'),
(1219, 1219, 'N'),
(1220, 1220, 'N'),
(1221, 1221, 'N'),
(1222, 1222, 'N'),
(1223, 1223, 'N'),
(1224, 1224, 'N'),
(1225, 1225, 'Y'),
(1226, 1226, 'Y'),
(1227, 1227, 'Y'),
(1228, 1228, 'Y'),
(1229, 1229, 'N'),
(1230, 1230, 'Y'),
(1231, 1231, 'N'),
(1232, 1232, 'Y'),
(1233, 1233, 'Y'),
(1234, 1234, 'N'),
(1235, 1235, 'N'),
(1236, 1236, 'N'),
(1237, 1237, 'Y'),
(1238, 1238, 'N'),
(1239, 1239, 'Y'),
(1240, 1240, 'Y'),
(1241, 1241, 'N'),
(1242, 1242, 'N'),
(1243, 1243, 'Y'),
(1244, 1244, 'N'),
(1245, 1245, 'Y'),
(1246, 1246, 'Y'),
(1247, 1247, 'Y'),
(1248, 1248, 'N'),
(1249, 1249, 'N'),
(1250, 1250, 'N'),
(1251, 1251, 'Y'),
(1252, 1252, 'Y'),
(1253, 1253, 'Y'),
(1254, 1254, 'Y'),
(1255, 1255, 'N'),
(1256, 1256, 'N'),
(1257, 1257, 'N'),
(1258, 1258, 'Y'),
(1259, 1259, 'N'),
(1260, 1260, 'Y'),
(1261, 1261, 'N'),
(1262, 1262, 'N'),
(1263, 1263, 'Y'),
(1264, 1264, 'N'),
(1265, 1265, 'Y'),
(1266, 1266, 'N'),
(1267, 1267, 'N'),
(1268, 1268, 'N'),
(1269, 1269, 'N'),
(1270, 1270, 'Y'),
(1271, 1271, 'Y'),
(1272, 1272, 'N'),
(1273, 1273, 'N'),
(1274, 1274, 'Y'),
(1275, 1275, 'Y'),
(1276, 1276, 'N'),
(1277, 1277, 'N'),
(1278, 1278, 'Y'),
(1279, 1279, 'N'),
(1280, 1280, 'Y'),
(1281, 1281, 'N'),
(1282, 1282, 'Y'),
(1283, 1283, 'N'),
(1284, 1284, 'Y'),
(1285, 1285, 'Y'),
(1286, 1286, 'Y'),
(1287, 1287, 'N'),
(1288, 1288, 'N'),
(1289, 1289, 'N'),
(1290, 1290, 'Y'),
(1291, 1291, 'Y'),
(1292, 1292, 'Y'),
(1293, 1293, 'N'),
(1294, 1294, 'N'),
(1295, 1295, 'Y'),
(1296, 1296, 'Y'),
(1297, 1297, 'N'),
(1298, 1298, 'N'),
(1299, 1299, 'N'),
(1300, 1300, 'Y'),
(1301, 1301, 'N'),
(1302, 1302, 'Y'),
(1303, 1303, 'Y'),
(1304, 1304, 'N'),
(1305, 1305, 'Y'),
(1306, 1306, 'Y'),
(1307, 1307, 'Y'),
(1308, 1308, 'N'),
(1309, 1309, 'Y'),
(1310, 1310, 'N'),
(1311, 1311, 'N'),
(1312, 1312, 'Y'),
(1313, 1313, 'Y'),
(1314, 1314, 'Y'),
(1315, 1315, 'N'),
(1316, 1316, 'N'),
(1317, 1317, 'N'),
(1318, 1318, 'N'),
(1319, 1319, 'N'),
(1320, 1320, 'N'),
(1321, 1321, 'N'),
(1322, 1322, 'N'),
(1323, 1323, 'Y'),
(1324, 1324, 'N'),
(1325, 1325, 'N'),
(1326, 1326, 'Y'),
(1327, 1327, 'N'),
(1328, 1328, 'Y'),
(1329, 1329, 'N'),
(1330, 1330, 'Y'),
(1331, 1331, 'N'),
(1332, 1332, 'Y'),
(1333, 1333, 'Y'),
(1334, 1334, 'Y'),
(1335, 1335, 'Y'),
(1336, 1336, 'Y'),
(1337, 1337, 'N'),
(1338, 1338, 'N'),
(1339, 1339, 'Y'),
(1340, 1340, 'Y'),
(1341, 1341, 'N'),
(1342, 1342, 'N'),
(1343, 1343, 'N'),
(1344, 1344, 'N'),
(1345, 1345, 'Y'),
(1346, 1346, 'N'),
(1347, 1347, 'N'),
(1348, 1348, 'N'),
(1349, 1349, 'N'),
(1350, 1350, 'N'),
(1351, 1351, 'N'),
(1352, 1352, 'N'),
(1353, 1353, 'N'),
(1354, 1354, 'Y'),
(1355, 1355, 'Y'),
(1356, 1356, 'Y'),
(1357, 1357, 'Y'),
(1358, 1358, 'Y'),
(1359, 1359, 'N'),
(1360, 1360, 'Y'),
(1361, 1361, 'Y'),
(1362, 1362, 'N'),
(1363, 1363, 'N'),
(1364, 1364, 'Y'),
(1365, 1365, 'N'),
(1366, 1366, 'N'),
(1367, 1367, 'N'),
(1368, 1368, 'Y'),
(1369, 1369, 'N'),
(1370, 1370, 'N'),
(1371, 1371, 'N'),
(1372, 1372, 'N'),
(1373, 1373, 'N'),
(1374, 1374, 'N'),
(1375, 1375, 'N'),
(1376, 1376, 'N'),
(1377, 1377, 'Y'),
(1378, 1378, 'Y'),
(1379, 1379, 'Y'),
(1380, 1380, 'N'),
(1381, 1381, 'N'),
(1382, 1382, 'N'),
(1383, 1383, 'Y'),
(1384, 1384, 'N'),
(1385, 1385, 'N'),
(1386, 1386, 'Y'),
(1387, 1387, 'Y'),
(1388, 1388, 'N'),
(1389, 1389, 'N'),
(1390, 1390, 'N'),
(1391, 1391, 'N'),
(1392, 1392, 'Y'),
(1393, 1393, 'N'),
(1394, 1394, 'N'),
(1395, 1395, 'N'),
(1396, 1396, 'N'),
(1397, 1397, 'N'),
(1398, 1398, 'Y'),
(1399, 1399, 'Y'),
(1400, 1400, 'N'),
(1401, 1401, 'N'),
(1402, 1402, 'N'),
(1403, 1403, 'Y'),
(1404, 1404, 'N'),
(1405, 1405, 'Y'),
(1406, 1406, 'N'),
(1407, 1407, 'Y'),
(1408, 1408, 'N'),
(1409, 1409, 'Y'),
(1410, 1410, 'N'),
(1411, 1411, 'Y'),
(1412, 1412, 'Y'),
(1413, 1413, 'Y'),
(1414, 1414, 'Y'),
(1415, 1415, 'Y'),
(1416, 1416, 'N'),
(1417, 1417, 'N'),
(1418, 1418, 'N'),
(1419, 1419, 'N'),
(1420, 1420, 'Y'),
(1421, 1421, 'Y'),
(1422, 1422, 'Y'),
(1423, 1423, 'Y'),
(1424, 1424, 'Y'),
(1425, 1425, 'Y'),
(1426, 1426, 'N'),
(1427, 1427, 'Y'),
(1428, 1428, 'N'),
(1429, 1429, 'Y'),
(1430, 1430, 'Y'),
(1431, 1431, 'N'),
(1432, 1432, 'Y'),
(1433, 1433, 'Y'),
(1434, 1434, 'Y'),
(1435, 1435, 'Y'),
(1436, 1436, 'N'),
(1437, 1437, 'Y'),
(1438, 1438, 'Y'),
(1439, 1439, 'N'),
(1440, 1440, 'Y'),
(1441, 1441, 'Y'),
(1442, 1442, 'N'),
(1443, 1443, 'Y'),
(1444, 1444, 'N'),
(1445, 1445, 'N'),
(1446, 1446, 'Y'),
(1447, 1447, 'Y'),
(1448, 1448, 'Y'),
(1449, 1449, 'N'),
(1450, 1450, 'N'),
(1451, 1451, 'N'),
(1452, 1452, 'Y'),
(1453, 1453, 'N'),
(1454, 1454, 'Y'),
(1455, 1455, 'N'),
(1456, 1456, 'N'),
(1457, 1457, 'N'),
(1458, 1458, 'N'),
(1459, 1459, 'Y'),
(1460, 1460, 'N'),
(1461, 1461, 'N'),
(1462, 1462, 'N'),
(1463, 1463, 'Y'),
(1464, 1464, 'Y'),
(1465, 1465, 'N'),
(1466, 1466, 'N'),
(1467, 1467, 'N'),
(1468, 1468, 'N'),
(1469, 1469, 'N'),
(1470, 1470, 'Y'),
(1471, 1471, 'N'),
(1472, 1472, 'N'),
(1473, 1473, 'Y'),
(1474, 1474, 'N'),
(1475, 1475, 'N'),
(1476, 1476, 'N'),
(1477, 1477, 'Y'),
(1478, 1478, 'Y'),
(1479, 1479, 'N'),
(1480, 1480, 'Y'),
(1481, 1481, 'Y'),
(1482, 1482, 'N'),
(1483, 1483, 'N'),
(1484, 1484, 'Y'),
(1485, 1485, 'N'),
(1486, 1486, 'Y'),
(1487, 1487, 'N'),
(1488, 1488, 'N'),
(1489, 1489, 'Y'),
(1490, 1490, 'N'),
(1491, 1491, 'N'),
(1492, 1492, 'N'),
(1493, 1493, 'N'),
(1494, 1494, 'Y'),
(1495, 1495, 'Y'),
(1496, 1496, 'N'),
(1497, 1497, 'N'),
(1498, 1498, 'N'),
(1499, 1499, 'Y'),
(1500, 1500, 'Y'),
(1501, 1501, 'Y'),
(1502, 1502, 'N'),
(1503, 1503, 'N'),
(1504, 1504, 'N'),
(1505, 1505, 'N'),
(1506, 1506, 'N'),
(1507, 1507, 'N'),
(1508, 1508, 'N'),
(1509, 1509, 'N'),
(1510, 1510, 'Y'),
(1511, 1511, 'Y'),
(1512, 1512, 'N'),
(1513, 1513, 'N'),
(1514, 1514, 'N'),
(1515, 1515, 'N'),
(1516, 1516, 'N'),
(1517, 1517, 'N'),
(1518, 1518, 'N'),
(1519, 1519, 'N'),
(1520, 1520, 'N');

-- --------------------------------------------------------

--
-- Table structure for table `category`
--

CREATE TABLE IF NOT EXISTS `category` (
  `id` int(10) NOT NULL AUTO_INCREMENT,
  `name` varchar(50) COLLATE latin1_general_ci NOT NULL,
  `user` int(10) NOT NULL,
  PRIMARY KEY (`id`)
) ENGINE=MyISAM  DEFAULT CHARSET=latin1 COLLATE=latin1_general_ci ROW_FORMAT=DYNAMIC AUTO_INCREMENT=9 ;

--
-- Dumping data for table `category`
--

INSERT INTO `category` (`id`, `name`, `user`) VALUES
(1, 'General Documents', 0),
(2, 'Correspondence with the client', 0),
(3, 'Correspondence with Adverse party 1', 0),
(4, 'Correspondence with Adverse party 2', 0),
(5, 'Correspondence with adverse party 3', 0),
(6, 'Completion document', 0),
(7, 'Title Documents', 0),
(8, 'Final documents', 0);

-- --------------------------------------------------------

--
-- Table structure for table `clientnos`
--

CREATE TABLE IF NOT EXISTS `clientnos` (
  `id` int(10) NOT NULL AUTO_INCREMENT,
  `name` int(10) NOT NULL,
  `status` char(10) CHARACTER SET latin1 COLLATE latin1_general_ci NOT NULL DEFAULT 'N',
  PRIMARY KEY (`id`)
) ENGINE=MyISAM  DEFAULT CHARSET=latin1 ROW_FORMAT=DYNAMIC AUTO_INCREMENT=1003 ;

--
-- Dumping data for table `clientnos`
--

INSERT INTO `clientnos` (`id`, `name`, `status`) VALUES
(1, 1, 'Y'),
(2, 2, 'N'),
(3, 3, 'Y'),
(4, 4, 'Y'),
(5, 5, 'N'),
(6, 6, 'N'),
(7, 7, 'Y'),
(8, 8, 'N'),
(9, 9, 'Y'),
(10, 10, 'Y'),
(11, 11, 'Y'),
(12, 12, 'Y'),
(13, 13, 'N'),
(14, 14, 'Y'),
(15, 15, 'N'),
(16, 16, 'N'),
(17, 17, 'N'),
(18, 18, 'Y'),
(19, 19, 'N'),
(20, 20, 'N'),
(21, 21, 'Y'),
(22, 22, 'Y'),
(23, 23, 'N'),
(24, 24, 'Y'),
(25, 25, 'Y'),
(26, 26, 'Y'),
(27, 27, 'Y'),
(28, 28, 'N'),
(29, 29, 'N'),
(30, 30, 'Y'),
(31, 31, 'Y'),
(32, 32, 'Y'),
(33, 33, 'N'),
(34, 34, 'N'),
(35, 35, 'Y'),
(36, 36, 'Y'),
(37, 37, 'Y'),
(38, 38, 'Y'),
(39, 39, 'N'),
(40, 40, 'Y'),
(41, 41, 'N'),
(42, 42, 'Y'),
(43, 43, 'N'),
(44, 44, 'N'),
(45, 45, 'Y'),
(46, 46, 'N'),
(47, 47, 'N'),
(48, 48, 'N'),
(49, 49, 'Y'),
(50, 50, 'N'),
(51, 51, 'N'),
(52, 52, 'N'),
(53, 53, 'N'),
(54, 54, 'N'),
(55, 55, 'Y'),
(56, 56, 'N'),
(57, 57, 'N'),
(58, 58, 'N'),
(59, 59, 'N'),
(60, 60, 'N'),
(61, 61, 'N'),
(62, 62, 'N'),
(63, 63, 'N'),
(64, 64, 'N'),
(65, 65, 'N'),
(66, 66, 'N'),
(67, 67, 'N'),
(68, 68, 'N'),
(69, 69, 'N'),
(70, 70, 'N'),
(71, 71, 'N'),
(72, 72, 'N'),
(73, 73, 'N'),
(74, 74, 'N'),
(75, 75, 'Y'),
(76, 76, 'N'),
(77, 77, 'N'),
(78, 78, 'N'),
(79, 79, 'N'),
(80, 80, 'Y'),
(81, 81, 'N'),
(82, 82, 'Y'),
(83, 83, 'Y'),
(84, 84, 'N'),
(85, 85, 'N'),
(86, 86, 'N'),
(87, 87, 'Y'),
(88, 88, 'N'),
(89, 89, 'N'),
(90, 90, 'Y'),
(91, 91, 'N'),
(92, 92, 'N'),
(93, 93, 'N'),
(94, 94, 'N'),
(95, 95, 'Y'),
(96, 96, 'N'),
(97, 97, 'Y'),
(98, 98, 'N'),
(99, 99, 'N'),
(100, 100, 'Y'),
(101, 101, 'Y'),
(102, 102, 'N'),
(103, 103, 'N'),
(104, 104, 'N'),
(105, 105, 'N'),
(106, 106, 'N'),
(107, 107, 'Y'),
(108, 108, 'Y'),
(109, 109, 'N'),
(110, 110, 'Y'),
(111, 111, 'N'),
(112, 112, 'Y'),
(113, 113, 'N'),
(114, 114, 'N'),
(115, 115, 'N'),
(116, 116, 'Y'),
(117, 117, 'N'),
(118, 118, 'N'),
(119, 119, 'N'),
(120, 120, 'N'),
(121, 121, 'N'),
(122, 122, 'Y'),
(123, 123, 'N'),
(124, 124, 'N'),
(125, 125, 'N'),
(126, 126, 'N'),
(127, 127, 'N'),
(128, 128, 'Y'),
(129, 129, 'N'),
(130, 130, 'N'),
(131, 131, 'N'),
(132, 132, 'N'),
(133, 133, 'N'),
(134, 134, 'N'),
(135, 135, 'N'),
(136, 136, 'N'),
(137, 137, 'Y'),
(138, 138, 'N'),
(139, 139, 'Y'),
(140, 140, 'N'),
(141, 141, 'Y'),
(142, 142, 'N'),
(143, 143, 'N'),
(144, 144, 'N'),
(145, 145, 'N'),
(146, 146, 'Y'),
(147, 147, 'Y'),
(148, 148, 'N'),
(149, 149, 'N'),
(150, 150, 'N'),
(151, 151, 'Y'),
(152, 152, 'N'),
(153, 153, 'N'),
(154, 154, 'Y'),
(155, 155, 'N'),
(156, 156, 'Y'),
(157, 157, 'N'),
(158, 158, 'N'),
(159, 159, 'N'),
(160, 160, 'Y'),
(161, 161, 'N'),
(162, 162, 'N'),
(163, 163, 'Y'),
(164, 164, 'Y'),
(165, 165, 'N'),
(166, 166, 'N'),
(167, 167, 'N'),
(168, 168, 'N'),
(169, 169, 'Y'),
(170, 170, 'N'),
(171, 171, 'Y'),
(172, 172, 'N'),
(173, 173, 'N'),
(174, 174, 'N'),
(175, 175, 'Y'),
(176, 176, 'N'),
(177, 177, 'N'),
(178, 178, 'N'),
(179, 179, 'N'),
(180, 180, 'N'),
(181, 181, 'N'),
(182, 182, 'N'),
(183, 183, 'N'),
(184, 184, 'N'),
(185, 185, 'N'),
(186, 186, 'N'),
(187, 187, 'N'),
(188, 188, 'N'),
(189, 189, 'N'),
(190, 190, 'Y'),
(191, 191, 'N'),
(192, 192, 'Y'),
(193, 193, 'N'),
(194, 194, 'N'),
(195, 195, 'Y'),
(196, 196, 'N'),
(197, 197, 'Y'),
(198, 198, 'N'),
(199, 199, 'Y'),
(200, 200, 'Y'),
(201, 201, 'N'),
(202, 202, 'N'),
(203, 203, 'N'),
(204, 204, 'Y'),
(205, 205, 'N'),
(206, 206, 'N'),
(207, 207, 'Y'),
(208, 208, 'Y'),
(209, 209, 'Y'),
(210, 210, 'N'),
(211, 211, 'Y'),
(212, 212, 'N'),
(213, 213, 'N'),
(214, 214, 'Y'),
(215, 215, 'Y'),
(216, 216, 'Y'),
(217, 217, 'N'),
(218, 218, 'Y'),
(219, 219, 'Y'),
(220, 220, 'Y'),
(221, 221, 'Y'),
(222, 222, 'N'),
(223, 223, 'N'),
(224, 224, 'Y'),
(225, 225, 'N'),
(226, 226, 'N'),
(227, 227, 'N'),
(228, 228, 'N'),
(229, 229, 'N'),
(230, 230, 'N'),
(231, 231, 'Y'),
(232, 232, 'N'),
(233, 233, 'N'),
(234, 234, 'N'),
(235, 235, 'N'),
(236, 236, 'Y'),
(237, 237, 'Y'),
(238, 238, 'N'),
(239, 239, 'N'),
(240, 240, 'Y'),
(241, 241, 'N'),
(242, 242, 'N'),
(243, 243, 'N'),
(244, 244, 'N'),
(245, 245, 'N'),
(246, 246, 'N'),
(247, 247, 'N'),
(248, 248, 'N'),
(249, 249, 'N'),
(250, 250, 'N'),
(251, 251, 'Y'),
(252, 252, 'N'),
(253, 253, 'N'),
(254, 254, 'N'),
(255, 255, 'N'),
(256, 256, 'N'),
(257, 257, 'N'),
(258, 258, 'N'),
(259, 259, 'N'),
(260, 260, 'N'),
(261, 261, 'N'),
(262, 262, 'N'),
(263, 263, 'N'),
(264, 264, 'N'),
(265, 265, 'N'),
(266, 266, 'N'),
(267, 267, 'N'),
(268, 268, 'N'),
(269, 269, 'N'),
(270, 270, 'N'),
(271, 271, 'N'),
(272, 272, 'Y'),
(273, 273, 'Y'),
(274, 274, 'Y'),
(275, 275, 'N'),
(276, 276, 'N'),
(277, 277, 'Y'),
(278, 278, 'N'),
(279, 279, 'N'),
(280, 280, 'N'),
(281, 281, 'N'),
(282, 282, 'Y'),
(283, 283, 'N'),
(284, 284, 'Y'),
(285, 285, 'N'),
(286, 286, 'Y'),
(287, 287, 'N'),
(288, 288, 'Y'),
(289, 289, 'Y'),
(290, 290, 'N'),
(291, 291, 'Y'),
(292, 292, 'Y'),
(293, 293, 'Y'),
(294, 294, 'N'),
(295, 295, 'Y'),
(296, 296, 'N'),
(297, 297, 'N'),
(298, 298, 'Y'),
(299, 299, 'N'),
(300, 300, 'Y'),
(301, 301, 'N'),
(302, 302, 'Y'),
(303, 303, 'Y'),
(304, 304, 'Y'),
(305, 305, 'Y'),
(306, 306, 'N'),
(307, 307, 'Y'),
(308, 308, 'N'),
(309, 309, 'N'),
(310, 310, 'Y'),
(311, 311, 'N'),
(312, 312, 'N'),
(313, 313, 'N'),
(314, 314, 'Y'),
(315, 315, 'N'),
(316, 316, 'Y'),
(317, 317, 'Y'),
(318, 318, 'Y'),
(319, 319, 'Y'),
(320, 320, 'Y'),
(321, 321, 'N'),
(322, 322, 'N'),
(323, 323, 'Y'),
(324, 324, 'N'),
(325, 325, 'N'),
(326, 326, 'N'),
(327, 327, 'N'),
(328, 328, 'N'),
(329, 329, 'N'),
(330, 330, 'N'),
(331, 331, 'Y'),
(332, 332, 'N'),
(333, 333, 'Y'),
(334, 334, 'Y'),
(335, 335, 'N'),
(336, 336, 'Y'),
(337, 337, 'Y'),
(338, 338, 'N'),
(339, 339, 'Y'),
(340, 340, 'N'),
(341, 341, 'N'),
(342, 342, 'Y'),
(343, 343, 'Y'),
(344, 344, 'N'),
(345, 345, 'Y'),
(346, 346, 'N'),
(347, 347, 'N'),
(348, 348, 'N'),
(349, 349, 'Y'),
(350, 350, 'N'),
(351, 351, 'N'),
(352, 352, 'Y'),
(353, 353, 'Y'),
(354, 354, 'Y'),
(355, 355, 'N'),
(356, 356, 'Y'),
(357, 357, 'N'),
(358, 358, 'N'),
(359, 359, 'Y'),
(360, 360, 'N'),
(361, 361, 'Y'),
(362, 362, 'N'),
(363, 363, 'Y'),
(364, 364, 'Y'),
(365, 365, 'Y'),
(366, 366, 'Y'),
(367, 367, 'N'),
(368, 368, 'Y'),
(369, 369, 'N'),
(370, 370, 'N'),
(371, 371, 'N'),
(372, 372, 'Y'),
(373, 373, 'N'),
(374, 374, 'N'),
(375, 375, 'N'),
(376, 376, 'N'),
(377, 377, 'Y'),
(378, 378, 'Y'),
(379, 379, 'Y'),
(380, 380, 'Y'),
(381, 381, 'N'),
(382, 382, 'N'),
(383, 383, 'N'),
(384, 384, 'Y'),
(385, 385, 'N'),
(386, 386, 'N'),
(387, 387, 'N'),
(388, 388, 'N'),
(389, 389, 'Y'),
(390, 390, 'N'),
(391, 391, 'N'),
(392, 392, 'N'),
(393, 393, 'N'),
(394, 394, 'N'),
(395, 395, 'N'),
(396, 396, 'N'),
(397, 397, 'N'),
(398, 398, 'Y'),
(399, 399, 'N'),
(400, 400, 'Y'),
(401, 401, 'Y'),
(402, 402, 'Y'),
(403, 403, 'Y'),
(404, 404, 'N'),
(405, 405, 'N'),
(406, 406, 'N'),
(407, 407, 'N'),
(408, 408, 'Y'),
(409, 409, 'N'),
(410, 410, 'N'),
(411, 411, 'N'),
(412, 412, 'N'),
(413, 413, 'N'),
(414, 414, 'N'),
(415, 415, 'N'),
(416, 416, 'N'),
(417, 417, 'Y'),
(418, 418, 'Y'),
(419, 419, 'Y'),
(420, 420, 'Y'),
(421, 421, 'N'),
(422, 422, 'N'),
(423, 423, 'Y'),
(424, 424, 'N'),
(425, 425, 'N'),
(426, 426, 'N'),
(427, 427, 'N'),
(428, 428, 'N'),
(429, 429, 'Y'),
(430, 430, 'Y'),
(431, 431, 'N'),
(432, 432, 'N'),
(433, 433, 'Y'),
(434, 434, 'N'),
(435, 435, 'N'),
(436, 436, 'Y'),
(437, 437, 'N'),
(438, 438, 'N'),
(439, 439, 'Y'),
(440, 440, 'N'),
(441, 441, 'Y'),
(442, 442, 'N'),
(443, 443, 'N'),
(444, 444, 'Y'),
(445, 445, 'N'),
(446, 446, 'Y'),
(447, 447, 'N'),
(448, 448, 'N'),
(449, 449, 'N'),
(450, 450, 'N'),
(451, 451, 'N'),
(452, 452, 'Y'),
(453, 453, 'N'),
(454, 454, 'Y'),
(455, 455, 'N'),
(456, 456, 'N'),
(457, 457, 'Y'),
(458, 458, 'N'),
(459, 459, 'N'),
(460, 460, 'N'),
(461, 461, 'N'),
(462, 462, 'N'),
(463, 463, 'N'),
(464, 464, 'Y'),
(465, 465, 'N'),
(466, 466, 'Y'),
(467, 467, 'N'),
(468, 468, 'N'),
(469, 469, 'N'),
(470, 470, 'N'),
(471, 471, 'Y'),
(472, 472, 'N'),
(473, 473, 'Y'),
(474, 474, 'N'),
(475, 475, 'Y'),
(476, 476, 'N'),
(477, 477, 'N'),
(478, 478, 'Y'),
(479, 479, 'Y'),
(480, 480, 'N'),
(481, 481, 'Y'),
(482, 482, 'Y'),
(483, 483, 'N'),
(484, 484, 'N'),
(485, 485, 'N'),
(486, 486, 'Y'),
(487, 487, 'N'),
(488, 488, 'N'),
(489, 489, 'N'),
(490, 490, 'N'),
(491, 491, 'N'),
(492, 492, 'N'),
(493, 493, 'Y'),
(494, 494, 'N'),
(495, 495, 'Y'),
(496, 496, 'Y'),
(497, 497, 'Y'),
(498, 498, 'N'),
(499, 499, 'N'),
(500, 500, 'Y'),
(501, 501, 'N'),
(502, 502, 'N'),
(503, 503, 'N'),
(504, 504, 'N'),
(505, 505, 'N'),
(506, 506, 'N'),
(507, 507, 'N'),
(508, 508, 'N'),
(509, 509, 'N'),
(510, 510, 'N'),
(511, 511, 'N'),
(512, 512, 'N'),
(513, 513, 'N'),
(514, 514, 'N'),
(515, 515, 'N'),
(516, 516, 'Y'),
(517, 517, 'Y'),
(518, 518, 'N'),
(519, 519, 'N'),
(520, 520, 'N'),
(521, 521, 'Y'),
(522, 522, 'N'),
(523, 523, 'Y'),
(524, 524, 'N'),
(525, 525, 'N'),
(526, 526, 'Y'),
(527, 527, 'N'),
(528, 528, 'N'),
(529, 529, 'Y'),
(530, 530, 'N'),
(531, 531, 'N'),
(532, 532, 'Y'),
(533, 533, 'N'),
(534, 534, 'N'),
(535, 535, 'Y'),
(536, 536, 'Y'),
(537, 537, 'N'),
(538, 538, 'N'),
(539, 539, 'N'),
(540, 540, 'N'),
(541, 541, 'Y'),
(542, 542, 'N'),
(543, 543, 'N'),
(544, 544, 'N'),
(545, 545, 'N'),
(546, 546, 'N'),
(547, 547, 'N'),
(548, 548, 'Y'),
(549, 549, 'N'),
(550, 550, 'Y'),
(551, 551, 'Y'),
(552, 552, 'N'),
(553, 553, 'N'),
(554, 554, 'N'),
(555, 555, 'N'),
(556, 556, 'N'),
(557, 557, 'N'),
(558, 558, 'Y'),
(559, 559, 'Y'),
(560, 560, 'N'),
(561, 561, 'Y'),
(562, 562, 'N'),
(563, 563, 'N'),
(564, 564, 'N'),
(565, 565, 'N'),
(566, 566, 'Y'),
(567, 567, 'N'),
(568, 568, 'N'),
(569, 569, 'N'),
(570, 570, 'N'),
(571, 571, 'N'),
(572, 572, 'N'),
(573, 573, 'N'),
(574, 574, 'N'),
(575, 575, 'N'),
(576, 576, 'N'),
(577, 577, 'N'),
(578, 578, 'N'),
(579, 579, 'Y'),
(580, 580, 'Y'),
(581, 581, 'N'),
(582, 582, 'N'),
(583, 583, 'N'),
(584, 584, 'N'),
(585, 585, 'N'),
(586, 586, 'N'),
(587, 587, 'N'),
(588, 588, 'Y'),
(589, 589, 'N'),
(590, 590, 'N'),
(591, 591, 'N'),
(592, 592, 'N'),
(593, 593, 'N'),
(594, 594, 'N'),
(595, 595, 'Y'),
(596, 596, 'N'),
(597, 597, 'N'),
(598, 598, 'N'),
(599, 599, 'N'),
(600, 600, 'N'),
(601, 601, 'N'),
(602, 602, 'N'),
(603, 603, 'N'),
(604, 604, 'Y'),
(605, 605, 'N'),
(606, 606, 'N'),
(607, 607, 'N'),
(608, 608, 'N'),
(609, 609, 'N'),
(610, 610, 'N'),
(611, 611, 'N'),
(612, 612, 'N'),
(613, 613, 'Y'),
(614, 614, 'Y'),
(615, 615, 'Y'),
(616, 616, 'N'),
(617, 617, 'Y'),
(618, 618, 'N'),
(619, 619, 'N'),
(620, 620, 'N'),
(621, 621, 'N'),
(622, 622, 'N'),
(623, 623, 'N'),
(624, 624, 'N'),
(625, 625, 'N'),
(626, 626, 'N'),
(627, 627, 'N'),
(628, 628, 'N'),
(629, 629, 'N'),
(630, 630, 'N'),
(631, 631, 'N'),
(632, 632, 'N'),
(633, 633, 'Y'),
(634, 634, 'N'),
(635, 635, 'N'),
(636, 636, 'Y'),
(637, 637, 'N'),
(638, 638, 'N'),
(639, 639, 'N'),
(640, 640, 'N'),
(641, 641, 'N'),
(642, 642, 'N'),
(643, 643, 'N'),
(644, 644, 'N'),
(645, 645, 'N'),
(646, 646, 'N'),
(647, 647, 'N'),
(648, 648, 'Y'),
(649, 649, 'N'),
(650, 650, 'N'),
(651, 651, 'N'),
(652, 652, 'N'),
(653, 653, 'N'),
(654, 654, 'N'),
(655, 655, 'N'),
(656, 656, 'Y'),
(657, 657, 'Y'),
(658, 658, 'N'),
(659, 659, 'Y'),
(660, 660, 'N'),
(661, 661, 'N'),
(662, 662, 'N'),
(663, 663, 'N'),
(664, 664, 'N'),
(665, 665, 'N'),
(666, 666, 'N'),
(667, 667, 'N'),
(668, 668, 'N'),
(669, 669, 'Y'),
(670, 670, 'Y'),
(671, 671, 'N'),
(672, 672, 'N'),
(673, 673, 'N'),
(674, 674, 'N'),
(675, 675, 'N'),
(676, 676, 'N'),
(677, 677, 'Y'),
(678, 678, 'N'),
(679, 679, 'N'),
(680, 680, 'N'),
(681, 681, 'N'),
(682, 682, 'N'),
(683, 683, 'N'),
(684, 684, 'N'),
(685, 685, 'N'),
(686, 686, 'N'),
(687, 687, 'N'),
(688, 688, 'N'),
(689, 689, 'N'),
(690, 690, 'N'),
(691, 691, 'N'),
(692, 692, 'N'),
(693, 693, 'N'),
(694, 694, 'Y'),
(695, 695, 'Y'),
(696, 696, 'N'),
(697, 697, 'N'),
(698, 698, 'N'),
(699, 699, 'N'),
(700, 700, 'N'),
(701, 701, 'N'),
(702, 702, 'Y'),
(703, 703, 'N'),
(704, 704, 'N'),
(705, 705, 'N'),
(706, 706, 'N'),
(707, 707, 'Y'),
(708, 708, 'Y'),
(709, 709, 'Y'),
(710, 710, 'Y'),
(711, 711, 'N'),
(712, 712, 'N'),
(713, 713, 'N'),
(714, 714, 'N'),
(715, 715, 'N'),
(716, 716, 'Y'),
(717, 717, 'Y'),
(718, 718, 'N'),
(719, 719, 'Y'),
(720, 720, 'N'),
(721, 721, 'N'),
(722, 722, 'N'),
(723, 723, 'N'),
(724, 724, 'N'),
(725, 725, 'N'),
(726, 726, 'N'),
(727, 727, 'Y'),
(728, 728, 'N'),
(729, 729, 'N'),
(730, 730, 'N'),
(731, 731, 'N'),
(732, 732, 'N'),
(733, 733, 'N'),
(734, 734, 'N'),
(735, 735, 'N'),
(736, 736, 'N'),
(737, 737, 'N'),
(738, 738, 'N'),
(739, 739, 'Y'),
(740, 740, 'Y'),
(741, 741, 'N'),
(742, 742, 'N'),
(743, 743, 'N'),
(744, 744, 'N'),
(745, 745, 'Y'),
(746, 746, 'Y'),
(747, 747, 'N'),
(748, 748, 'N'),
(749, 749, 'N'),
(750, 750, 'N'),
(751, 751, 'N'),
(752, 752, 'N'),
(753, 753, 'N'),
(754, 754, 'N'),
(755, 755, 'N'),
(756, 756, 'N'),
(757, 757, 'N'),
(758, 758, 'N'),
(759, 759, 'N'),
(760, 760, 'N'),
(761, 761, 'N'),
(762, 762, 'N'),
(763, 763, 'N'),
(764, 764, 'Y'),
(765, 765, 'N'),
(766, 766, 'N'),
(767, 767, 'N'),
(768, 768, 'N'),
(769, 769, 'N'),
(770, 770, 'N'),
(771, 771, 'N'),
(772, 772, 'N'),
(773, 773, 'N'),
(774, 774, 'N'),
(775, 775, 'N'),
(776, 776, 'Y'),
(777, 777, 'N'),
(778, 778, 'N'),
(779, 779, 'N'),
(780, 780, 'N'),
(781, 781, 'N'),
(782, 782, 'N'),
(783, 783, 'N'),
(784, 784, 'N'),
(785, 785, 'N'),
(786, 786, 'N'),
(787, 787, 'N'),
(788, 788, 'N'),
(789, 789, 'Y'),
(790, 790, 'N'),
(791, 791, 'N'),
(792, 792, 'N'),
(793, 793, 'N'),
(794, 794, 'N'),
(795, 795, 'N'),
(796, 796, 'N'),
(797, 797, 'N'),
(798, 798, 'N'),
(799, 799, 'N'),
(800, 800, 'N'),
(801, 801, 'Y'),
(802, 802, 'N'),
(803, 803, 'N'),
(804, 804, 'N'),
(805, 805, 'N'),
(806, 806, 'N'),
(807, 807, 'N'),
(808, 808, 'N'),
(809, 809, 'N'),
(810, 810, 'N'),
(811, 811, 'N'),
(812, 812, 'N'),
(813, 813, 'N'),
(814, 814, 'N'),
(815, 815, 'Y'),
(816, 816, 'N'),
(817, 817, 'N'),
(818, 818, 'N'),
(819, 819, 'N'),
(820, 820, 'N'),
(821, 821, 'N'),
(822, 822, 'N'),
(823, 823, 'N'),
(824, 824, 'N'),
(825, 825, 'Y'),
(826, 826, 'N'),
(827, 827, 'N'),
(828, 828, 'N'),
(829, 829, 'N'),
(830, 830, 'N'),
(831, 831, 'N'),
(832, 832, 'N'),
(833, 833, 'N'),
(834, 834, 'N'),
(835, 835, 'N'),
(836, 836, 'N'),
(837, 837, 'N'),
(838, 838, 'N'),
(839, 839, 'N'),
(840, 840, 'N'),
(841, 841, 'N'),
(842, 842, 'N'),
(843, 843, 'N'),
(844, 844, 'N'),
(845, 845, 'N'),
(846, 846, 'N'),
(847, 847, 'N'),
(848, 848, 'N'),
(849, 849, 'N'),
(850, 850, 'N'),
(851, 851, 'N'),
(852, 852, 'N'),
(853, 853, 'Y'),
(854, 854, 'N'),
(855, 855, 'N'),
(856, 856, 'N'),
(857, 857, 'N'),
(858, 858, 'N'),
(859, 859, 'N'),
(860, 860, 'N'),
(861, 861, 'N'),
(862, 862, 'N'),
(863, 863, 'N'),
(864, 864, 'N'),
(865, 865, 'N'),
(866, 866, 'N'),
(867, 867, 'N'),
(868, 868, 'N'),
(869, 869, 'N'),
(870, 870, 'N'),
(871, 871, 'N'),
(872, 872, 'N'),
(873, 873, 'N'),
(874, 874, 'N'),
(875, 875, 'N'),
(876, 876, 'N'),
(877, 877, 'N'),
(878, 878, 'N'),
(879, 879, 'N'),
(880, 880, 'N'),
(881, 881, 'N'),
(882, 882, 'N'),
(883, 883, 'N'),
(884, 884, 'N'),
(885, 885, 'N'),
(886, 886, 'N'),
(887, 887, 'N'),
(888, 888, 'N'),
(889, 889, 'N'),
(890, 890, 'N'),
(891, 891, 'N'),
(892, 892, 'N'),
(893, 893, 'N'),
(894, 894, 'N'),
(895, 895, 'N'),
(896, 896, 'N'),
(897, 897, 'N'),
(898, 898, 'N'),
(899, 899, 'N'),
(900, 900, 'N'),
(901, 901, 'N'),
(902, 902, 'N'),
(903, 903, 'N'),
(904, 904, 'N'),
(905, 905, 'N'),
(906, 906, 'N'),
(907, 907, 'N'),
(908, 908, 'N'),
(909, 909, 'N'),
(910, 910, 'N'),
(911, 911, 'N'),
(912, 912, 'N'),
(913, 913, 'N'),
(914, 914, 'N'),
(915, 915, 'N'),
(916, 916, 'N'),
(917, 917, 'N'),
(918, 918, 'N'),
(919, 919, 'N'),
(920, 920, 'N'),
(921, 921, 'N'),
(922, 922, 'N'),
(923, 923, 'N'),
(924, 924, 'N'),
(925, 925, 'N'),
(926, 926, 'N'),
(927, 927, 'N'),
(928, 928, 'N'),
(929, 929, 'N'),
(930, 930, 'N'),
(931, 931, 'N'),
(932, 932, 'N'),
(933, 933, 'N'),
(934, 934, 'N'),
(935, 935, 'N'),
(936, 936, 'N'),
(937, 937, 'N'),
(938, 938, 'N'),
(939, 939, 'N'),
(940, 940, 'N'),
(941, 941, 'N'),
(942, 942, 'N'),
(943, 943, 'N'),
(944, 944, 'N'),
(945, 945, 'N'),
(946, 946, 'N'),
(947, 947, 'N'),
(948, 948, 'N'),
(949, 949, 'N'),
(950, 950, 'N'),
(951, 951, 'N'),
(952, 952, 'N'),
(953, 953, 'N'),
(954, 954, 'N'),
(955, 955, 'N'),
(956, 956, 'N'),
(957, 957, 'N'),
(958, 958, 'N'),
(959, 959, 'N'),
(960, 960, 'N'),
(961, 961, 'N'),
(962, 962, 'N'),
(963, 963, 'N'),
(964, 964, 'N'),
(965, 965, 'N'),
(966, 966, 'N'),
(967, 967, 'N'),
(968, 968, 'N'),
(969, 969, 'N'),
(970, 970, 'N'),
(971, 971, 'N'),
(972, 972, 'N'),
(973, 973, 'N'),
(974, 974, 'N'),
(975, 975, 'N'),
(976, 976, 'N'),
(977, 977, 'N'),
(978, 978, 'N'),
(979, 979, 'N'),
(980, 980, 'N'),
(981, 981, 'N'),
(982, 982, 'N'),
(983, 983, 'N'),
(984, 984, 'N'),
(985, 985, 'N'),
(986, 986, 'N'),
(987, 987, 'N'),
(988, 988, 'N'),
(989, 989, 'N'),
(990, 990, 'N'),
(991, 991, 'N'),
(992, 992, 'N'),
(993, 993, 'N'),
(994, 994, 'N'),
(995, 995, 'N'),
(996, 996, 'N'),
(997, 997, 'N'),
(998, 998, 'N'),
(999, 999, 'N'),
(1000, 1000, 'N'),
(1001, 1001, 'N'),
(1002, 1002, 'N');

-- --------------------------------------------------------

--
-- Table structure for table `clients`
--

CREATE TABLE IF NOT EXISTS `clients` (
  `id` int(10) NOT NULL AUTO_INCREMENT,
  `clientno` int(10) DEFAULT NULL,
  `fulnames` varchar(50) COLLATE latin1_general_ci DEFAULT NULL,
  `initials` varchar(50) COLLATE latin1_general_ci DEFAULT NULL,
  `gender` int(10) DEFAULT NULL,
  `religion` int(10) NOT NULL,
  `ms` int(10) DEFAULT NULL,
  `dob` date DEFAULT NULL,
  `idno` varchar(50) COLLATE latin1_general_ci DEFAULT NULL,
  `pinno` varchar(50) COLLATE latin1_general_ci DEFAULT NULL,
  `address` varchar(50) COLLATE latin1_general_ci DEFAULT NULL,
  `town` int(10) DEFAULT NULL,
  `pcode` int(10) DEFAULT NULL,
  `phone` varchar(10) COLLATE latin1_general_ci DEFAULT NULL,
  `ccode` int(10) DEFAULT NULL,
  `mobile` varchar(10) COLLATE latin1_general_ci DEFAULT NULL,
  `email` varchar(50) COLLATE latin1_general_ci DEFAULT NULL,
  `workplace` varchar(50) COLLATE latin1_general_ci DEFAULT NULL,
  `lrno` varchar(50) COLLATE latin1_general_ci DEFAULT NULL,
  `street` varchar(50) COLLATE latin1_general_ci DEFAULT NULL,
  `building` varchar(50) COLLATE latin1_general_ci DEFAULT NULL,
  `office2` varchar(50) COLLATE latin1_general_ci DEFAULT NULL,
  `ref` varchar(50) COLLATE latin1_general_ci DEFAULT NULL,
  `category` varchar(50) COLLATE latin1_general_ci NOT NULL,
  `regno` varchar(50) COLLATE latin1_general_ci DEFAULT NULL,
  `fax` varchar(50) COLLATE latin1_general_ci DEFAULT NULL,
  `contactperson` varchar(50) COLLATE latin1_general_ci DEFAULT NULL,
  `companytype` int(10) DEFAULT NULL,
  `vat` varchar(50) COLLATE latin1_general_ci DEFAULT NULL,
  `imgurl` varchar(50) COLLATE latin1_general_ci DEFAULT NULL,
  PRIMARY KEY (`id`)
) ENGINE=MyISAM  DEFAULT CHARSET=latin1 COLLATE=latin1_general_ci ROW_FORMAT=DYNAMIC AUTO_INCREMENT=252 ;

--
-- Dumping data for table `clients`
--

INSERT INTO `clients` (`id`, `clientno`, `fulnames`, `initials`, `gender`, `religion`, `ms`, `dob`, `idno`, `pinno`, `address`, `town`, `pcode`, `phone`, `ccode`, `mobile`, `email`, `workplace`, `lrno`, `street`, `building`, `office2`, `ref`, `category`, `regno`, `fax`, `contactperson`, `companytype`, `vat`, `imgurl`) VALUES
(6, 670, 'Acta Holdings ltd ', 'AH', NULL, 0, NULL, NULL, NULL, NULL, NULL, 1, NULL, NULL, NULL, NULL, NULL, NULL, NULL, NULL, NULL, NULL, NULL, 'c', NULL, NULL, NULL, 1, NULL, NULL),
(3, 4, 'AFRI FASHIONS LTD', 'AF', NULL, 0, NULL, NULL, NULL, NULL, NULL, 1, NULL, NULL, NULL, NULL, NULL, NULL, NULL, NULL, NULL, NULL, NULL, 'c', NULL, NULL, NULL, 1, NULL, NULL),
(4, 707, 'Africa Banking Corporation ltd', 'AB', NULL, 0, NULL, NULL, NULL, NULL, NULL, 1, NULL, NULL, NULL, NULL, NULL, NULL, NULL, NULL, NULL, NULL, NULL, 'c', NULL, NULL, NULL, 1, NULL, NULL),
(5, 302, 'Africa Polysack ltd  ', 'AP', NULL, 0, NULL, NULL, NULL, NULL, NULL, 1, NULL, NULL, NULL, NULL, NULL, NULL, NULL, NULL, NULL, NULL, NULL, 'c', NULL, NULL, NULL, 1, NULL, NULL),
(226, 389, 'Akay HouseWares ltd.', 'AH', NULL, 0, NULL, NULL, NULL, '', '', 1, 0, '', 0, '', '', NULL, '', '', '', '', '', 'c', '', '', '', 1, '', NULL),
(8, 419, 'BMA MISC (ALICIA COMMODITIES (K)LTD', 'MC', NULL, 0, NULL, NULL, NULL, '', '', 1, 0, '', 0, '', '', NULL, '', '', '', '', '', 'c', '', '', '', 1, '', NULL),
(11, 746, 'Alice Ndegwa  ', 'AN', 2, 7, 1, '1986-03-14', NULL, NULL, NULL, 1, NULL, NULL, NULL, NULL, NULL, NULL, NULL, NULL, NULL, NULL, NULL, 'i', NULL, NULL, NULL, NULL, NULL, '../docs/'),
(12, 719, 'Alison Products (K) ltd.  ', 'AP', NULL, 0, NULL, NULL, NULL, NULL, NULL, 1, NULL, NULL, NULL, NULL, NULL, NULL, NULL, NULL, NULL, NULL, NULL, 'c', NULL, NULL, NULL, 1, NULL, NULL),
(13, 314, 'ALLIANT INTERNATIONAL  ', 'AI', NULL, 0, NULL, NULL, NULL, NULL, NULL, 1, NULL, NULL, NULL, NULL, NULL, NULL, NULL, NULL, NULL, NULL, NULL, 'c', NULL, NULL, NULL, 1, NULL, NULL),
(14, 273, 'AL-MICDAD PARCEL SERVICES  ', 'AP', NULL, 0, NULL, NULL, NULL, NULL, NULL, 1, NULL, NULL, NULL, NULL, NULL, NULL, NULL, NULL, NULL, NULL, NULL, 'c', NULL, NULL, NULL, 1, NULL, NULL),
(15, 305, 'Ambala Villa ltd.  ', 'AV', NULL, 0, NULL, NULL, NULL, NULL, NULL, 1, NULL, NULL, NULL, NULL, NULL, NULL, NULL, NULL, NULL, NULL, NULL, 'c', NULL, NULL, NULL, 1, NULL, NULL),
(16, 9, 'Amcon Constructions ltd.  ', 'AC', NULL, 0, NULL, NULL, NULL, NULL, NULL, 1, NULL, NULL, NULL, NULL, NULL, NULL, NULL, NULL, NULL, NULL, NULL, 'c', NULL, NULL, NULL, 1, NULL, NULL),
(17, 10, 'Amrital. K. Shah  ', 'AK', 1, 7, 1, '1988-03-10', NULL, NULL, NULL, 1, NULL, NULL, NULL, NULL, NULL, NULL, NULL, NULL, NULL, NULL, NULL, 'i', NULL, NULL, NULL, NULL, NULL, '../docs/'),
(18, 354, 'John Kiragu Wambugu', 'JK', 1, 7, 1, '2010-03-10', '', '', '', 1, 0, '', 0, '', '', '', '', '', '', '', '', 'i', NULL, NULL, NULL, NULL, NULL, '../docs/'),
(19, 464, 'APOLLO BUILDING CONTRACTORS  ', 'AB', NULL, 0, NULL, NULL, NULL, NULL, NULL, 1, NULL, NULL, NULL, NULL, NULL, NULL, NULL, NULL, NULL, NULL, NULL, 'c', NULL, NULL, NULL, 1, NULL, NULL),
(20, 516, 'ASSOCIATED CONSTRUCTION CO(K) LTD  ', 'AC', NULL, 0, NULL, NULL, NULL, NULL, NULL, 1, NULL, NULL, NULL, NULL, NULL, NULL, NULL, NULL, NULL, NULL, NULL, 'c', NULL, NULL, NULL, 1, NULL, NULL),
(21, 14, 'ASSOCIATED STEEL LTD  ', 'AS', NULL, 0, NULL, NULL, NULL, NULL, NULL, 1, NULL, NULL, NULL, NULL, NULL, NULL, NULL, NULL, NULL, NULL, NULL, 'c', NULL, NULL, NULL, 1, NULL, NULL),
(25, 457, 'AVENUE SERVICE STATION (1977) LTD  ', 'AS', NULL, 0, NULL, NULL, NULL, NULL, NULL, 1, NULL, NULL, NULL, NULL, NULL, NULL, NULL, NULL, NULL, NULL, NULL, 'c', NULL, NULL, NULL, 1, NULL, NULL),
(23, 418, 'AUM HOLDINGS LTD  ', 'AH', NULL, 0, NULL, NULL, NULL, NULL, NULL, 1, NULL, NULL, NULL, NULL, NULL, NULL, NULL, NULL, NULL, NULL, NULL, 'c', NULL, NULL, NULL, 1, NULL, NULL),
(24, 197, 'SYNERGY INDUSTRIAL CREDIT LTD', 'SI', NULL, 0, NULL, NULL, NULL, '', '', 1, 0, '', 0, '', '', NULL, '', '', '', '', '', 'c', '', '', '', 1, '', NULL),
(26, 27, 'B.M Shah  &  Others  ', 'BM', NULL, 0, NULL, NULL, NULL, NULL, NULL, 1, NULL, NULL, NULL, NULL, NULL, NULL, NULL, NULL, NULL, NULL, NULL, 'c', NULL, NULL, NULL, 1, NULL, NULL),
(244, 293, 'Elites Gardens Villas ltd.', 'EG', NULL, 0, NULL, NULL, NULL, NULL, NULL, 1, NULL, NULL, NULL, NULL, NULL, NULL, NULL, NULL, NULL, NULL, NULL, 'c', NULL, NULL, NULL, 1, NULL, NULL),
(28, 21, 'BakPharm ltd.  ', 'BL', NULL, 0, NULL, NULL, NULL, NULL, NULL, 1, NULL, NULL, NULL, NULL, NULL, NULL, NULL, NULL, NULL, NULL, NULL, 'c', NULL, NULL, NULL, 1, NULL, NULL),
(29, 356, 'BAY HOLDINGS LIMITED  ', 'BH', NULL, 0, NULL, NULL, NULL, NULL, NULL, 1, NULL, NULL, NULL, NULL, NULL, NULL, NULL, NULL, NULL, NULL, NULL, 'c', NULL, NULL, NULL, 1, NULL, NULL),
(30, 24, 'BECO PROPERTIES LIMITED  ', 'BP', NULL, 0, NULL, NULL, NULL, NULL, NULL, 1, NULL, NULL, NULL, NULL, NULL, NULL, NULL, NULL, NULL, NULL, NULL, 'c', NULL, NULL, NULL, 1, NULL, NULL),
(31, 613, 'Bende Building Contractors  ', 'BB', NULL, 0, NULL, NULL, NULL, NULL, NULL, 1, NULL, NULL, NULL, NULL, NULL, NULL, NULL, NULL, NULL, NULL, NULL, 'c', NULL, NULL, NULL, 1, NULL, NULL),
(32, 277, 'Bengi Miriti & Associates   ', 'BM', NULL, 0, NULL, NULL, NULL, NULL, NULL, 1, NULL, NULL, NULL, NULL, NULL, NULL, NULL, NULL, NULL, NULL, NULL, 'c', NULL, NULL, NULL, 1, NULL, NULL),
(33, 436, 'Bengi Miriti & Associates  LTD ', 'BM', NULL, 0, NULL, NULL, NULL, NULL, NULL, 1, NULL, NULL, NULL, NULL, NULL, NULL, NULL, NULL, NULL, NULL, NULL, 'c', NULL, NULL, NULL, 1, NULL, NULL),
(236, 588, 'The Eminent Group ltd.', 'TE', NULL, 0, NULL, NULL, NULL, NULL, NULL, 1, NULL, NULL, NULL, NULL, NULL, NULL, NULL, NULL, NULL, NULL, NULL, 'c', NULL, NULL, NULL, 1, NULL, NULL),
(231, 37, 'CAPITOL PRINTERS LTD', 'CP', NULL, 0, NULL, NULL, NULL, NULL, NULL, 1, NULL, NULL, NULL, NULL, NULL, NULL, NULL, NULL, NULL, NULL, NULL, 'c', NULL, NULL, NULL, 1, NULL, NULL),
(36, 25, 'BHAGWANJI GUDKA & OTHERS  ', 'BM', NULL, 0, NULL, NULL, NULL, NULL, NULL, 1, NULL, NULL, NULL, NULL, NULL, NULL, NULL, NULL, NULL, NULL, NULL, 'c', NULL, NULL, NULL, 1, NULL, NULL),
(37, 304, 'BHULER LTD  ', 'BL', NULL, 0, NULL, NULL, NULL, NULL, NULL, 1, NULL, NULL, NULL, NULL, NULL, NULL, NULL, NULL, NULL, NULL, NULL, 'c', NULL, NULL, NULL, 1, NULL, NULL),
(38, 26, 'BHUPCO Textiles ltd.  ', 'BT', NULL, 0, NULL, NULL, NULL, NULL, NULL, 1, NULL, NULL, NULL, NULL, NULL, NULL, NULL, NULL, NULL, NULL, NULL, 'c', NULL, NULL, NULL, 1, NULL, NULL),
(39, 532, 'Billow E.A ltd.  ', 'BE', NULL, 0, NULL, NULL, NULL, NULL, NULL, 1, NULL, NULL, NULL, NULL, NULL, NULL, NULL, NULL, NULL, NULL, NULL, 'c', NULL, NULL, NULL, 1, NULL, NULL),
(40, 517, 'BioScience Eastern & Central Africa  ', 'BE', NULL, 0, NULL, NULL, NULL, NULL, NULL, 1, NULL, NULL, NULL, NULL, NULL, NULL, NULL, NULL, NULL, NULL, NULL, 'c', NULL, NULL, NULL, 1, NULL, NULL),
(41, 30, 'BISTAR INVESTMENTS LTD  ', 'BI', NULL, 0, NULL, NULL, NULL, NULL, NULL, 1, NULL, NULL, NULL, NULL, NULL, NULL, NULL, NULL, NULL, NULL, NULL, 'c', NULL, NULL, NULL, 1, NULL, NULL),
(42, 31, 'Bistar Kenya Ltd.   ', 'BK', NULL, 0, NULL, NULL, NULL, NULL, NULL, 1, NULL, NULL, NULL, NULL, NULL, NULL, NULL, NULL, NULL, NULL, NULL, 'c', NULL, NULL, NULL, 1, NULL, NULL),
(43, 365, 'BLINDS MASTER LTD  ', 'BM', NULL, 0, NULL, NULL, NULL, NULL, NULL, 1, NULL, NULL, NULL, NULL, NULL, NULL, NULL, NULL, NULL, NULL, NULL, 'c', NULL, NULL, NULL, 1, NULL, NULL),
(230, 345, 'BLOWPLAST LIMITED  ', 'BL', NULL, 0, NULL, NULL, NULL, NULL, NULL, 1, NULL, NULL, NULL, NULL, NULL, NULL, NULL, NULL, NULL, NULL, NULL, 'c', NULL, NULL, NULL, 1, NULL, NULL),
(45, 32, 'BOMCO  BUILDING CONTRACTORS LTD  ', 'BB', NULL, 0, NULL, NULL, NULL, NULL, NULL, 1, NULL, NULL, NULL, NULL, NULL, NULL, NULL, NULL, NULL, NULL, NULL, 'c', NULL, NULL, NULL, 1, NULL, NULL),
(46, 441, 'BRAND PRINTERS LTD  ', 'BP', NULL, 0, NULL, NULL, NULL, NULL, NULL, 1, NULL, NULL, NULL, NULL, NULL, NULL, NULL, NULL, NULL, NULL, NULL, 'c', NULL, NULL, NULL, 1, NULL, NULL),
(47, 236, 'BRANDED WORLD  ', 'BW', NULL, 0, NULL, NULL, NULL, NULL, NULL, 1, NULL, NULL, NULL, NULL, NULL, NULL, NULL, NULL, NULL, NULL, NULL, 'c', NULL, NULL, NULL, 1, NULL, NULL),
(48, 853, 'BRIJ HOLDINGS LTD  ', 'BH', NULL, 0, NULL, NULL, NULL, NULL, NULL, 1, NULL, NULL, NULL, NULL, NULL, NULL, NULL, NULL, NULL, NULL, NULL, 'c', NULL, NULL, NULL, 1, NULL, NULL),
(49, 433, 'BRIJ HOLDINGS LTD  ', 'BH', NULL, 0, NULL, NULL, NULL, NULL, NULL, 1, NULL, NULL, NULL, NULL, NULL, NULL, NULL, NULL, NULL, NULL, NULL, 'c', NULL, NULL, NULL, 1, NULL, NULL),
(50, 342, 'BROADWAY ENTERPRISES  LTD  ', 'BE', NULL, 0, NULL, NULL, NULL, NULL, NULL, 1, NULL, NULL, NULL, NULL, NULL, NULL, NULL, NULL, NULL, NULL, NULL, 'c', NULL, NULL, NULL, 1, NULL, NULL),
(51, 497, 'BUDHIA ENTERPRISES  ', 'BE', NULL, 0, NULL, NULL, NULL, NULL, NULL, 1, NULL, NULL, NULL, NULL, NULL, NULL, NULL, NULL, NULL, NULL, NULL, 'c', NULL, NULL, NULL, 2, NULL, NULL),
(52, 604, 'BUNNY IMPRESSIONS  ', 'BI', NULL, 0, NULL, NULL, NULL, NULL, NULL, 1, NULL, NULL, NULL, NULL, NULL, NULL, NULL, NULL, NULL, NULL, NULL, 'c', NULL, NULL, NULL, 1, NULL, NULL),
(53, 35, 'BUREAU VERITAS LTD  ', 'BV', NULL, 0, NULL, NULL, NULL, NULL, NULL, 1, NULL, NULL, NULL, NULL, NULL, NULL, NULL, NULL, NULL, NULL, NULL, 'c', NULL, NULL, NULL, 1, NULL, NULL),
(242, 289, 'CROWN CLOTHING (K) LTD', 'CC', NULL, 0, NULL, NULL, NULL, NULL, NULL, 1, NULL, NULL, NULL, NULL, NULL, NULL, NULL, NULL, NULL, NULL, NULL, 'c', NULL, NULL, NULL, 2, NULL, NULL),
(55, 352, 'BUSHTOCK ENTERTAINMENT  ', 'BE', NULL, 0, NULL, NULL, NULL, NULL, NULL, 1, NULL, NULL, NULL, NULL, NULL, NULL, NULL, NULL, NULL, NULL, NULL, 'c', NULL, NULL, NULL, 1, NULL, NULL),
(56, 353, 'BUSHTOCK ENTERTAINMENT LTD ', 'BE', NULL, 0, NULL, NULL, NULL, NULL, NULL, 1, NULL, NULL, NULL, NULL, NULL, NULL, NULL, NULL, NULL, NULL, NULL, 'c', NULL, NULL, NULL, 1, NULL, NULL),
(57, 548, 'Butterworth ltd.  ', 'BE', NULL, 0, NULL, NULL, NULL, NULL, NULL, 1, NULL, NULL, NULL, NULL, NULL, NULL, NULL, NULL, NULL, NULL, NULL, 'c', NULL, NULL, NULL, 1, NULL, NULL),
(58, 633, 'Cadplan Architects  ', 'CA', NULL, 0, NULL, NULL, NULL, NULL, NULL, 1, NULL, NULL, NULL, NULL, NULL, NULL, NULL, NULL, NULL, NULL, NULL, 'c', NULL, NULL, NULL, 1, NULL, NULL),
(59, 551, 'CANTON STEEL FABRICATORS LTD  ', 'CS', NULL, 0, NULL, NULL, NULL, NULL, NULL, 1, NULL, NULL, NULL, NULL, NULL, NULL, NULL, NULL, NULL, NULL, NULL, 'c', NULL, NULL, NULL, 1, NULL, NULL),
(60, 36, 'CAPARO LTD  ', 'CL', NULL, 0, NULL, NULL, NULL, NULL, NULL, 1, NULL, NULL, NULL, NULL, NULL, NULL, NULL, NULL, NULL, NULL, NULL, 'c', NULL, NULL, NULL, 1, NULL, NULL),
(61, 38, 'Caprin Stationers ltd  ', 'CS', NULL, 0, NULL, NULL, NULL, NULL, NULL, 1, NULL, NULL, NULL, NULL, NULL, NULL, NULL, NULL, NULL, NULL, NULL, 'c', NULL, NULL, NULL, 1, NULL, NULL),
(62, 40, 'CENTRAL CLOTHING LTD  ', 'CC', NULL, 0, NULL, NULL, NULL, NULL, NULL, 1, NULL, NULL, NULL, NULL, NULL, NULL, NULL, NULL, NULL, NULL, NULL, 'c', NULL, NULL, NULL, 1, NULL, NULL),
(63, 42, 'CHESTER INSURANCE BROKERS LIMITED  ', 'CI', NULL, 0, NULL, NULL, NULL, NULL, NULL, 1, NULL, NULL, NULL, NULL, NULL, NULL, NULL, NULL, NULL, NULL, NULL, 'c', NULL, NULL, NULL, 1, NULL, NULL),
(64, 363, 'CHRYSALIS  ', 'CL', NULL, 0, NULL, NULL, NULL, NULL, NULL, 1, NULL, NULL, NULL, NULL, NULL, NULL, NULL, NULL, NULL, NULL, NULL, 'c', NULL, NULL, NULL, 1, NULL, NULL),
(65, 379, 'CHRYSALIS   LTD', 'CL', NULL, 0, NULL, NULL, NULL, NULL, NULL, 1, NULL, NULL, NULL, NULL, NULL, NULL, NULL, NULL, NULL, NULL, NULL, 'c', NULL, NULL, NULL, 1, NULL, NULL),
(66, 310, 'CITY HOOPER LIMITED  ', 'CH', NULL, 0, NULL, NULL, NULL, NULL, NULL, 1, NULL, NULL, NULL, NULL, NULL, NULL, NULL, NULL, NULL, NULL, NULL, 'c', NULL, NULL, NULL, 1, NULL, NULL),
(67, 45, 'Coil Products ltd  ', 'CP', NULL, 0, NULL, NULL, NULL, NULL, NULL, 1, NULL, NULL, NULL, NULL, NULL, NULL, NULL, NULL, NULL, NULL, NULL, 'c', NULL, NULL, NULL, 1, NULL, NULL),
(68, 380, 'CONCORD INSURANCE COMPANY LTD  ', 'CI', NULL, 0, NULL, NULL, NULL, NULL, NULL, 1, NULL, NULL, NULL, NULL, NULL, NULL, NULL, NULL, NULL, NULL, NULL, 'c', NULL, NULL, NULL, 1, NULL, NULL),
(69, 49, 'Connix Industries ltd.  ', 'CI', NULL, 0, NULL, NULL, NULL, NULL, NULL, 1, NULL, NULL, NULL, NULL, NULL, NULL, NULL, NULL, NULL, NULL, NULL, 'c', NULL, NULL, NULL, 1, NULL, NULL),
(70, 364, 'COSMOS  MOTOR SPARES LTD  ', 'CM', NULL, 0, NULL, NULL, NULL, NULL, NULL, 1, NULL, NULL, NULL, NULL, NULL, NULL, NULL, NULL, NULL, NULL, NULL, 'c', NULL, NULL, NULL, 1, NULL, NULL),
(71, 372, 'Count On Us Marketing ltd.  ', 'CO', NULL, 0, NULL, NULL, NULL, '', '', 1, 0, '', 0, '', '', NULL, '', '', '', '', '', 'c', '', '', '', 1, '', NULL),
(72, 286, 'CRAFT SILICON LTD  ', 'CS', NULL, 0, NULL, NULL, NULL, NULL, NULL, 1, NULL, NULL, NULL, NULL, NULL, NULL, NULL, NULL, NULL, NULL, NULL, 'c', NULL, NULL, NULL, 1, NULL, NULL),
(73, 495, 'CRESTED CRANE LTD  ', 'CC', NULL, 0, NULL, NULL, NULL, NULL, NULL, 1, NULL, NULL, NULL, NULL, NULL, NULL, NULL, NULL, NULL, NULL, NULL, 'c', NULL, NULL, NULL, 1, NULL, NULL),
(74, 482, 'Crown Printers & Stationers(K)  ', 'CP', NULL, 0, NULL, NULL, NULL, NULL, NULL, 1, NULL, NULL, NULL, NULL, NULL, NULL, NULL, NULL, NULL, NULL, NULL, 'c', NULL, NULL, NULL, 1, NULL, NULL),
(75, 496, 'Curtain Covers ltd.   ', 'CC', NULL, 0, NULL, NULL, NULL, NULL, NULL, 1, NULL, NULL, NULL, NULL, NULL, NULL, NULL, NULL, NULL, NULL, NULL, 'c', NULL, NULL, NULL, 1, NULL, NULL),
(76, 579, 'Daisy Print ltd.  ', 'DP', NULL, 0, NULL, NULL, NULL, NULL, NULL, 1, NULL, NULL, NULL, NULL, NULL, NULL, NULL, NULL, NULL, NULL, NULL, 'c', NULL, NULL, NULL, 1, NULL, NULL),
(77, 500, 'Datalynx ltd.  ', 'DL', NULL, 0, NULL, NULL, NULL, NULL, NULL, 1, NULL, NULL, NULL, NULL, NULL, NULL, NULL, NULL, NULL, NULL, NULL, 'c', NULL, NULL, NULL, 1, NULL, NULL),
(78, 536, 'DAVID WAIGANJA KIGWE', 'DW', 1, 7, 1, '1976-04-08', NULL, NULL, NULL, 1, NULL, NULL, NULL, NULL, NULL, NULL, NULL, NULL, NULL, NULL, NULL, 'i', NULL, NULL, NULL, NULL, NULL, '../docs/'),
(79, 614, 'Davinder & Devgun   ', 'DS', 1, 7, 1, '1992-04-02', NULL, NULL, NULL, 1, NULL, NULL, NULL, NULL, NULL, NULL, NULL, NULL, NULL, NULL, NULL, 'i', NULL, NULL, NULL, NULL, NULL, '../docs/'),
(80, 55, 'DEVKAN ENTERPRISES LTD  ', 'DE', NULL, 0, NULL, NULL, NULL, NULL, NULL, 1, NULL, NULL, NULL, NULL, NULL, NULL, NULL, NULL, NULL, NULL, NULL, 'c', NULL, NULL, NULL, 1, NULL, NULL),
(81, 475, 'Dhiren Hair Designers ltd.  ', 'DH', NULL, 0, NULL, NULL, NULL, NULL, NULL, 1, NULL, NULL, NULL, NULL, NULL, NULL, NULL, NULL, NULL, NULL, NULL, 'c', NULL, NULL, NULL, 1, NULL, NULL),
(82, 615, 'DONG FA CO. LTD  ', 'DF', NULL, 0, NULL, NULL, NULL, NULL, NULL, 1, NULL, NULL, NULL, NULL, NULL, NULL, NULL, NULL, NULL, NULL, NULL, 'c', NULL, NULL, NULL, 1, NULL, NULL),
(83, 523, 'Dreamline College ltd.  ', 'DC', NULL, 0, NULL, NULL, NULL, NULL, NULL, 1, NULL, NULL, NULL, NULL, NULL, NULL, NULL, NULL, NULL, NULL, NULL, 'c', NULL, NULL, NULL, 1, NULL, NULL),
(84, 559, 'DUNHILL CONSULTING LTD  ', 'DC', NULL, 0, NULL, NULL, NULL, NULL, NULL, 1, NULL, NULL, NULL, NULL, NULL, NULL, NULL, NULL, NULL, NULL, NULL, 'c', NULL, NULL, NULL, 1, NULL, NULL),
(85, 333, 'ELITE OFFSET LTD  ', 'EO', NULL, 0, NULL, NULL, NULL, NULL, NULL, 1, NULL, NULL, NULL, NULL, NULL, NULL, NULL, NULL, NULL, NULL, NULL, 'c', NULL, NULL, NULL, 1, NULL, NULL),
(86, 334, 'ELITE TOOLS LIMITED  ', 'ET', NULL, 0, NULL, NULL, NULL, NULL, NULL, 1, NULL, NULL, NULL, NULL, NULL, NULL, NULL, NULL, NULL, NULL, NULL, 'c', NULL, NULL, NULL, 1, NULL, NULL),
(87, 240, 'ENDEAVOUR AFRICA LIMITED  ', 'EA', NULL, 0, NULL, NULL, NULL, NULL, NULL, 1, NULL, NULL, NULL, NULL, NULL, NULL, NULL, NULL, NULL, NULL, NULL, 'c', NULL, NULL, NULL, 1, NULL, NULL),
(88, 493, 'ENTERPRISE INFORMATION SYSTEM LTD  ', 'EI', NULL, 0, NULL, NULL, NULL, NULL, NULL, 1, NULL, NULL, NULL, NULL, NULL, NULL, NULL, NULL, NULL, NULL, NULL, 'c', NULL, NULL, NULL, 1, NULL, NULL),
(89, 566, 'Epco Builder ltd.   ', 'EB', NULL, 0, NULL, NULL, NULL, NULL, NULL, 1, NULL, NULL, NULL, NULL, NULL, NULL, NULL, NULL, NULL, NULL, NULL, 'c', NULL, NULL, NULL, 1, NULL, NULL),
(90, 541, 'Epton Properties ltd.  ', 'EP', NULL, 0, NULL, NULL, NULL, NULL, NULL, 1, NULL, NULL, NULL, NULL, NULL, NULL, NULL, NULL, NULL, NULL, NULL, 'c', NULL, NULL, NULL, 1, NULL, NULL),
(238, 209, 'United Chemicals Industries l.t.d.', 'UC', NULL, 0, NULL, NULL, NULL, NULL, NULL, 1, NULL, NULL, NULL, NULL, NULL, NULL, NULL, NULL, NULL, NULL, NULL, 'c', NULL, NULL, NULL, 1, NULL, NULL),
(92, 272, 'ESTATE OF S. R . SHAH  ', 'ES', 3, 7, 1, '2005-04-07', NULL, NULL, NULL, 1, NULL, NULL, NULL, NULL, NULL, NULL, NULL, NULL, NULL, NULL, NULL, 'i', NULL, NULL, NULL, NULL, NULL, '../docs/'),
(93, 636, 'EXPRESS AIR SERVICES LTD  ', 'EA', NULL, 0, NULL, NULL, NULL, NULL, NULL, 1, NULL, NULL, NULL, NULL, NULL, NULL, NULL, NULL, NULL, NULL, NULL, 'c', NULL, NULL, NULL, 1, NULL, NULL),
(94, 648, 'Family Signature ltd.  ', 'FS', NULL, 0, NULL, NULL, NULL, NULL, NULL, 1, NULL, NULL, NULL, NULL, NULL, NULL, NULL, NULL, NULL, NULL, NULL, 'c', NULL, NULL, NULL, 1, NULL, NULL),
(95, 401, 'FARM INDUSTRIES LTD  ', 'FI', NULL, 0, NULL, NULL, NULL, NULL, NULL, 1, NULL, NULL, NULL, NULL, NULL, NULL, NULL, NULL, NULL, NULL, NULL, 'c', NULL, NULL, NULL, 1, NULL, NULL),
(96, 343, 'FINA BANK LTD  ', 'FB', NULL, 0, NULL, NULL, NULL, NULL, NULL, 1, NULL, NULL, NULL, NULL, NULL, NULL, NULL, NULL, NULL, NULL, NULL, 'c', NULL, NULL, NULL, 1, NULL, NULL),
(97, 295, 'FOLIO PRINTERS LTD  ', 'FP', NULL, 0, NULL, NULL, NULL, NULL, NULL, 1, NULL, NULL, NULL, NULL, NULL, NULL, NULL, NULL, NULL, NULL, NULL, 'c', NULL, NULL, NULL, 1, NULL, NULL),
(98, 291, 'G.Z Milling & Processing Consultancy ltd.  ', 'GZ', NULL, 0, NULL, NULL, NULL, NULL, NULL, 1, NULL, NULL, NULL, NULL, NULL, NULL, NULL, NULL, NULL, NULL, NULL, 'c', NULL, NULL, NULL, 1, NULL, NULL),
(99, 709, 'Geosurvey Engineering & Environmental Services ltd', 'GE', NULL, 0, NULL, NULL, NULL, NULL, NULL, 1, NULL, NULL, NULL, NULL, NULL, NULL, NULL, NULL, NULL, NULL, NULL, 'c', NULL, NULL, NULL, 1, NULL, NULL),
(100, 22, 'GLDEN DAWN APARTMENT LTD  ', 'GD', NULL, 0, NULL, NULL, NULL, NULL, NULL, 1, NULL, NULL, NULL, NULL, NULL, NULL, NULL, NULL, NULL, NULL, NULL, 'c', NULL, NULL, NULL, 1, NULL, NULL),
(101, 430, 'GLOBECAST AFRICA (PROPRIETARY) LTD  ', 'GA', NULL, 0, NULL, NULL, NULL, NULL, NULL, 1, NULL, NULL, NULL, NULL, NULL, NULL, NULL, NULL, NULL, NULL, NULL, 'c', NULL, NULL, NULL, 1, NULL, NULL),
(102, 231, 'GREAT KEFAST WORKS  LIMITED  ', 'DK', NULL, 0, NULL, NULL, NULL, NULL, NULL, 1, NULL, NULL, NULL, NULL, NULL, NULL, NULL, NULL, NULL, NULL, NULL, 'c', NULL, NULL, NULL, 1, NULL, NULL),
(103, 444, 'GREAT KEFAST WORKS  LIMITED  ', 'GK', NULL, 0, NULL, NULL, NULL, NULL, NULL, 1, NULL, NULL, NULL, NULL, NULL, NULL, NULL, NULL, NULL, NULL, NULL, 'c', NULL, NULL, NULL, 1, NULL, NULL),
(104, 75, 'GREVILLEA VILLAS LTD  ', 'GV', NULL, 0, NULL, NULL, NULL, NULL, NULL, 1, NULL, NULL, NULL, NULL, NULL, NULL, NULL, NULL, NULL, NULL, NULL, 'c', NULL, NULL, NULL, 1, NULL, NULL),
(241, 18, 'AZAD AUTOMOBILES TRIMINGS', 'AA', NULL, 0, NULL, NULL, NULL, '', '', 1, 0, '', 0, '', '', NULL, '', '', '', '', '', 'c', '', '', '', 1, '', NULL),
(106, 656, 'Haba Group ltd.  ', 'HG', NULL, 0, NULL, NULL, NULL, NULL, NULL, 1, NULL, NULL, NULL, NULL, NULL, NULL, NULL, NULL, NULL, NULL, NULL, 'c', NULL, NULL, NULL, 1, NULL, NULL),
(107, 677, 'Harjeet Singh Sehmi  ', 'HS', 1, 7, 1, '1974-03-07', NULL, NULL, NULL, 1, NULL, NULL, NULL, NULL, NULL, NULL, NULL, NULL, NULL, NULL, NULL, 'i', NULL, NULL, NULL, NULL, NULL, '../docs/'),
(108, 398, 'HASS PETROLEUM LTD  ', 'HP', NULL, 0, NULL, NULL, NULL, NULL, NULL, 1, NULL, NULL, NULL, NULL, NULL, NULL, NULL, NULL, NULL, NULL, NULL, 'c', NULL, NULL, NULL, 1, NULL, NULL),
(109, 439, 'HENKEL KENYA LTD  ', 'HK', NULL, 0, NULL, NULL, NULL, NULL, NULL, 1, NULL, NULL, NULL, NULL, NULL, NULL, NULL, NULL, NULL, NULL, NULL, 'c', NULL, NULL, NULL, 1, NULL, NULL),
(110, 408, 'HITECH PETROLEUM  ', 'HP', NULL, 0, NULL, NULL, NULL, NULL, NULL, 1, NULL, NULL, NULL, NULL, NULL, NULL, NULL, NULL, NULL, NULL, NULL, 'c', NULL, NULL, NULL, 1, NULL, NULL),
(111, 298, 'HONG KONG GARMENT TRADING CO. LTD  ', 'HK', NULL, 0, NULL, NULL, NULL, NULL, NULL, 1, NULL, NULL, NULL, NULL, NULL, NULL, NULL, NULL, NULL, NULL, NULL, 'c', NULL, NULL, NULL, 1, NULL, NULL),
(112, 284, 'HYDROMATICS LIMITED  ', 'HL', NULL, 0, NULL, NULL, NULL, NULL, NULL, 1, NULL, NULL, NULL, NULL, NULL, NULL, NULL, NULL, NULL, NULL, NULL, 'c', NULL, NULL, NULL, 1, NULL, NULL),
(113, 339, 'I & M BANK LIMITED  ', 'IM', NULL, 0, NULL, NULL, NULL, NULL, NULL, 1, NULL, NULL, NULL, NULL, NULL, NULL, NULL, NULL, NULL, NULL, NULL, 'c', NULL, NULL, NULL, 1, NULL, NULL),
(114, 331, 'I & M BANK LIMITED  ', 'IM', NULL, 0, NULL, NULL, NULL, NULL, NULL, 1, NULL, NULL, NULL, NULL, NULL, NULL, NULL, NULL, NULL, NULL, NULL, 'c', NULL, NULL, NULL, 1, NULL, NULL),
(115, 80, 'IMAGE INSURANCE BROKER LTD  ', 'II', NULL, 0, NULL, NULL, NULL, NULL, NULL, 1, NULL, NULL, NULL, NULL, NULL, NULL, NULL, NULL, NULL, NULL, NULL, 'c', NULL, NULL, NULL, 1, NULL, NULL),
(116, 702, 'Imperial Bank ltd.  ', 'IB', NULL, 0, NULL, NULL, NULL, NULL, NULL, 1, NULL, NULL, NULL, NULL, NULL, NULL, NULL, NULL, NULL, NULL, NULL, 'c', NULL, NULL, NULL, 1, NULL, NULL),
(117, 83, 'INTERFREIGHT E. A LIMITED  ', 'IE', NULL, 0, NULL, NULL, NULL, NULL, NULL, 1, NULL, NULL, NULL, NULL, NULL, NULL, NULL, NULL, NULL, NULL, NULL, 'c', NULL, NULL, NULL, 1, NULL, NULL),
(118, 82, 'INTERFREIGHTTANZANIA  LTD  ', 'EI', NULL, 0, NULL, NULL, NULL, NULL, NULL, 32, NULL, NULL, NULL, NULL, NULL, NULL, NULL, NULL, NULL, NULL, NULL, 'c', NULL, NULL, NULL, 1, NULL, NULL),
(119, 323, 'International Paper & Board Supplies ltd.  ', 'IP', NULL, 0, NULL, NULL, NULL, NULL, NULL, 1, NULL, NULL, NULL, NULL, NULL, NULL, NULL, NULL, NULL, NULL, NULL, 'c', NULL, NULL, NULL, 1, NULL, NULL),
(120, 87, 'INTEROCEANS e. a Ltd  ', 'IE', NULL, 0, NULL, NULL, NULL, NULL, NULL, 1, NULL, NULL, NULL, NULL, NULL, NULL, NULL, NULL, NULL, NULL, NULL, 'c', NULL, NULL, NULL, 1, NULL, NULL),
(121, 90, 'INTERVILLAS LTD  ', 'IV', NULL, 0, NULL, NULL, NULL, NULL, NULL, 1, NULL, NULL, NULL, NULL, NULL, NULL, NULL, NULL, NULL, NULL, NULL, 'c', NULL, NULL, NULL, 1, NULL, NULL),
(122, 479, 'IN-TIME COURIERS LTD  ', 'IT', NULL, 0, NULL, NULL, NULL, NULL, NULL, 1, NULL, NULL, NULL, NULL, NULL, NULL, NULL, NULL, NULL, NULL, NULL, 'c', NULL, NULL, NULL, 1, NULL, NULL),
(123, 368, 'IT FOR AFRICA LIMITED  ', 'IT', NULL, 0, NULL, NULL, NULL, NULL, NULL, 1, NULL, NULL, NULL, NULL, NULL, NULL, NULL, NULL, NULL, NULL, NULL, 'c', NULL, NULL, NULL, 1, NULL, NULL),
(124, 95, 'JUMA HARDWARE LIMITED  ', 'JH', NULL, 0, NULL, NULL, NULL, NULL, NULL, 1, NULL, NULL, NULL, NULL, NULL, NULL, NULL, NULL, NULL, NULL, NULL, 'c', NULL, NULL, NULL, 1, NULL, NULL),
(125, 97, 'KACEE HOLDINGS LTD  ', 'KH', NULL, 0, NULL, NULL, NULL, NULL, NULL, 1, NULL, NULL, NULL, NULL, NULL, NULL, NULL, NULL, NULL, NULL, NULL, 'c', NULL, NULL, NULL, 1, NULL, NULL),
(126, 486, 'KAMILI PACKERS LTD  ', 'KP', NULL, 0, NULL, NULL, NULL, NULL, NULL, 1, NULL, NULL, NULL, NULL, NULL, NULL, NULL, NULL, NULL, NULL, NULL, 'c', NULL, NULL, NULL, 1, NULL, NULL),
(227, 815, 'Alfalah Wholesalers ltd.', 'AW', NULL, 0, NULL, NULL, NULL, NULL, NULL, 1, NULL, NULL, NULL, NULL, NULL, NULL, NULL, NULL, NULL, NULL, NULL, 'c', NULL, NULL, NULL, 1, NULL, NULL),
(128, 745, 'Karibu Net ltd.  ', 'KN', NULL, 0, NULL, NULL, NULL, NULL, NULL, 1, NULL, NULL, NULL, NULL, NULL, NULL, NULL, NULL, NULL, NULL, NULL, 'c', NULL, NULL, NULL, 1, NULL, NULL),
(129, 100, 'KAYABA AUTOSPARES LTD  ', 'KS', NULL, 0, NULL, NULL, NULL, NULL, NULL, 1, NULL, NULL, NULL, NULL, NULL, NULL, NULL, NULL, NULL, NULL, NULL, 'c', NULL, NULL, NULL, 1, NULL, NULL),
(130, 471, 'KBDA LTD  ', 'DB', NULL, 0, NULL, NULL, NULL, NULL, NULL, 1, NULL, NULL, NULL, NULL, NULL, NULL, NULL, NULL, NULL, NULL, NULL, 'c', NULL, NULL, NULL, 1, NULL, NULL),
(131, 101, 'KENGOLD ENTERPRISES LTD  ', 'KE', NULL, 0, NULL, NULL, NULL, NULL, NULL, 1, NULL, NULL, NULL, NULL, NULL, NULL, NULL, NULL, NULL, NULL, NULL, 'c', NULL, NULL, NULL, 1, NULL, NULL),
(132, 160, 'KENGOLD TRADING SERVICES  ', 'KT', NULL, 0, NULL, NULL, NULL, NULL, NULL, 1, NULL, NULL, NULL, NULL, NULL, NULL, NULL, NULL, NULL, NULL, NULL, 'c', NULL, NULL, NULL, 1, NULL, NULL),
(133, 595, 'Kenya Wine Agencies Limited  ', 'KW', NULL, 0, NULL, NULL, NULL, NULL, NULL, 1, NULL, NULL, NULL, NULL, NULL, NULL, NULL, NULL, NULL, NULL, NULL, 'c', NULL, NULL, NULL, 1, NULL, NULL),
(134, 303, 'KIKUYU WIRE LIMITED  ', 'KW', NULL, 0, NULL, NULL, NULL, NULL, NULL, 1, NULL, NULL, NULL, NULL, NULL, NULL, NULL, NULL, NULL, NULL, NULL, 'c', NULL, NULL, NULL, 1, NULL, NULL),
(135, 361, 'KIM-FAY EAST AFRICA LTD  ', 'KF', NULL, 0, NULL, NULL, NULL, NULL, NULL, 1, NULL, NULL, NULL, NULL, NULL, NULL, NULL, NULL, NULL, NULL, NULL, 'c', NULL, NULL, NULL, 1, NULL, NULL),
(136, 320, 'KIPSIGIS TRADERS LTD  ', 'KT', NULL, 0, NULL, NULL, NULL, NULL, NULL, 33, NULL, NULL, NULL, NULL, NULL, NULL, NULL, NULL, NULL, NULL, NULL, 'c', NULL, NULL, NULL, 1, NULL, NULL),
(137, 107, 'Kiran General Stores ltd.  ', 'KG', NULL, 0, NULL, NULL, NULL, NULL, NULL, 1, NULL, NULL, NULL, NULL, NULL, NULL, NULL, NULL, NULL, NULL, NULL, 'c', NULL, NULL, NULL, 1, NULL, NULL),
(138, 108, 'KIRAN MALDE & OTHERS  ', 'KM', 1, 7, 1, '2004-04-15', NULL, NULL, NULL, 1, NULL, NULL, NULL, NULL, NULL, NULL, NULL, NULL, NULL, NULL, NULL, 'i', NULL, NULL, NULL, NULL, NULL, '../docs/'),
(139, 110, 'KITUI MILLERS LTD  ', 'KM', NULL, 0, NULL, NULL, NULL, NULL, NULL, 1, NULL, NULL, NULL, NULL, NULL, NULL, NULL, NULL, NULL, NULL, NULL, 'c', NULL, NULL, NULL, 1, NULL, NULL),
(140, 529, 'LEACOM ENTERPRISES  ', 'LE', NULL, 0, NULL, NULL, NULL, NULL, NULL, 1, NULL, NULL, NULL, NULL, NULL, NULL, NULL, NULL, NULL, NULL, NULL, 'c', NULL, NULL, NULL, 1, NULL, NULL),
(141, 657, 'Linksoft Communications ltd.  ', 'LC', NULL, 0, NULL, NULL, NULL, NULL, NULL, 1, NULL, NULL, NULL, NULL, NULL, NULL, NULL, NULL, NULL, NULL, NULL, 'c', NULL, NULL, NULL, 1, NULL, NULL),
(142, 112, 'LOCHAB TRANSPORTERS LTD  ', 'LT', NULL, 0, NULL, NULL, NULL, NULL, NULL, 1, NULL, NULL, NULL, NULL, NULL, NULL, NULL, NULL, NULL, NULL, NULL, 'c', NULL, NULL, NULL, 1, NULL, NULL),
(143, 319, 'Maganalal Stores ltd.  ', 'MS', NULL, 0, NULL, NULL, NULL, NULL, NULL, 1, NULL, NULL, NULL, NULL, NULL, NULL, NULL, NULL, NULL, NULL, NULL, 'c', NULL, NULL, NULL, 1, NULL, NULL),
(144, 251, 'MAHANT HOLDINGS  ', 'MH', NULL, 0, NULL, NULL, NULL, NULL, NULL, 1, NULL, NULL, NULL, NULL, NULL, NULL, NULL, NULL, NULL, NULL, NULL, 'c', NULL, NULL, NULL, 1, NULL, NULL),
(145, 366, 'MAIZENNA MILLERS LIMITED  ', 'MM', NULL, 0, NULL, NULL, NULL, NULL, NULL, 1, NULL, NULL, NULL, NULL, NULL, NULL, NULL, NULL, NULL, NULL, NULL, 'c', NULL, NULL, NULL, 1, NULL, NULL),
(146, 669, 'Mandeeq Africal ltd.  ', 'MA', NULL, 0, NULL, NULL, NULL, NULL, NULL, 1, NULL, NULL, NULL, NULL, NULL, NULL, NULL, NULL, NULL, NULL, NULL, 'c', NULL, NULL, NULL, 1, NULL, NULL),
(147, 116, 'MANU SPICES LTD  ', 'MS', NULL, 0, NULL, NULL, NULL, NULL, NULL, 1, NULL, NULL, NULL, NULL, NULL, NULL, NULL, NULL, NULL, NULL, NULL, 'c', NULL, NULL, NULL, 1, NULL, NULL),
(148, 359, 'MARKET POWER INTERNATIONAL LTD  ', 'MP', NULL, 0, NULL, NULL, NULL, NULL, NULL, 1, NULL, NULL, NULL, NULL, NULL, NULL, NULL, NULL, NULL, NULL, NULL, 'c', NULL, NULL, NULL, 1, NULL, NULL),
(149, 221, 'MAROO POLYMERS LTD  ', 'MP', NULL, 0, NULL, NULL, NULL, NULL, NULL, 1, NULL, NULL, NULL, NULL, NULL, NULL, NULL, NULL, NULL, NULL, NULL, 'c', NULL, NULL, NULL, 1, NULL, NULL),
(150, 764, 'Maxfair Forex Bureau ltd.  ', 'MX', NULL, 0, NULL, NULL, NULL, NULL, NULL, 1, NULL, NULL, NULL, NULL, NULL, NULL, NULL, NULL, NULL, NULL, NULL, 'c', NULL, NULL, NULL, 1, NULL, NULL),
(151, 452, 'MITSUMINET CABLE VISION  LTD  ', 'MC', NULL, 0, NULL, NULL, NULL, NULL, NULL, 1, NULL, NULL, NULL, NULL, NULL, NULL, NULL, NULL, NULL, NULL, NULL, 'c', NULL, NULL, NULL, 1, NULL, NULL),
(152, 825, 'Modern Lithographers(K) ltd.  ', 'ML', NULL, 0, NULL, NULL, NULL, NULL, NULL, 1, NULL, NULL, NULL, NULL, NULL, NULL, NULL, NULL, NULL, NULL, NULL, 'c', NULL, NULL, NULL, 1, NULL, NULL),
(153, 349, 'MUGHAL ENGINEERING & PROCESSING WORKS LTD  ', 'ME', NULL, 0, NULL, NULL, NULL, NULL, NULL, 1, NULL, NULL, NULL, NULL, NULL, NULL, NULL, NULL, NULL, NULL, NULL, 'c', NULL, NULL, NULL, 1, NULL, NULL),
(154, 403, 'Muta Muta Enterprises  ', 'MM', NULL, 0, NULL, NULL, NULL, NULL, NULL, 1, NULL, NULL, NULL, NULL, NULL, NULL, NULL, NULL, NULL, NULL, NULL, 'c', NULL, NULL, NULL, 1, NULL, NULL),
(155, 122, 'MUTUAL REGISTRARS ASSOCIATES  ', 'MR', NULL, 0, NULL, NULL, NULL, NULL, NULL, 1, NULL, NULL, NULL, NULL, NULL, NULL, NULL, NULL, NULL, NULL, NULL, 'c', NULL, NULL, NULL, 1, NULL, NULL),
(156, 337, 'NABICO ENTERPRISES LTD  ', 'NE', NULL, 0, NULL, NULL, NULL, NULL, NULL, 1, NULL, NULL, NULL, NULL, NULL, NULL, NULL, NULL, NULL, NULL, NULL, 'c', NULL, NULL, NULL, 1, NULL, NULL),
(157, 617, 'Nelick Enterprises  ltd.  ', 'NE', NULL, 0, NULL, NULL, NULL, NULL, NULL, 1, NULL, NULL, NULL, NULL, NULL, NULL, NULL, NULL, NULL, NULL, NULL, 'c', NULL, NULL, NULL, 1, NULL, NULL),
(158, 128, 'New Edge Communications ltd.  ', 'NE', NULL, 0, NULL, NULL, NULL, NULL, NULL, 1, NULL, NULL, NULL, NULL, NULL, NULL, NULL, NULL, NULL, NULL, NULL, 'c', NULL, NULL, NULL, 1, NULL, NULL),
(159, 288, 'OFFICE TECHNOLOGIES LTD  ', 'OT', NULL, 0, NULL, NULL, NULL, NULL, NULL, 1, NULL, NULL, NULL, NULL, NULL, NULL, NULL, NULL, NULL, NULL, NULL, 'c', NULL, NULL, NULL, 1, NULL, NULL),
(160, 526, 'One World Courier  ', 'OW', NULL, 0, NULL, NULL, NULL, NULL, NULL, 1, NULL, NULL, NULL, NULL, NULL, NULL, NULL, NULL, NULL, NULL, NULL, 'c', NULL, NULL, NULL, 1, NULL, NULL),
(161, 378, 'Orbit Wear ltd.  ', 'OW', NULL, 0, NULL, NULL, NULL, NULL, NULL, 1, NULL, NULL, NULL, NULL, NULL, NULL, NULL, NULL, NULL, NULL, NULL, 'c', NULL, NULL, NULL, 1, NULL, NULL),
(162, 137, 'Oshwal Wholesalers ltd.  ', 'OW', NULL, 0, NULL, NULL, NULL, NULL, NULL, 1, NULL, NULL, NULL, NULL, NULL, NULL, NULL, NULL, NULL, NULL, NULL, 'c', NULL, NULL, NULL, 1, NULL, NULL),
(163, 139, 'PACKAGING & ALLIED (K) LTD  ', 'PA', NULL, 0, NULL, NULL, NULL, NULL, NULL, 1, NULL, NULL, NULL, NULL, NULL, NULL, NULL, NULL, NULL, NULL, NULL, 'c', NULL, NULL, NULL, 1, NULL, NULL),
(164, 561, 'PACKAGING & ALLIED LTD  ', 'PA', NULL, 0, NULL, NULL, NULL, NULL, NULL, 1, NULL, NULL, NULL, NULL, NULL, NULL, NULL, NULL, NULL, NULL, NULL, 'c', NULL, NULL, NULL, 1, NULL, NULL),
(165, 141, 'Pamoja Household Furniture  ', 'PH', NULL, 0, NULL, NULL, NULL, NULL, NULL, 1, NULL, NULL, NULL, NULL, NULL, NULL, NULL, NULL, NULL, NULL, NULL, 'c', NULL, NULL, NULL, 1, NULL, NULL),
(166, 429, 'PASICO EASTERN AFRICA LTD  ', 'PE', NULL, 0, NULL, NULL, NULL, NULL, NULL, 1, NULL, NULL, NULL, NULL, NULL, NULL, NULL, NULL, NULL, NULL, NULL, 'c', NULL, NULL, NULL, 1, NULL, NULL),
(167, 300, 'PEARL INDUSTRIES LTD  ', 'PI', NULL, 0, NULL, NULL, NULL, NULL, NULL, 1, NULL, NULL, NULL, NULL, NULL, NULL, NULL, NULL, NULL, NULL, NULL, 'c', NULL, NULL, NULL, 1, NULL, NULL),
(168, 146, 'PEMBE FLOUR MILLS  ', 'PF', NULL, 0, NULL, NULL, NULL, NULL, NULL, 1, NULL, NULL, NULL, NULL, NULL, NULL, NULL, NULL, NULL, NULL, NULL, 'c', NULL, NULL, NULL, 1, NULL, NULL),
(169, 147, 'Petro Chemical Cargo Services ltd  ', 'PC', NULL, 0, NULL, NULL, NULL, NULL, NULL, 1, NULL, NULL, NULL, NULL, NULL, NULL, NULL, NULL, NULL, NULL, NULL, 'c', NULL, NULL, NULL, 1, NULL, NULL),
(170, 216, 'POLYFLEX INDUSTRIES  ', 'PL', NULL, 0, NULL, NULL, NULL, '', '', 1, 0, '', 0, '', '', NULL, '', '', '', '', '', 'c', '', '', '', 1, '', NULL),
(171, 156, 'POLYFLEX INDUSTRIES LTD ', 'PI', NULL, 0, NULL, NULL, NULL, NULL, NULL, 1, NULL, NULL, NULL, NULL, NULL, NULL, NULL, NULL, NULL, NULL, NULL, 'c', NULL, NULL, NULL, 1, NULL, NULL),
(172, 151, 'POLYTHENE INDUSTRIES LTD  ', 'PI', NULL, 0, NULL, NULL, NULL, NULL, NULL, 1, NULL, NULL, NULL, NULL, NULL, NULL, NULL, NULL, NULL, NULL, NULL, 'c', NULL, NULL, NULL, 1, NULL, NULL),
(173, 727, 'Post Bank ltd.  ', 'PB', NULL, 0, NULL, NULL, NULL, NULL, NULL, 1, NULL, NULL, NULL, NULL, NULL, NULL, NULL, NULL, NULL, NULL, NULL, 'c', NULL, NULL, NULL, 1, NULL, NULL),
(174, 154, 'PRESSMASTER LIMITED  ', 'PL', NULL, 0, NULL, NULL, NULL, NULL, NULL, 1, NULL, NULL, NULL, NULL, NULL, NULL, NULL, NULL, NULL, NULL, NULL, 'c', NULL, NULL, NULL, 1, NULL, NULL),
(175, 282, 'PRIME ALUMINIUM CASEMENTS LTD  ', 'PA', NULL, 0, NULL, NULL, NULL, NULL, NULL, 1, NULL, NULL, NULL, NULL, NULL, NULL, NULL, NULL, NULL, NULL, NULL, 'c', NULL, NULL, NULL, 1, NULL, NULL),
(176, 402, 'PROFESSIONAL MARKETING SERVICES LTD  ', 'PM', NULL, 0, NULL, NULL, NULL, NULL, NULL, 1, NULL, NULL, NULL, NULL, NULL, NULL, NULL, NULL, NULL, NULL, NULL, 'c', NULL, NULL, NULL, 1, NULL, NULL),
(177, 739, 'Ragsons Kenya ltd.  ', 'RK', NULL, 0, NULL, NULL, NULL, NULL, NULL, 1, NULL, NULL, NULL, NULL, NULL, NULL, NULL, NULL, NULL, NULL, NULL, 'c', NULL, NULL, NULL, 1, NULL, NULL),
(178, 163, 'RAMCO HARDWARE LTD  ', 'RH', NULL, 0, NULL, NULL, NULL, NULL, NULL, 1, NULL, NULL, NULL, NULL, NULL, NULL, NULL, NULL, NULL, NULL, NULL, 'c', NULL, NULL, NULL, 1, NULL, NULL),
(179, 164, 'RAMCO PRINTING WORKS LTD  ', 'RP', NULL, 0, NULL, NULL, NULL, NULL, NULL, 1, NULL, NULL, NULL, NULL, NULL, NULL, NULL, NULL, NULL, NULL, NULL, 'c', NULL, NULL, NULL, 1, NULL, NULL),
(180, 423, 'Reliable Electricals Engineers(NRB)  ', 'RE', NULL, 0, NULL, NULL, NULL, NULL, NULL, 1, NULL, NULL, NULL, NULL, NULL, NULL, NULL, NULL, NULL, NULL, NULL, 'c', NULL, NULL, NULL, 1, NULL, NULL),
(181, 169, 'Resolute Investment ltd.  ', 'RI', NULL, 0, NULL, NULL, NULL, NULL, NULL, 1, NULL, NULL, NULL, NULL, NULL, NULL, NULL, NULL, NULL, NULL, NULL, 'c', NULL, NULL, NULL, 1, NULL, NULL),
(182, 708, 'Robert Nthenge  ', 'RN', 1, 7, 1, '1991-04-04', NULL, NULL, NULL, 1, NULL, NULL, NULL, NULL, NULL, NULL, NULL, NULL, NULL, NULL, NULL, 'i', NULL, NULL, NULL, NULL, NULL, '../docs/'),
(183, 694, 'Rope Investments ltd.  ', 'RI', NULL, 0, NULL, NULL, NULL, NULL, NULL, 1, NULL, NULL, NULL, NULL, NULL, NULL, NULL, NULL, NULL, NULL, NULL, 'c', NULL, NULL, NULL, 1, NULL, NULL),
(184, 454, 'Rosewood Office Systems   ', 'RO', NULL, 0, NULL, NULL, NULL, NULL, NULL, 1, NULL, NULL, NULL, NULL, NULL, NULL, NULL, NULL, NULL, NULL, NULL, 'c', NULL, NULL, NULL, 1, NULL, NULL),
(185, 171, 'S. A PEGRUME LTD/EXXUS SERVICES LTD  ', 'SA', NULL, 0, NULL, NULL, NULL, NULL, NULL, 1, NULL, NULL, NULL, NULL, NULL, NULL, NULL, NULL, NULL, NULL, NULL, 'c', NULL, NULL, NULL, 1, NULL, NULL),
(186, 740, 'Sahajanad Timbers & Hardware ltd  ', 'ST', NULL, 0, NULL, NULL, NULL, NULL, NULL, 1, NULL, NULL, NULL, NULL, NULL, NULL, NULL, NULL, NULL, NULL, NULL, 'c', NULL, NULL, NULL, 1, NULL, NULL),
(187, 175, 'Sai Office ltd.  ', 'SO', NULL, 0, NULL, NULL, NULL, '', '', 1, 0, '', 0, '', '', NULL, '', '', '', '', '', 'c', '', '', '', 1, '', NULL),
(188, 316, 'SAI PACK LTD  ', 'SP', NULL, 0, NULL, NULL, NULL, NULL, NULL, 1, NULL, NULL, NULL, NULL, NULL, NULL, NULL, NULL, NULL, NULL, NULL, 'c', NULL, NULL, NULL, 1, NULL, NULL),
(189, 195, 'Samaria Properties ltd.  ', 'SP', NULL, 0, NULL, NULL, NULL, NULL, NULL, 1, NULL, NULL, NULL, NULL, NULL, NULL, NULL, NULL, NULL, NULL, NULL, 'c', NULL, NULL, NULL, 1, NULL, NULL),
(190, 220, 'Seven Seas Technologies ltd.  ', 'SS', NULL, 0, NULL, NULL, NULL, NULL, NULL, 1, NULL, NULL, NULL, NULL, NULL, NULL, NULL, NULL, NULL, NULL, NULL, 'c', NULL, NULL, NULL, 1, NULL, NULL),
(235, 199, 'THE E.A PRODUCE LTD', 'TE', NULL, 0, NULL, NULL, NULL, NULL, NULL, 1, NULL, NULL, NULL, NULL, NULL, NULL, NULL, NULL, NULL, NULL, NULL, 'c', NULL, NULL, NULL, 1, NULL, NULL),
(192, 710, 'Shibli Enterprises ltd.  ', 'SE', NULL, 0, NULL, NULL, NULL, NULL, NULL, 1, NULL, NULL, NULL, NULL, NULL, NULL, NULL, NULL, NULL, NULL, NULL, 'c', NULL, NULL, NULL, 2, NULL, NULL),
(193, 292, 'SIEMENS NV  ', 'SN', NULL, 0, NULL, NULL, NULL, NULL, NULL, 1, NULL, NULL, NULL, NULL, NULL, NULL, NULL, NULL, NULL, NULL, NULL, 'c', NULL, NULL, NULL, 1, NULL, NULL),
(194, 521, 'SILVER STONE QUAR Y LIMITED  ', 'SS', NULL, 0, NULL, NULL, NULL, NULL, NULL, 1, NULL, NULL, NULL, NULL, NULL, NULL, NULL, NULL, NULL, NULL, NULL, 'c', NULL, NULL, NULL, 1, NULL, NULL),
(195, 190, 'SITE VILLAS LTD  ', 'SV', NULL, 0, NULL, NULL, NULL, NULL, NULL, 1, NULL, NULL, NULL, NULL, NULL, NULL, NULL, NULL, NULL, NULL, NULL, 'c', NULL, NULL, NULL, 1, NULL, NULL),
(196, 789, 'SkyRise Investments ltd.  ', 'SI', NULL, 0, NULL, NULL, NULL, NULL, NULL, 1, NULL, NULL, NULL, NULL, NULL, NULL, NULL, NULL, NULL, NULL, NULL, 'c', NULL, NULL, NULL, 1, NULL, NULL),
(197, 717, 'South C Management ltd.  ', 'SC', NULL, 0, NULL, NULL, NULL, NULL, NULL, 1, NULL, NULL, NULL, NULL, NULL, NULL, NULL, NULL, NULL, NULL, NULL, 'c', NULL, NULL, NULL, 1, NULL, NULL),
(198, 478, 'South Top Apartments ltd.  ', 'ST', NULL, 0, NULL, NULL, NULL, NULL, NULL, 1, NULL, NULL, NULL, NULL, NULL, NULL, NULL, NULL, NULL, NULL, NULL, 'c', NULL, NULL, NULL, 1, NULL, NULL),
(199, 801, 'Space Engineering ltd.  ', 'SE', NULL, 0, NULL, NULL, NULL, NULL, NULL, 1, NULL, NULL, NULL, NULL, NULL, NULL, NULL, NULL, NULL, NULL, NULL, 'c', NULL, NULL, NULL, 1, NULL, NULL),
(200, 400, 'SPRING INDUSTRIES LTD  ', 'SI', NULL, 0, NULL, NULL, NULL, NULL, NULL, 1, NULL, NULL, NULL, NULL, NULL, NULL, NULL, NULL, NULL, NULL, NULL, 'c', NULL, NULL, NULL, 1, NULL, NULL),
(201, 550, 'Stima Sacco Society ltd  ', 'SS', NULL, 0, NULL, NULL, NULL, NULL, NULL, 1, NULL, NULL, NULL, NULL, NULL, NULL, NULL, NULL, NULL, NULL, NULL, 'c', NULL, NULL, NULL, 1, NULL, NULL),
(202, 558, 'SWAMI TRAILER & AUTOMOTIVE PARTS LTD  ', 'ST', NULL, 0, NULL, NULL, NULL, NULL, NULL, 1, NULL, NULL, NULL, NULL, NULL, NULL, NULL, NULL, NULL, NULL, NULL, 'c', NULL, NULL, NULL, 1, NULL, NULL),
(203, 318, 'SWITCH GEAR CONTROL LIMITED  ', 'SG', NULL, 0, NULL, NULL, NULL, NULL, NULL, 1, NULL, NULL, NULL, NULL, NULL, NULL, NULL, NULL, NULL, NULL, NULL, 'c', NULL, NULL, NULL, 1, NULL, NULL),
(204, 317, 'SWITHGEAR AND CONTROLS  ', 'SG', NULL, 0, NULL, NULL, NULL, NULL, NULL, 1, NULL, NULL, NULL, NULL, NULL, NULL, NULL, NULL, NULL, NULL, NULL, 'c', NULL, NULL, NULL, 1, NULL, NULL),
(205, 420, 'THE BARN LIMITED  ', 'TB', NULL, 0, NULL, NULL, NULL, NULL, NULL, 1, NULL, NULL, NULL, NULL, NULL, NULL, NULL, NULL, NULL, NULL, NULL, 'c', NULL, NULL, NULL, 1, NULL, NULL),
(206, 659, 'The Creative Print Hse ltd.  ', 'TC', NULL, 0, NULL, NULL, NULL, NULL, NULL, 1, NULL, NULL, NULL, NULL, NULL, NULL, NULL, NULL, NULL, NULL, NULL, 'c', NULL, NULL, NULL, 1, NULL, NULL),
(207, 200, 'THE ELECTRIC CONTACT LTD  ', 'TE', NULL, 0, NULL, NULL, NULL, NULL, NULL, 1, NULL, NULL, NULL, NULL, NULL, NULL, NULL, NULL, NULL, NULL, NULL, 'c', NULL, NULL, NULL, 1, NULL, NULL),
(208, 237, 'THE PHOENIX LTD  ', 'TP', NULL, 0, NULL, NULL, NULL, NULL, NULL, 1, NULL, NULL, NULL, NULL, NULL, NULL, NULL, NULL, NULL, NULL, NULL, 'c', NULL, NULL, NULL, 1, NULL, NULL),
(209, 384, 'THERMOPAK LTD  ', 'TL', NULL, 0, NULL, NULL, NULL, NULL, NULL, 1, NULL, NULL, NULL, NULL, NULL, NULL, NULL, NULL, NULL, NULL, NULL, 'c', NULL, NULL, NULL, 1, NULL, NULL),
(210, 535, 'Transmara General Stores ltd.  ', 'TG', NULL, 0, NULL, NULL, NULL, NULL, NULL, 1, NULL, NULL, NULL, NULL, NULL, NULL, NULL, NULL, NULL, NULL, NULL, 'c', NULL, NULL, NULL, 1, NULL, NULL),
(211, 204, 'TRAVELLERS CHECK LTD  ', 'TC', NULL, 0, NULL, NULL, NULL, NULL, NULL, 1, NULL, NULL, NULL, NULL, NULL, NULL, NULL, NULL, NULL, NULL, NULL, 'c', NULL, NULL, NULL, 1, NULL, NULL),
(212, 207, 'TWIGA RENOVATORS LTD  ', 'TR', NULL, 0, NULL, NULL, NULL, NULL, NULL, 1, NULL, NULL, NULL, NULL, NULL, NULL, NULL, NULL, NULL, NULL, NULL, 'c', NULL, NULL, NULL, 1, NULL, NULL),
(213, 208, 'ULTRAMOD HOLDINGS LTD  ', 'UH', NULL, 0, NULL, NULL, NULL, NULL, NULL, 1, NULL, NULL, NULL, NULL, NULL, NULL, NULL, NULL, NULL, NULL, NULL, 'c', NULL, NULL, NULL, 1, NULL, NULL),
(214, 192, 'UZURI FOODS LTD  ', 'SH', NULL, 0, NULL, NULL, NULL, NULL, NULL, 1, NULL, NULL, NULL, NULL, NULL, NULL, NULL, NULL, NULL, NULL, NULL, 'c', NULL, NULL, NULL, 1, NULL, NULL),
(215, 446, 'V. N. Shah & Others   ', 'VN', 1, 7, 1, '2010-03-09', NULL, NULL, NULL, 1, NULL, NULL, NULL, NULL, NULL, NULL, NULL, NULL, NULL, NULL, NULL, 'i', NULL, NULL, NULL, NULL, NULL, '../docs/'),
(217, 417, 'Varsani Enterprises  ', 'VE', NULL, 0, NULL, NULL, NULL, NULL, NULL, 1, NULL, NULL, NULL, NULL, NULL, NULL, NULL, NULL, NULL, NULL, NULL, 'c', NULL, NULL, NULL, 1, NULL, NULL),
(218, 466, 'V.N.SHAH & OTHERS  ', 'VN', NULL, 0, NULL, NULL, NULL, NULL, NULL, 1, NULL, NULL, NULL, NULL, NULL, NULL, NULL, NULL, NULL, NULL, NULL, 'c', NULL, NULL, NULL, 1, NULL, NULL),
(219, 211, 'VSC CONSULTANTS LTD  ', 'VS', NULL, 0, NULL, NULL, NULL, NULL, NULL, 1, NULL, NULL, NULL, NULL, NULL, NULL, NULL, NULL, NULL, NULL, NULL, 'c', NULL, NULL, NULL, 1, NULL, NULL),
(220, 776, 'Watersys Properties  ', 'WP', NULL, 0, NULL, NULL, NULL, NULL, NULL, 1, NULL, NULL, NULL, NULL, NULL, NULL, NULL, NULL, NULL, NULL, NULL, 'c', NULL, NULL, NULL, 1, NULL, NULL),
(221, 214, 'Welcome Investment ltd.   ', 'WI', NULL, 0, NULL, NULL, NULL, NULL, NULL, 1, NULL, NULL, NULL, NULL, NULL, NULL, NULL, NULL, NULL, NULL, NULL, 'c', NULL, NULL, NULL, 1, NULL, NULL),
(222, 215, 'WELCOME PROPERTIES LTD  ', 'WP', NULL, 0, NULL, NULL, NULL, NULL, NULL, 1, NULL, NULL, NULL, NULL, NULL, NULL, NULL, NULL, NULL, NULL, NULL, 'c', NULL, NULL, NULL, 1, NULL, NULL),
(223, 218, 'WINFIELDS HOLDINDS LTD  ', 'WH', NULL, 0, NULL, NULL, NULL, NULL, NULL, 1, NULL, NULL, NULL, NULL, NULL, NULL, NULL, NULL, NULL, NULL, NULL, 'c', NULL, NULL, NULL, 1, NULL, NULL),
(224, 219, 'WOODLEY STATIONERS LTD  ', 'WS', NULL, 0, NULL, NULL, NULL, NULL, NULL, 1, NULL, NULL, NULL, NULL, NULL, NULL, NULL, NULL, NULL, NULL, NULL, 'c', NULL, NULL, NULL, 1, NULL, NULL),
(225, 683, 'Kanja Traders', 'KT', NULL, 0, NULL, NULL, NULL, NULL, NULL, 1, NULL, NULL, NULL, NULL, NULL, NULL, NULL, NULL, NULL, NULL, NULL, 'c', NULL, NULL, NULL, 1, NULL, NULL),
(228, 7, 'Amar Holdings ltd.', 'AH', NULL, 0, NULL, NULL, NULL, NULL, NULL, 1, NULL, NULL, NULL, NULL, NULL, NULL, NULL, NULL, NULL, NULL, NULL, 'c', NULL, NULL, NULL, 1, NULL, NULL),
(229, 481, 'Auto Mobility ltd.', 'AM', NULL, 0, NULL, NULL, NULL, NULL, NULL, 1, NULL, NULL, NULL, NULL, NULL, NULL, NULL, NULL, NULL, NULL, NULL, 'c', NULL, NULL, NULL, 1, NULL, NULL),
(232, 274, 'Kengold Trading Services ', 'KT', NULL, 0, NULL, NULL, NULL, NULL, NULL, 1, NULL, NULL, NULL, NULL, NULL, NULL, NULL, NULL, NULL, NULL, NULL, 'c', NULL, NULL, NULL, 1, NULL, NULL),
(233, 580, 'MOTI  WHOLESALERS LTD', 'MW', NULL, 0, NULL, NULL, NULL, NULL, NULL, 1, NULL, NULL, NULL, NULL, NULL, NULL, NULL, NULL, NULL, NULL, NULL, 'c', NULL, NULL, NULL, 1, NULL, NULL),
(234, 336, 'Stockwell Holdings ltd.', 'SH', NULL, 0, NULL, NULL, NULL, NULL, NULL, 1, NULL, NULL, NULL, NULL, NULL, NULL, NULL, NULL, NULL, NULL, NULL, 'c', NULL, NULL, NULL, 1, NULL, NULL),
(237, 377, 'TreadSetters Tyres ltd', 'TT', NULL, 0, NULL, NULL, NULL, NULL, NULL, 1, NULL, NULL, NULL, NULL, NULL, NULL, NULL, NULL, NULL, NULL, NULL, 'c', NULL, NULL, NULL, 1, NULL, NULL),
(239, 716, 'Alliance Spares ltd.', 'AS', NULL, 0, NULL, NULL, NULL, NULL, NULL, 1, NULL, NULL, NULL, NULL, NULL, NULL, NULL, NULL, NULL, NULL, NULL, 'c', NULL, NULL, NULL, 1, NULL, NULL),
(240, 224, 'ALUMINIUM DYNAMICS LIMITED', 'AD', NULL, 0, NULL, NULL, NULL, NULL, NULL, 1, NULL, NULL, NULL, NULL, NULL, NULL, NULL, NULL, NULL, NULL, NULL, 'c', NULL, NULL, NULL, 1, NULL, NULL),
(243, 473, 'Dhiren Hair Designers ltd.', 'DH', NULL, 0, NULL, NULL, NULL, NULL, NULL, 1, NULL, NULL, NULL, NULL, NULL, NULL, NULL, NULL, NULL, NULL, NULL, 'c', NULL, NULL, NULL, 1, NULL, NULL),
(245, 695, 'HORIZON DISTRIBUTORS LTD', 'HD', NULL, 0, NULL, NULL, NULL, NULL, NULL, 1, NULL, NULL, NULL, NULL, NULL, NULL, NULL, NULL, NULL, NULL, NULL, 'c', NULL, NULL, NULL, 2, NULL, NULL),
(248, 11, 'Evelyn Gacheri', 'EG', 2, 2, 2, '1978-03-20', '21798645', 'A00234567Y', '20813', 1, 100, '2021249', 254, '721270241', 'eve@asterisktech.co.ke', 'Asterisk Technologies', 'LR/2009/10', 'Monrovia Street', 'Maendeleo House', 'Westland --Amea Arcade', 'Elias', 'i', NULL, NULL, NULL, NULL, NULL, '../docs/nbnet ambank.jpg'),
(249, 12, 'Soft Logic Limited', 'SL', NULL, 0, NULL, NULL, NULL, 'L123', '20813', 27, 100, '2547709002', 254, NULL, 'njagi@asterisktech.co.ke', NULL, 'LR/2009/100', 'University Way', 'Aniversary Towers', NULL, NULL, 'c', '12345', NULL, 'ARNOLD NJAGI', 2, '12345', NULL),
(250, 1, 'petero ni mimi', 'PM', 2, 7, 1, '2010-05-11', '32232', '23232', NULL, 16, NULL, NULL, NULL, NULL, NULL, NULL, NULL, NULL, NULL, NULL, NULL, 'i', NULL, NULL, NULL, NULL, NULL, '../docs/'),
(251, 3, 'James Juma Boy', 'JJ', 2, 7, 1, '2010-05-13', NULL, NULL, NULL, 4, NULL, NULL, NULL, NULL, NULL, NULL, NULL, NULL, NULL, NULL, NULL, 'i', NULL, NULL, NULL, NULL, NULL, '../docs/');

-- --------------------------------------------------------

--
-- Table structure for table `clienttype`
--

CREATE TABLE IF NOT EXISTS `clienttype` (
  `id` int(10) NOT NULL AUTO_INCREMENT,
  `name` varchar(50) CHARACTER SET latin1 COLLATE latin1_general_ci NOT NULL,
  `initials` varchar(10) CHARACTER SET latin1 COLLATE latin1_general_ci NOT NULL,
  PRIMARY KEY (`id`)
) ENGINE=MyISAM  DEFAULT CHARSET=latin1 ROW_FORMAT=DYNAMIC AUTO_INCREMENT=5 ;

--
-- Dumping data for table `clienttype`
--

INSERT INTO `clienttype` (`id`, `name`, `initials`) VALUES
(2, 'Partnership (P)', 'P'),
(3, 'Limited (L)', 'L'),
(4, 'Director''s File (G)', 'G');

-- --------------------------------------------------------

--
-- Table structure for table `comments`
--

CREATE TABLE IF NOT EXISTS `comments` (
  `id` int(10) NOT NULL AUTO_INCREMENT,
  `emp` int(10) NOT NULL,
  `requisition` int(10) NOT NULL,
  `descr` text COLLATE latin1_general_ci NOT NULL,
  `wdate` timestamp NOT NULL DEFAULT CURRENT_TIMESTAMP ON UPDATE CURRENT_TIMESTAMP,
  PRIMARY KEY (`id`)
) ENGINE=MyISAM  DEFAULT CHARSET=latin1 COLLATE=latin1_general_ci AUTO_INCREMENT=4 ;

--
-- Dumping data for table `comments`
--

INSERT INTO `comments` (`id`, `emp`, `requisition`, `descr`, `wdate`) VALUES
(1, 40, 13, 'Please redo this one ASAP', '2010-05-27 19:26:32'),
(2, 40, 14, 'thats too expo', '2010-06-07 16:56:26'),
(3, 40, 14, 'charge in terms of time spent\r\n', '2010-06-07 16:56:52');

-- --------------------------------------------------------

--
-- Table structure for table `companybranch`
--

CREATE TABLE IF NOT EXISTS `companybranch` (
  `id` int(10) NOT NULL AUTO_INCREMENT,
  `name` varchar(50) COLLATE latin1_general_ci NOT NULL,
  `description` text COLLATE latin1_general_ci,
  `company` varchar(50) COLLATE latin1_general_ci NOT NULL,
  PRIMARY KEY (`id`)
) ENGINE=MyISAM  DEFAULT CHARSET=latin1 COLLATE=latin1_general_ci AUTO_INCREMENT=6 ;

--
-- Dumping data for table `companybranch`
--

INSERT INTO `companybranch` (`id`, `name`, `description`, `company`) VALUES
(5, 'Main Office', ' ', '40983');

-- --------------------------------------------------------

--
-- Table structure for table `companyinfo`
--

CREATE TABLE IF NOT EXISTS `companyinfo` (
  `comid` int(8) NOT NULL AUTO_INCREMENT,
  `com_id` varchar(100) COLLATE latin1_general_ci DEFAULT NULL,
  `company` varchar(255) COLLATE latin1_general_ci DEFAULT NULL,
  `gregionid` bigint(20) NOT NULL DEFAULT '0',
  `address` varchar(255) COLLATE latin1_general_ci DEFAULT NULL,
  `contactperson` varchar(50) COLLATE latin1_general_ci DEFAULT NULL,
  `telphone` text COLLATE latin1_general_ci,
  `faxphone` text COLLATE latin1_general_ci,
  `mobphone` text COLLATE latin1_general_ci,
  `email` varchar(255) COLLATE latin1_general_ci DEFAULT NULL,
  `location` varchar(255) COLLATE latin1_general_ci DEFAULT NULL,
  `offlinesupplier` tinyint(1) NOT NULL DEFAULT '0',
  `purchcompanyid` varchar(255) COLLATE latin1_general_ci DEFAULT NULL,
  `default` varchar(3) COLLATE latin1_general_ci NOT NULL DEFAULT 'no',
  `customer_type_id` bigint(20) NOT NULL DEFAULT '0',
  `default_currency` varchar(10) COLLATE latin1_general_ci NOT NULL DEFAULT '1',
  `commission` tinyint(1) NOT NULL DEFAULT '1',
  PRIMARY KEY (`comid`)
) ENGINE=MyISAM  DEFAULT CHARSET=latin1 COLLATE=latin1_general_ci AUTO_INCREMENT=4 ;

--
-- Dumping data for table `companyinfo`
--

INSERT INTO `companyinfo` (`comid`, `com_id`, `company`, `gregionid`, `address`, `contactperson`, `telphone`, `faxphone`, `mobphone`, `email`, `location`, `offlinesupplier`, `purchcompanyid`, `default`, `customer_type_id`, `default_currency`, `commission`) VALUES
(1, '40983', 'Bengi Miriti & Associates', 0, 'P.O BOX 46506 00100 NAIROBI', 'mr Kimani', '25477277277', NULL, '25477277277', 'eric.bengi@bma.co.ke', 'Rank Xerox', 0, NULL, 'no', 0, '1', 1);

-- --------------------------------------------------------

--
-- Table structure for table `companytype`
--

CREATE TABLE IF NOT EXISTS `companytype` (
  `id` int(10) NOT NULL AUTO_INCREMENT,
  `name` varchar(50) COLLATE latin1_general_ci NOT NULL,
  PRIMARY KEY (`id`)
) ENGINE=MyISAM  DEFAULT CHARSET=latin1 COLLATE=latin1_general_ci ROW_FORMAT=DYNAMIC AUTO_INCREMENT=3 ;

--
-- Dumping data for table `companytype`
--

INSERT INTO `companytype` (`id`, `name`) VALUES
(1, 'Public private limited(L)'),
(2, 'Partnership & Sole  (P)');

-- --------------------------------------------------------

--
-- Table structure for table `department`
--

CREATE TABLE IF NOT EXISTS `department` (
  `id` int(10) NOT NULL AUTO_INCREMENT,
  `name` varchar(50) COLLATE latin1_general_ci NOT NULL,
  `description` text COLLATE latin1_general_ci NOT NULL,
  `telephone` varchar(50) COLLATE latin1_general_ci DEFAULT NULL,
  `email` varchar(50) COLLATE latin1_general_ci DEFAULT NULL,
  `fax` varchar(50) COLLATE latin1_general_ci DEFAULT NULL,
  `company` varchar(50) COLLATE latin1_general_ci NOT NULL,
  PRIMARY KEY (`id`)
) ENGINE=MyISAM  DEFAULT CHARSET=latin1 COLLATE=latin1_general_ci AUTO_INCREMENT=21 ;

--
-- Dumping data for table `department`
--

INSERT INTO `department` (`id`, `name`, `description`, `telephone`, `email`, `fax`, `company`) VALUES
(17, 'Finance', '   FINANCE AND ACCOUNT', '0721270241', 'finance@company.com', '423543546', '40983'),
(18, 'Registrar', ' REGISTRY DEPARTMENT', '42345346', 'Registrar', '4364557', '40983'),
(19, 'Human Resource', ' ', NULL, NULL, NULL, '40983'),
(20, 'Management', ' ', NULL, NULL, NULL, '40983');

-- --------------------------------------------------------

--
-- Table structure for table `depts`
--

CREATE TABLE IF NOT EXISTS `depts` (
  `id` int(10) NOT NULL AUTO_INCREMENT,
  `name` varchar(50) COLLATE latin1_general_ci NOT NULL,
  `initials` varchar(10) COLLATE latin1_general_ci NOT NULL,
  PRIMARY KEY (`id`)
) ENGINE=MyISAM  DEFAULT CHARSET=latin1 COLLATE=latin1_general_ci ROW_FORMAT=DYNAMIC AUTO_INCREMENT=6 ;

--
-- Dumping data for table `depts`
--

INSERT INTO `depts` (`id`, `name`, `initials`) VALUES
(1, 'Legal (D)', 'D');

-- --------------------------------------------------------

--
-- Table structure for table `directors`
--

CREATE TABLE IF NOT EXISTS `directors` (
  `id` int(10) NOT NULL AUTO_INCREMENT,
  `comp` int(10) NOT NULL,
  `fulnames` varchar(50) CHARACTER SET latin1 COLLATE latin1_general_ci DEFAULT NULL,
  `initials` varchar(50) CHARACTER SET latin1 COLLATE latin1_general_ci DEFAULT NULL,
  `gender` int(10) DEFAULT NULL,
  `ms` int(10) DEFAULT NULL,
  `dob` date DEFAULT NULL,
  `idno` varchar(50) CHARACTER SET latin1 COLLATE latin1_general_ci DEFAULT NULL,
  `address` varchar(50) CHARACTER SET latin1 COLLATE latin1_general_ci DEFAULT NULL,
  `town` int(10) DEFAULT NULL,
  `pcode` int(10) DEFAULT NULL,
  `phone` varchar(10) CHARACTER SET latin1 COLLATE latin1_general_ci DEFAULT NULL,
  `ccode` int(10) DEFAULT NULL,
  `mobile` varchar(10) CHARACTER SET latin1 COLLATE latin1_general_ci DEFAULT NULL,
  `email` varchar(50) CHARACTER SET latin1 COLLATE latin1_general_ci DEFAULT NULL,
  `workplace` varchar(50) CHARACTER SET latin1 COLLATE latin1_general_ci DEFAULT NULL,
  `lrno` varchar(50) CHARACTER SET latin1 COLLATE latin1_general_ci DEFAULT NULL,
  `street` varchar(50) CHARACTER SET latin1 COLLATE latin1_general_ci DEFAULT NULL,
  `building` varchar(50) CHARACTER SET latin1 COLLATE latin1_general_ci DEFAULT NULL,
  `office2` varchar(50) CHARACTER SET latin1 COLLATE latin1_general_ci DEFAULT NULL,
  `ref` varchar(50) CHARACTER SET latin1 COLLATE latin1_general_ci DEFAULT NULL,
  `imgurl` varchar(50) CHARACTER SET latin1 COLLATE latin1_general_ci NOT NULL,
  PRIMARY KEY (`id`)
) ENGINE=MyISAM  DEFAULT CHARSET=latin1 AUTO_INCREMENT=2 ;

--
-- Dumping data for table `directors`
--

INSERT INTO `directors` (`id`, `comp`, `fulnames`, `initials`, `gender`, `ms`, `dob`, `idno`, `address`, `town`, `pcode`, `phone`, `ccode`, `mobile`, `email`, `workplace`, `lrno`, `street`, `building`, `office2`, `ref`, `imgurl`) VALUES
(1, 3, 'Elias Gitonga Kaaria', NULL, 1, 2, '2009-12-30', '12345', '20813', 1, 100, '072127041', 254, NULL, 'elias@asterisktech.co.ke', NULL, NULL, NULL, NULL, NULL, NULL, '../docs/school.jpeg');

-- --------------------------------------------------------

--
-- Table structure for table `disciplinary`
--

CREATE TABLE IF NOT EXISTS `disciplinary` (
  `id` int(10) NOT NULL AUTO_INCREMENT,
  `employee` int(10) NOT NULL,
  `offencedate` date DEFAULT NULL,
  `offence` varchar(100) CHARACTER SET latin1 COLLATE latin1_general_ci DEFAULT NULL,
  `presidedby` varchar(100) CHARACTER SET latin1 COLLATE latin1_general_ci DEFAULT NULL,
  `actiondate` date DEFAULT NULL,
  `action` text CHARACTER SET latin1 COLLATE latin1_general_ci,
  `company` varchar(50) CHARACTER SET latin1 COLLATE latin1_general_ci NOT NULL,
  PRIMARY KEY (`id`)
) ENGINE=MyISAM  DEFAULT CHARSET=latin1 AUTO_INCREMENT=10 ;

--
-- Dumping data for table `disciplinary`
--

INSERT INTO `disciplinary` (`id`, `employee`, `offencedate`, `offence`, `presidedby`, `actiondate`, `action`, `company`) VALUES
(9, 40, '2010-03-03', 'gdfhg', 'fdfg', '2010-03-23', ' GDFGHFHGJ', '40983');

-- --------------------------------------------------------

--
-- Table structure for table `doc`
--

CREATE TABLE IF NOT EXISTS `doc` (
  `id` int(10) NOT NULL AUTO_INCREMENT,
  `name` varchar(50) COLLATE latin1_general_ci NOT NULL,
  `description` text COLLATE latin1_general_ci,
  `company` varchar(50) COLLATE latin1_general_ci NOT NULL,
  PRIMARY KEY (`id`)
) ENGINE=MyISAM  DEFAULT CHARSET=latin1 COLLATE=latin1_general_ci ROW_FORMAT=DYNAMIC AUTO_INCREMENT=9 ;

--
-- Dumping data for table `doc`
--

INSERT INTO `doc` (`id`, `name`, `description`, `company`) VALUES
(1, 'Contracts', ' EMPLOYMENT CONTRACTS', '10003'),
(2, 'Transcripts', ' ', '10003'),
(3, 'ID or Passport Card', ' ', '10003'),
(4, 'Resume', ' ', '10003'),
(7, 'photo', ' ', '10003'),
(8, 'Certificates', ' CERTIFICATES', '10003');

-- --------------------------------------------------------

--
-- Table structure for table `empdoc`
--

CREATE TABLE IF NOT EXISTS `empdoc` (
  `id` int(10) NOT NULL AUTO_INCREMENT,
  `imageurl` varchar(100) COLLATE latin1_general_ci NOT NULL,
  `description` varchar(50) COLLATE latin1_general_ci DEFAULT NULL,
  `displayorder` int(10) NOT NULL,
  `client` int(10) NOT NULL,
  `category` int(10) NOT NULL,
  `job` int(10) NOT NULL,
  `adverseparty` varchar(100) COLLATE latin1_general_ci DEFAULT NULL,
  PRIMARY KEY (`id`)
) ENGINE=MyISAM  DEFAULT CHARSET=latin1 COLLATE=latin1_general_ci ROW_FORMAT=DYNAMIC AUTO_INCREMENT=16 ;

--
-- Dumping data for table `empdoc`
--

INSERT INTO `empdoc` (`id`, `imageurl`, `description`, `displayorder`, `client`, `category`, `job`, `adverseparty`) VALUES
(1, '../docs/court.jpeg', 'my document', 1, 307, 6, 3, 'peter'),
(2, '../docs/manji.JPG', 'our completion documents', 1, 670, 6, 5, NULL),
(3, '../docs/Desert.jpg', 'doc 2', 2, 670, 6, 5, NULL),
(4, '../docs/CANADA LOTTERY.jpg', 'corr 1', 3, 670, 3, 5, NULL),
(5, '../docs/BMA secured network.jpg', 'cvorre 2', 1, 670, 3, 5, NULL),
(6, '../docs/Sangara HR System.doc', 'word 1', 2, 670, 3, 5, NULL),
(7, '../docs/110Tender@Callin.JPG', 'doc1', 1, 307, 4, 3, NULL),
(8, '../docs/Manpowerkenya.doc', 'Affidavit', 2, 307, 6, 3, 'Elias Gitonga'),
(9, '../docs/SIPFXO_106.pdf', 'Our document 2010', 4, 670, 3, 5, 'Mr. Eric Bengi''s file 1'),
(10, '../docs/Manpowerkenya.doc', 'My poppus', 5, 670, 3, 5, 'Mathew'),
(11, '../docs/Sample page to use.doc', 'My Next level Docs', 3, 670, 6, 5, 'my docs'),
(12, '../docs/Endian Configuration Manual.doc', 'Decumentos', 6, 670, 3, 5, 'Endian Configurations'),
(13, '../docs/Sample page to use.doc', 'Docsss', 4, 670, 6, 5, 'To Eric'),
(14, '../docs/Desert.jpg', 'Title deed', 2, 4, 7, 704, 'mr peter'),
(15, '../docs/Application letter.doc', 'Summon', 1, 4, 7, 704, 'fvgdf');

-- --------------------------------------------------------

--
-- Table structure for table `empdocs`
--

CREATE TABLE IF NOT EXISTS `empdocs` (
  `id` int(10) NOT NULL AUTO_INCREMENT,
  `doc` int(10) NOT NULL,
  `employee` int(10) NOT NULL,
  `imageurl` varchar(100) COLLATE latin1_general_ci NOT NULL,
  `company` varchar(50) COLLATE latin1_general_ci NOT NULL,
  PRIMARY KEY (`id`)
) ENGINE=MyISAM DEFAULT CHARSET=latin1 COLLATE=latin1_general_ci ROW_FORMAT=DYNAMIC AUTO_INCREMENT=1 ;

--
-- Dumping data for table `empdocs`
--


-- --------------------------------------------------------

--
-- Table structure for table `empleave`
--

CREATE TABLE IF NOT EXISTS `empleave` (
  `id` int(10) NOT NULL AUTO_INCREMENT,
  `employee` int(10) NOT NULL,
  `empleave` int(10) NOT NULL DEFAULT '1',
  `company` varchar(50) COLLATE latin1_general_ci NOT NULL DEFAULT '10003',
  PRIMARY KEY (`id`)
) ENGINE=MyISAM  DEFAULT CHARSET=latin1 COLLATE=latin1_general_ci AUTO_INCREMENT=52 ;

--
-- Dumping data for table `empleave`
--

INSERT INTO `empleave` (`id`, `employee`, `empleave`, `company`) VALUES
(46, 40, 10, '40983'),
(47, 42, 10, '40983'),
(48, 42, 13, '40983'),
(49, 42, 11, '40983'),
(50, 40, 13, '40983'),
(51, 40, 11, '40983');

-- --------------------------------------------------------

--
-- Table structure for table `employee`
--

CREATE TABLE IF NOT EXISTS `employee` (
  `id` int(10) NOT NULL AUTO_INCREMENT,
  `empcode` varchar(50) COLLATE latin1_general_ci NOT NULL,
  `name` varchar(50) COLLATE latin1_general_ci DEFAULT NULL,
  `surname` varchar(50) COLLATE latin1_general_ci NOT NULL,
  `othernames` varchar(50) COLLATE latin1_general_ci NOT NULL,
  `dob` date NOT NULL DEFAULT '0000-00-00',
  `gender` varchar(50) COLLATE latin1_general_ci NOT NULL,
  `maritalstatus` varchar(50) COLLATE latin1_general_ci NOT NULL,
  `nationality` varchar(50) COLLATE latin1_general_ci NOT NULL,
  `religion` varchar(50) COLLATE latin1_general_ci NOT NULL,
  `employmentdate` date DEFAULT NULL,
  `employmentexpiry` date DEFAULT NULL,
  `jobposition` varchar(50) COLLATE latin1_general_ci DEFAULT NULL,
  `empcategory` varchar(50) COLLATE latin1_general_ci DEFAULT NULL,
  `employmentterm` varchar(50) COLLATE latin1_general_ci DEFAULT NULL,
  `department` varchar(50) COLLATE latin1_general_ci DEFAULT NULL,
  `branch` int(10) DEFAULT NULL,
  `physicaladdress` varchar(70) COLLATE latin1_general_ci DEFAULT NULL,
  `homeaddress` varchar(50) COLLATE latin1_general_ci DEFAULT NULL,
  `hometel` varchar(50) COLLATE latin1_general_ci DEFAULT NULL,
  `email` varchar(50) COLLATE latin1_general_ci DEFAULT NULL,
  `idno` varchar(50) COLLATE latin1_general_ci DEFAULT NULL,
  `nhifno` varchar(50) COLLATE latin1_general_ci DEFAULT NULL,
  `nssfno` varchar(50) COLLATE latin1_general_ci DEFAULT NULL,
  `krapinno` varchar(50) COLLATE latin1_general_ci DEFAULT NULL,
  `krafileno` varchar(50) COLLATE latin1_general_ci DEFAULT NULL,
  `goodcondactcert` varchar(50) COLLATE latin1_general_ci DEFAULT NULL,
  `basicpay` decimal(10,2) DEFAULT NULL,
  `hseallowance` decimal(10,2) DEFAULT NULL,
  `annualbonus` decimal(10,2) DEFAULT NULL,
  `bank` int(10) DEFAULT NULL,
  `bankbranch` varchar(50) COLLATE latin1_general_ci DEFAULT NULL,
  `accountno` varchar(50) COLLATE latin1_general_ci DEFAULT NULL,
  `onprobation` char(10) COLLATE latin1_general_ci DEFAULT NULL,
  `probationperion` varchar(50) COLLATE latin1_general_ci DEFAULT NULL,
  `confirmationdate` date DEFAULT NULL,
  `probation` varchar(50) COLLATE latin1_general_ci DEFAULT NULL,
  `probationstartdate` date DEFAULT NULL,
  `isdisengaged` char(10) COLLATE latin1_general_ci DEFAULT NULL,
  `datedisengaged` date DEFAULT NULL,
  `reasondisengaged` varchar(100) COLLATE latin1_general_ci DEFAULT NULL,
  `canberengaged` char(10) COLLATE latin1_general_ci DEFAULT NULL,
  `trainedonretirement` char(10) COLLATE latin1_general_ci DEFAULT NULL,
  `trainingdate` date DEFAULT NULL,
  `trainingadvisor` varchar(50) COLLATE latin1_general_ci DEFAULT NULL,
  `trainingachieved` char(10) COLLATE latin1_general_ci DEFAULT NULL,
  `positionheld` varchar(10) COLLATE latin1_general_ci DEFAULT NULL,
  `imageurl` varchar(100) COLLATE latin1_general_ci DEFAULT NULL,
  `company` varchar(50) COLLATE latin1_general_ci NOT NULL,
  `empsig` varchar(100) COLLATE latin1_general_ci DEFAULT NULL,
  PRIMARY KEY (`id`)
) ENGINE=MyISAM  DEFAULT CHARSET=latin1 COLLATE=latin1_general_ci AUTO_INCREMENT=45 ;

--
-- Dumping data for table `employee`
--

INSERT INTO `employee` (`id`, `empcode`, `name`, `surname`, `othernames`, `dob`, `gender`, `maritalstatus`, `nationality`, `religion`, `employmentdate`, `employmentexpiry`, `jobposition`, `empcategory`, `employmentterm`, `department`, `branch`, `physicaladdress`, `homeaddress`, `hometel`, `email`, `idno`, `nhifno`, `nssfno`, `krapinno`, `krafileno`, `goodcondactcert`, `basicpay`, `hseallowance`, `annualbonus`, `bank`, `bankbranch`, `accountno`, `onprobation`, `probationperion`, `confirmationdate`, `probation`, `probationstartdate`, `isdisengaged`, `datedisengaged`, `reasondisengaged`, `canberengaged`, `trainedonretirement`, `trainingdate`, `trainingadvisor`, `trainingachieved`, `positionheld`, `imageurl`, `company`, `empsig`) VALUES
(40, '087345', 'Elias  Gitonga', 'Elias', 'Gitonga', '1978-04-20', 'Male', 'Married', '10', '2', '0000-00-00', '0000-00-00', '33', '', '', '17', 0, 'WESTLANDS', 'P.O BOX 34345 00200 NAIROBI', '3546457654', 'elias.gitonga@gmail.com', '4534645', '64634', '43634', '', '', '', 0.00, 0.00, 0.00, 0, 'No Bank branch Selected', '', '', '', '0000-00-00', 'No probationtype Selected', '0000-00-00', '', '0000-00-00', '', '', '', '0000-00-00', '', '', NULL, '../empimages/paka.gif', '40983', NULL),
(41, '003', 'Mutea  Henry Kathia', 'Mutea', 'Henry Kathia', '1977-03-17', 'Male', 'Married', '10', '2', '0000-00-00', '0000-00-00', '34', '', '', '18', 0, '', '', '', 'henry.mutea@bma.co.ke', '', '', '', '', '', '', 0.00, 0.00, 0.00, 0, 'No Bank branch Selected', '', 'No', '', '0000-00-00', 'No probationtype Selected', '0000-00-00', '', '0000-00-00', '', '', '', '0000-00-00', '', '', NULL, '../empimages/', '40983', NULL),
(42, '001', 'Bengi  Eric Gitonga', 'Bengi', 'Eric Gitonga', '1977-03-22', 'Male', 'Married', '10', '7', '0000-00-00', '0000-00-00', '37', '', '', '19', 0, '', '', '', '', '', '', '', '', '', '', 0.00, 0.00, 0.00, 0, 'No Bank branch Selected', '', '', '', '0000-00-00', 'No probationtype Selected', '0000-00-00', '', '0000-00-00', '', '', '', '0000-00-00', '', '', NULL, '../empimages/Koala.jpg', '40983', '../empsig/Tulips.jpg'),
(43, '002', 'Omaya  Carline', 'Omaya', 'Carline', '2010-03-23', 'Female', 'Single', '10', '7', NULL, NULL, NULL, NULL, NULL, NULL, NULL, NULL, NULL, NULL, NULL, NULL, NULL, NULL, NULL, NULL, NULL, NULL, NULL, NULL, NULL, NULL, NULL, NULL, NULL, NULL, NULL, NULL, NULL, NULL, NULL, NULL, NULL, NULL, NULL, NULL, NULL, '../empimages/', '40983', NULL),
(44, '004', 'Muturia  Peter Gichuhi', 'Muturia', 'Peter Gichuhi', '2010-04-13', 'Male', 'Married', '10', '7', '2009-04-09', '2012-04-05', '37', '7', '7', '19', 0, NULL, NULL, NULL, NULL, NULL, NULL, NULL, NULL, NULL, NULL, 0.00, 0.00, 0.00, 0, 'No Bank branch Selected', '', 'No', '', '0000-00-00', 'No probationtype Selected', '0000-00-00', '', '0000-00-00', '', '', '', '0000-00-00', '', '', NULL, '../empimages/', '40983', NULL);

-- --------------------------------------------------------

--
-- Table structure for table `employeecategory`
--

CREATE TABLE IF NOT EXISTS `employeecategory` (
  `id` int(10) NOT NULL AUTO_INCREMENT,
  `EmployeecategoryCode` varchar(50) COLLATE latin1_general_ci NOT NULL,
  `name` varchar(50) COLLATE latin1_general_ci NOT NULL,
  `description` text COLLATE latin1_general_ci,
  `lowestsalary` decimal(10,0) NOT NULL,
  `highestsalary` decimal(10,0) NOT NULL,
  `company` varchar(50) COLLATE latin1_general_ci NOT NULL,
  PRIMARY KEY (`id`)
) ENGINE=MyISAM  DEFAULT CHARSET=latin1 COLLATE=latin1_general_ci AUTO_INCREMENT=8 ;

--
-- Dumping data for table `employeecategory`
--

INSERT INTO `employeecategory` (`id`, `EmployeecategoryCode`, `name`, `description`, `lowestsalary`, `highestsalary`, `company`) VALUES
(7, '', 'Group K', ' ', 40000, 80000, '40983');

-- --------------------------------------------------------

--
-- Table structure for table `employmentterm`
--

CREATE TABLE IF NOT EXISTS `employmentterm` (
  `id` int(10) NOT NULL AUTO_INCREMENT,
  `name` varchar(50) COLLATE latin1_general_ci NOT NULL,
  `description` text COLLATE latin1_general_ci,
  `company` varchar(50) COLLATE latin1_general_ci NOT NULL,
  PRIMARY KEY (`id`)
) ENGINE=MyISAM  DEFAULT CHARSET=latin1 COLLATE=latin1_general_ci AUTO_INCREMENT=8 ;

--
-- Dumping data for table `employmentterm`
--

INSERT INTO `employmentterm` (`id`, `name`, `description`, `company`) VALUES
(7, 'Contract', ' ', '40983');

-- --------------------------------------------------------

--
-- Table structure for table `gender`
--

CREATE TABLE IF NOT EXISTS `gender` (
  `id` int(10) NOT NULL AUTO_INCREMENT,
  `name` varchar(50) CHARACTER SET latin1 COLLATE latin1_general_ci NOT NULL,
  PRIMARY KEY (`id`)
) ENGINE=MyISAM  DEFAULT CHARSET=latin1 ROW_FORMAT=DYNAMIC AUTO_INCREMENT=4 ;

--
-- Dumping data for table `gender`
--

INSERT INTO `gender` (`id`, `name`) VALUES
(1, 'Male'),
(2, 'Female'),
(3, 'Others');

-- --------------------------------------------------------

--
-- Table structure for table `generalfile`
--

CREATE TABLE IF NOT EXISTS `generalfile` (
  `id` int(10) NOT NULL AUTO_INCREMENT,
  `filename` varchar(50) CHARACTER SET latin1 COLLATE latin1_general_ci DEFAULT NULL,
  `dateopened` timestamp NOT NULL DEFAULT CURRENT_TIMESTAMP,
  `client` int(10) DEFAULT NULL,
  `openedby` varchar(50) CHARACTER SET latin1 COLLATE latin1_general_ci DEFAULT NULL,
  `dept` varchar(10) CHARACTER SET latin1 COLLATE latin1_general_ci DEFAULT NULL,
  `ctype` varchar(10) CHARACTER SET latin1 COLLATE latin1_general_ci DEFAULT NULL,
  `importance` varchar(10) CHARACTER SET latin1 COLLATE latin1_general_ci DEFAULT NULL,
  PRIMARY KEY (`id`)
) ENGINE=MyISAM  DEFAULT CHARSET=latin1 AUTO_INCREMENT=248 ;

--
-- Dumping data for table `generalfile`
--

INSERT INTO `generalfile` (`id`, `filename`, `dateopened`, `client`, `openedby`, `dept`, `ctype`, `importance`) VALUES
(1, 'AD/DL1YNB/307', '2010-03-04 19:08:18', 307, '1', 'D', 'L', 'Y'),
(22, 'SI/DL1XNB/197', '2010-03-04 20:25:19', 197, '1', 'D', 'L', 'X'),
(3, 'AF/DL1YNB/004', '2010-03-04 19:12:58', 4, '1', 'D', 'L', 'Y'),
(4, 'AB/DL1YNB/707', '2010-03-04 19:17:47', 707, '1', 'D', 'L', 'Y'),
(5, 'AP/DL1YNB/302', '2010-03-04 19:19:37', 302, '1', 'D', 'L', 'Y'),
(6, 'AH/DL1YNB/670', '2010-03-04 19:21:45', 670, '1', 'D', 'L', 'Y'),
(243, 'FW/DP1ZBU/065', '2010-03-29 16:29:56', 65, '80152', 'D', 'P', 'Z'),
(8, 'MC/DL1YNB/419', '2010-03-04 19:26:34', 419, '1', 'D', 'L', 'Y'),
(21, 'AH/DL1YNB/418', '2010-03-04 20:21:37', 418, '1', 'D', 'L', 'Y'),
(10, 'AN/DP1YNB/746', '2010-03-04 19:35:30', 746, '1', 'D', 'P', 'Y'),
(11, 'AP/DL1YNB/719', '2010-03-04 19:37:45', 719, '1', 'D', 'L', 'Y'),
(12, 'AI/DL1YNB/314', '2010-03-04 19:39:34', 314, '1', 'D', 'L', 'Y'),
(13, 'AP/DL1YNB/273', '2010-03-04 19:42:59', 273, '1', 'D', 'L', 'Y'),
(14, 'AV/DL1YNB/305', '2010-03-04 19:48:08', 305, '1', 'D', 'L', 'Y'),
(15, '/DL1Y/000', '2010-03-04 19:50:26', 9, '1', 'D', 'L', 'Y'),
(16, 'AK/DL1YNB/010', '2010-03-04 19:53:13', 10, '1', 'D', 'L', 'Y'),
(17, 'JK/DG1YNB/354', '2010-03-04 19:55:37', 354, '1', 'D', 'G', 'Y'),
(18, 'AB/DP1YNB/464', '2010-03-04 20:01:21', 464, '1', 'D', 'P', 'Y'),
(19, 'AC/DL1YNB/516', '2010-03-04 20:03:54', 516, '1', 'D', 'L', 'Y'),
(20, 'AS/DL1YNB/014', '2010-03-04 20:05:41', 14, '1', 'D', 'L', 'Y'),
(23, 'AS/DL1ZNB/457', '2010-03-04 20:34:27', 457, '1', 'D', 'L', 'Z'),
(24, 'EG/DP1YNB/293', '2010-03-04 20:39:01', 27, '1', 'D', 'P', 'Y'),
(25, 'EG/DL1YNB/293', '2010-03-04 20:41:40', 293, '1', 'D', 'L', 'Y'),
(26, 'AS/DG1XNB/014', '2010-03-04 20:44:34', 21, '1', 'D', 'G', 'X'),
(27, 'BH/DL1YNB/356', '2010-03-04 20:49:27', 356, '1', 'D', 'L', 'Y'),
(28, 'BP/DL1YNB/024', '2010-03-04 20:52:21', 24, '1', 'D', 'L', 'Y'),
(29, 'BB/DL1YNB/613', '2010-03-04 20:55:16', 613, '1', 'D', 'L', 'Y'),
(30, 'BM/DP1XNB/277', '2010-03-04 20:59:49', 277, '1', 'D', 'P', 'X'),
(31, 'BM/DP1XNB/436', '2010-03-04 21:06:26', 436, '1', 'D', 'P', 'X'),
(33, 'CP/DG1YNB/037', '2010-03-04 21:10:06', 37, '1', 'D', 'G', 'Y'),
(34, 'BM/DG1YNB/025', '2010-03-04 21:11:36', 25, '1', 'D', 'G', 'Y'),
(35, 'BL/DL1YNB/304', '2010-03-05 05:57:20', 304, '1', 'D', 'L', 'Y'),
(36, 'BT/DL1YNB/026', '2010-03-05 05:59:22', 26, '1', 'D', 'L', 'Y'),
(37, 'BE/DL1YNB/532', '2010-03-05 06:01:18', 532, '1', 'D', 'L', 'Y'),
(38, 'BE/DL1YNB/517', '2010-03-05 06:02:27', 517, '1', 'D', 'L', 'Y'),
(39, 'BP/DL1YNB/024', '2010-03-05 06:04:20', 24, '1', 'D', 'L', 'Y'),
(40, 'BK/DL1YNB/031', '2010-03-05 06:05:36', 31, '1', 'D', 'L', 'Y'),
(41, 'BM/DL1YNB/365', '2010-03-05 06:06:52', 365, '1', 'D', 'L', 'Y'),
(42, 'BL/DL1YNB/445', '2010-03-05 06:08:18', 445, '1', 'D', 'L', 'Y'),
(43, 'BB/DG1YNB/032', '2010-03-05 06:10:06', 32, '1', 'D', 'G', 'Y'),
(44, 'BP/DL1YNB/441', '2010-03-05 06:11:31', 441, '1', 'D', 'L', 'Y'),
(45, 'BW/DL1YNB/236', '2010-03-05 06:14:57', 236, '1', 'D', 'L', 'Y'),
(46, 'BH/DL1YNB/853', '2010-03-05 06:17:11', 853, '1', 'D', 'L', 'Y'),
(47, 'BH/DL1YNB/433', '2010-03-05 06:18:19', 433, '1', 'D', 'L', 'Y'),
(48, 'BE/DL1YNB/342', '2010-03-05 06:20:04', 342, '1', 'D', 'L', 'Y'),
(49, 'BE/DP1YNB/497', '2010-03-05 06:21:39', 497, '1', 'D', 'P', 'Y'),
(50, 'BI/DL1YNB/604', '2010-03-05 06:23:00', 604, '1', 'D', 'L', 'Y'),
(51, 'BV/DL1YNB/035', '2010-03-05 06:24:59', 35, '1', 'D', 'L', 'Y'),
(240, 'DH/DL1YNB/473', '2010-03-23 19:58:00', 473, '80152', 'D', 'L', 'Y'),
(53, 'BE/DL1YNB/352', '2010-03-05 06:30:05', 352, '1', 'D', 'L', 'Y'),
(54, 'BE/DL1YNB/353', '2010-03-05 06:31:17', 353, '1', 'D', 'L', 'Y'),
(55, 'BE/DL1YNB/548', '2010-03-05 06:33:04', 548, '1', 'D', 'L', 'Y'),
(56, 'CA/DL1YNB/633', '2010-03-05 06:34:49', 633, '1', 'D', 'L', 'Y'),
(57, 'CS/DL1YNB/551', '2010-03-05 06:36:25', 551, '1', 'D', 'L', 'Y'),
(58, 'CL/DL1YNB/036', '2010-03-05 06:38:45', 36, '1', 'D', 'L', 'Y'),
(59, 'CS/DL1YNB/038', '2010-03-05 06:41:12', 38, '1', 'D', 'L', 'Y'),
(60, 'CC/DL1YNB/040', '2010-03-05 06:42:46', 40, '1', 'D', 'L', 'Y'),
(61, 'CI/DL1YNB/042', '2010-03-05 06:44:27', 42, '1', 'D', 'L', 'Y'),
(62, 'CL/DL1YNB/363', '2010-03-05 06:46:22', 363, '1', 'D', 'L', 'Y'),
(63, 'CL/DL1YNB/379', '2010-03-05 06:47:11', 379, '1', 'D', 'L', 'Y'),
(64, 'CH/DL1YNB/310', '2010-03-05 06:48:19', 310, '1', 'D', 'L', 'Y'),
(65, 'CP/DL1YNB/045', '2010-03-05 06:50:09', 45, '1', 'D', 'L', 'Y'),
(66, 'CI/DL1YNB/380', '2010-03-05 06:51:18', 380, '1', 'D', 'L', 'Y'),
(67, 'CI/DL1YNB/049', '2010-03-05 06:52:32', 49, '1', 'D', 'L', 'Y'),
(68, 'CM/DL1YNB/364', '2010-03-05 06:54:03', 364, '1', 'D', 'L', 'Y'),
(69, 'CO/DL1YNB/372', '2010-03-06 10:39:38', 372, '1', 'D', 'L', 'Y'),
(70, 'CS/DL1YNB/286', '2010-03-06 10:46:07', 286, '1', 'D', 'L', 'Y'),
(71, 'CC/DL1YNB/495', '2010-03-06 10:48:47', 495, '1', 'D', 'L', 'Y'),
(72, 'CP/DL1YNB/482', '2010-03-06 10:53:30', 482, '1', 'D', 'L', 'Y'),
(73, 'CC/DL1YNB/496', '2010-03-06 10:56:38', 496, '1', 'D', 'L', 'Y'),
(74, 'DP/DL1YNB/579', '2010-03-06 10:58:39', 579, '1', 'D', 'L', 'Y'),
(75, 'DL/DL1YNB/500', '2010-03-06 11:00:46', 500, '1', 'D', 'L', 'Y'),
(76, 'DW/DG1YNB/536', '2010-03-06 11:03:40', 536, '1', 'D', 'G', 'Y'),
(77, 'DS/DL1YNB/614', '2010-03-06 11:06:28', 614, '1', 'D', 'L', 'Y'),
(78, 'DE/DL1YNB/055', '2010-03-06 11:08:10', 55, '1', 'D', 'L', 'Y'),
(79, 'DH/DL1YNB/475', '2010-03-06 11:09:20', 475, '1', 'D', 'L', 'Y'),
(80, 'DF/DL1YNB/615', '2010-03-06 11:10:47', 615, '1', 'D', 'L', 'Y'),
(81, 'DC/DL1YNB/523', '2010-03-06 11:12:14', 523, '1', 'D', 'L', 'Y'),
(82, 'DC/DL1YNB/559', '2010-03-06 11:13:30', 559, '1', 'D', 'L', 'Y'),
(83, 'EO/DL1YNB/333', '2010-03-06 11:19:27', 333, '1', 'D', 'L', 'Y'),
(84, 'ET/DL1YNB/334', '2010-03-06 11:21:30', 334, '1', 'D', 'L', 'Y'),
(85, 'EA/DL1YNB/240', '2010-03-06 11:22:48', 240, '1', 'D', 'L', 'Y'),
(86, 'EI/DL1YNB/493', '2010-03-06 11:24:26', 493, '1', 'D', 'L', 'Y'),
(87, 'EB/DL1YNB/566', '2010-03-06 11:26:13', 566, '1', 'D', 'L', 'Y'),
(88, 'EP/DL1YNB/541', '2010-03-06 11:28:22', 541, '1', 'D', 'L', 'Y'),
(89, 'UC/DL1XNB/209', '2010-03-06 11:32:39', 209, '1', 'D', 'L', 'X'),
(90, 'ES/DG1YNB/272', '2010-03-06 11:34:29', 272, '1', 'D', 'G', 'Y'),
(91, 'EA/DL1YNB/636', '2010-03-06 11:37:47', 636, '1', 'D', 'L', 'Y'),
(92, 'FS/DL1YNB/648', '2010-03-06 11:40:17', 648, '1', 'D', 'L', 'Y'),
(93, 'FI/DL1YNB/401', '2010-03-06 11:41:37', 401, '1', 'D', 'L', 'Y'),
(94, 'FB/DL1YNB/343', '2010-03-06 11:45:17', 343, '1', 'D', 'L', 'Y'),
(95, 'FP/DL1YNB/295', '2010-03-06 11:46:48', 295, '1', 'D', 'L', 'Y'),
(96, 'GZ/DL1YNB/291', '2010-03-06 11:47:59', 291, '1', 'D', 'L', 'Y'),
(97, 'GE/DL1YNB/709', '2010-03-06 11:50:42', 709, '1', 'D', 'L', 'Y'),
(98, 'GD/DL1YNB/022', '2010-03-06 11:53:37', 22, '1', 'D', 'L', 'Y'),
(99, 'GA/DL1YNB/430', '2010-03-06 11:54:46', 430, '1', 'D', 'L', 'Y'),
(100, 'DK/DG1YNB/231', '2010-03-06 11:57:02', 231, '1', 'D', 'G', 'Y'),
(101, 'GK/DL1YNB/444', '2010-03-06 11:57:44', 444, '1', 'D', 'L', 'Y'),
(102, 'GV/DL1ZNB/075', '2010-03-06 11:58:57', 75, '1', 'D', 'L', 'Z'),
(238, 'AA/DL1YNB/018', '2010-03-18 20:59:24', 18, '80152', 'D', 'L', 'Y'),
(104, 'HG/DL1YNB/656', '2010-03-06 12:03:01', 656, '1', 'D', 'L', 'Y'),
(105, 'HS/DP1YNB/677', '2010-03-06 12:04:56', 677, '1', 'D', 'P', 'Y'),
(106, 'HP/DL1YNB/398', '2010-03-06 12:06:25', 398, '1', 'D', 'L', 'Y'),
(107, 'HK/DL1YNB/439', '2010-03-06 12:09:08', 439, '1', 'D', 'L', 'Y'),
(108, 'HP/DL1YNB/408', '2010-03-06 12:10:10', 408, '1', 'D', 'L', 'Y'),
(109, 'HK/DL1YNB/298', '2010-03-06 12:11:18', 298, '1', 'D', 'L', 'Y'),
(110, 'HL/DL1YNB/284', '2010-03-06 12:13:04', 284, '1', 'D', 'L', 'Y'),
(111, 'IM/DL1XNB/339', '2010-03-06 12:14:02', 339, '1', 'D', 'L', 'X'),
(112, 'IM/DL1YNB/331', '2010-03-06 12:16:15', 331, '1', 'D', 'L', 'Y'),
(113, 'DE/DL1YNB/055', '2010-03-06 12:18:24', 55, '1', 'D', 'L', 'Y'),
(114, 'IB/DL1YNB/702', '2010-03-06 12:19:21', 702, '1', 'D', 'L', 'Y'),
(115, 'IE/DL1XNB/083', '2010-03-06 12:20:41', 83, '1', 'D', 'L', 'X'),
(116, 'EI/DL1XTZ/082', '2010-03-06 12:23:19', 82, '1', 'D', 'L', 'X'),
(117, 'IP/DL1YNB/323', '2010-03-06 12:24:51', 323, '1', 'D', 'L', 'Y'),
(118, 'IE/DL1XNB/087', '2010-03-06 12:25:56', 87, '1', 'D', 'L', 'X'),
(119, 'IV/DL1XNB/090', '2010-03-06 12:26:58', 90, '1', 'D', 'L', 'X'),
(120, 'IT/DL1YNB/479', '2010-03-06 12:28:04', 479, '1', 'D', 'L', 'Y'),
(121, 'IT/DL1YNB/368', '2010-03-06 12:29:22', 368, '1', 'D', 'L', 'Y'),
(122, 'JH/DL1YNB/095', '2010-03-06 12:36:05', 95, '1', 'D', 'L', 'Y'),
(123, 'KH/DL1YNB/097', '2010-03-06 12:37:22', 97, '1', 'D', 'L', 'Y'),
(124, 'KP/DL1YNB/486', '2010-03-06 12:39:04', 486, '1', 'D', 'L', 'Y'),
(125, 'KT/DL1YNB/583', '2010-03-06 12:40:13', 583, '1', 'D', 'L', 'Y'),
(126, 'KN/DL1YNB/745', '2010-03-06 12:41:26', 745, '1', 'D', 'L', 'Y'),
(127, 'KS/DL1YNB/100', '2010-03-06 12:42:37', 100, '1', 'D', 'L', 'Y'),
(128, 'DB/DL1YNB/471', '2010-03-06 12:44:16', 471, '1', 'D', 'L', 'Y'),
(129, 'KE/DL1YNB/101', '2010-03-06 12:45:26', 101, '1', 'D', 'L', 'Y'),
(130, 'KT/DL1ZNB/160', '2010-03-06 12:47:30', 160, '1', 'D', 'L', 'Z'),
(131, 'KW/DG1YNB/595', '2010-03-06 12:49:07', 595, '1', 'D', 'G', 'Y'),
(132, 'KW/DL1YNB/303', '2010-03-06 12:50:49', 303, '1', 'D', 'L', 'Y'),
(133, 'KF/DL1YNB/361', '2010-03-06 12:52:11', 361, '1', 'D', 'L', 'Y'),
(134, 'KT/DL1YKR/320', '2010-03-06 12:54:11', 320, '1', 'D', 'L', 'Y'),
(135, 'KG/DL1YNB/107', '2010-03-06 12:56:53', 107, '1', 'D', 'L', 'Y'),
(136, 'KM/DP1ZNB/108', '2010-03-06 12:58:00', 108, '1', 'D', 'P', 'Z'),
(137, 'KM/DL1XNB/110', '2010-03-06 12:59:07', 110, '1', 'D', 'L', 'X'),
(138, 'LE/DL1YNB/529', '2010-03-06 13:04:21', 529, '1', 'D', 'L', 'Y'),
(139, 'LC/DL1YNB/657', '2010-03-06 13:05:46', 657, '1', 'D', 'L', 'Y'),
(140, 'LT/DL1XNB/112', '2010-03-06 13:09:05', 112, '1', 'D', 'L', 'X'),
(141, 'MS/DL1YNB/319', '2010-03-06 13:11:01', 319, '1', 'D', 'L', 'Y'),
(142, 'MH/DL1YNB/251', '2010-03-06 13:12:17', 251, '1', 'D', 'L', 'Y'),
(143, 'MM/DL1XNB/366', '2010-03-06 13:13:21', 366, '1', 'D', 'L', 'X'),
(144, 'MA/DL1YNB/669', '2010-03-06 13:17:04', 669, '1', 'D', 'L', 'Y'),
(145, 'MS/DL1YNB/116', '2010-03-06 13:23:54', 116, '1', 'D', 'L', 'Y'),
(146, 'MP/DL1YNB/359', '2010-03-06 13:24:55', 359, '1', 'D', 'L', 'Y'),
(147, 'MP/DL1YNB/221', '2010-03-06 13:26:46', 221, '1', 'D', 'L', 'Y'),
(148, 'MX/DL1YNB/764', '2010-03-06 13:28:32', 764, '1', 'D', 'L', 'Y'),
(149, 'MC/DL1YNB/452', '2010-03-06 13:31:11', 452, '1', 'D', 'L', 'Y'),
(150, 'ML/DL1YNB/825', '2010-03-06 13:32:29', 825, '1', 'D', 'L', 'Y'),
(151, 'ME/DL1YNB/349', '2010-03-06 13:35:49', 349, '1', 'D', 'L', 'Y'),
(152, 'MM/DP1YNB/403', '2010-03-06 13:37:08', 403, '1', 'D', 'P', 'Y'),
(153, 'MR/DP1XNB/122', '2010-03-06 13:39:19', 122, '1', 'D', 'P', 'X'),
(154, 'NE/DL1YNB/337', '2010-03-06 13:41:08', 337, '1', 'D', 'L', 'Y'),
(155, 'NE/DL1YNB/617', '2010-03-06 13:43:15', 617, '1', 'D', 'L', 'Y'),
(156, 'NE/SCG1YNB/128', '2010-03-06 13:45:49', 128, '1', 'SC', 'G', 'Y'),
(157, 'OT/DL1YNB/288', '2010-03-06 13:46:50', 288, '1', 'D', 'L', 'Y'),
(158, 'OW/DL1YNB/526', '2010-03-06 13:48:20', 526, '1', 'D', 'L', 'Y'),
(159, 'OW/DL1YNB/378', '2010-03-06 13:49:24', 378, '1', 'D', 'L', 'Y'),
(160, 'OW/DL1YNB/137', '2010-03-06 13:50:38', 137, '1', 'D', 'L', 'Y'),
(161, 'PA/DL1XNB/139', '2010-03-06 13:52:26', 139, '1', 'D', 'L', 'X'),
(162, 'PA/DL1YNB/561', '2010-03-06 13:53:58', 561, '1', 'D', 'L', 'Y'),
(163, 'PH/DP1YNB/141', '2010-03-06 13:55:37', 141, '1', 'D', 'P', 'Y'),
(164, 'PE/DG1YNB/429', '2010-03-06 13:57:17', 429, '1', 'D', 'G', 'Y'),
(165, 'PI/DL1YNB/300', '2010-03-06 13:58:59', 300, '1', 'D', 'L', 'Y'),
(166, 'PF/DL1XNB/146', '2010-03-06 14:00:21', 146, '1', 'D', 'L', 'X'),
(167, 'PC/DL1ZNB/147', '2010-03-06 14:01:59', 147, '1', 'D', 'L', 'Z'),
(168, 'PL/DL1YNB/216', '2010-03-06 14:03:36', 216, '1', 'D', 'L', 'Y'),
(169, 'PI/DL1YNB/156', '2010-03-06 14:05:14', 156, '1', 'D', 'L', 'Y'),
(170, 'PI/DL1XNB/151', '2010-03-06 14:06:25', 151, '1', 'D', 'L', 'X'),
(171, 'PB/DL1YNB/727', '2010-03-06 14:07:48', 727, '1', 'D', 'L', 'Y'),
(172, 'PL/DL1YNB/154', '2010-03-06 14:09:40', 154, '1', 'D', 'L', 'Y'),
(173, 'PA/DL1YNB/282', '2010-03-06 14:10:56', 282, '1', 'D', 'L', 'Y'),
(174, 'PM/DL1YNB/402', '2010-03-06 14:12:09', 402, '1', 'D', 'L', 'Y'),
(175, 'RK/DL1YNB/739', '2010-03-06 14:13:35', 739, '1', 'D', 'L', 'Y'),
(176, 'RH/DL1XNB/163', '2010-03-06 14:14:56', 163, '1', 'D', 'L', 'X'),
(177, 'RP/DL1XNB/164', '2010-03-06 14:15:40', 164, '1', 'D', 'L', 'X'),
(178, 'RE/DL1YNB/423', '2010-03-06 14:23:09', 423, '1', 'D', 'L', 'Y'),
(179, 'RI/DL1YNB/169', '2010-03-06 14:24:22', 169, '1', 'D', 'L', 'Y'),
(180, 'RN/DP1YNB/708', '2010-03-06 14:27:25', 708, '1', 'D', 'P', 'Y'),
(181, 'RI/DL1YNB/694', '2010-03-06 14:29:20', 694, '1', 'D', 'L', 'Y'),
(182, 'RO/DL1YNB/454', '2010-03-06 14:31:52', 454, '1', 'D', 'L', 'Y'),
(183, 'SA/DL1XNB/171', '2010-03-06 14:33:12', 171, '1', 'D', 'L', 'X'),
(184, 'ST/DL1YNB/740', '2010-03-06 14:34:03', 740, '1', 'D', 'L', 'Y'),
(185, 'SO/DL1XNB/175', '2010-03-06 14:34:53', 175, '1', 'D', 'L', 'X'),
(186, 'SP/DL1YNB/316', '2010-03-06 14:35:46', 316, '1', 'D', 'L', 'Y'),
(187, 'SP/DP1YNB/195', '2010-03-06 14:37:20', 195, '1', 'D', 'P', 'Y'),
(188, 'SS/DL1YNB/220', '2010-03-06 14:39:41', 220, '1', 'D', 'L', 'Y'),
(189, 'SE/DL1YNB/801', '2010-03-06 14:41:24', 199, '1', 'D', 'L', 'Y'),
(190, 'SE/DL1YNB/710', '2010-03-06 14:42:27', 710, '1', 'D', 'L', 'Y'),
(191, 'SN/DL1YNB/292', '2010-03-06 14:43:18', 292, '1', 'D', 'L', 'Y'),
(192, 'SS/DL1YNB/521', '2010-03-06 14:44:41', 521, '1', 'D', 'L', 'Y'),
(193, 'SV/DL1YNB/190', '2010-03-06 14:46:33', 190, '1', 'D', 'L', 'Y'),
(194, 'SI/DL1YNB/789', '2010-03-06 14:49:15', 789, '1', 'D', 'L', 'Y'),
(195, 'SC/DL1YNB/717', '2010-03-06 14:51:16', 717, '1', 'D', 'L', 'Y'),
(196, 'ST/DL1YNB/478', '2010-03-06 14:52:40', 478, '1', 'D', 'L', 'Y'),
(197, 'SE/DL1YNB/801', '2010-03-06 14:53:46', 801, '1', 'D', 'L', 'Y'),
(198, 'SI/DL1YNB/400', '2010-03-06 14:55:06', 400, '1', 'D', 'L', 'Y'),
(199, 'SS/DL1YNB/550', '2010-03-06 14:56:50', 550, '1', 'D', 'L', 'Y'),
(200, 'ST/DL1YNB/558', '2010-03-06 15:02:59', 558, '1', 'D', 'L', 'Y'),
(201, 'SG/DL1YNB/318', '2010-03-06 15:04:16', 318, '1', 'D', 'L', 'Y'),
(202, 'SG/DL1YNB/317', '2010-03-06 15:05:25', 317, '1', 'D', 'L', 'Y'),
(203, 'TB/DL1YNB/420', '2010-03-06 15:12:02', 420, '1', 'D', 'L', 'Y'),
(204, 'TC/DL1YNB/659', '2010-03-06 15:14:40', 659, '1', 'D', 'L', 'Y'),
(205, 'TE/DL1YNB/200', '2010-03-06 15:17:58', 200, '1', 'D', 'L', 'Y'),
(206, 'TP/DL1YNB/237', '2010-03-06 15:20:49', 237, '1', 'D', 'L', 'Y'),
(207, 'TL/DL1YNB/384', '2010-03-06 15:22:13', 384, '1', 'D', 'L', 'Y'),
(208, 'TG/DL1YNB/535', '2010-03-06 15:23:42', 535, '1', 'D', 'L', 'Y'),
(209, 'TC/DL1YNB/204', '2010-03-06 15:24:45', 204, '1', 'D', 'L', 'Y'),
(210, 'TR/DL1YNB/207', '2010-03-06 15:28:04', 207, '1', 'D', 'L', 'Y'),
(211, 'UH/DL1YNB/208', '2010-03-06 15:31:17', 208, '1', 'D', 'L', 'Y'),
(212, 'SH/DL1YNB/192', '2010-03-06 15:34:50', 192, '1', 'D', 'L', 'Y'),
(213, 'VN/DL1YNB/446', '2010-03-06 15:36:51', 446, '1', 'D', 'L', 'Y'),
(214, 'VE/DP1YNB/417', '2010-03-06 15:38:24', 417, '1', 'D', 'P', 'Y'),
(215, 'VE/DP1YNB/417', '2010-03-06 15:41:13', 417, '1', 'D', 'P', 'Y'),
(216, 'VN/DP1YNB/466', '2010-03-06 15:45:50', 466, '1', 'D', 'P', 'Y'),
(217, 'VS/DL1YNB/211', '2010-03-06 15:51:12', 211, '1', 'D', 'L', 'Y'),
(218, 'WP/DL1YNB/776', '2010-03-06 15:53:05', 776, '1', 'D', 'L', 'Y'),
(219, 'WI/DL1YNB/214', '2010-03-06 15:57:23', 214, '1', 'D', 'L', 'Y'),
(220, 'WP/DL1YNB/215', '2010-03-06 15:58:27', 215, '1', 'D', 'L', 'Y'),
(221, 'WH/DL1YNB/218', '2010-03-06 16:06:43', 218, '1', 'D', 'L', 'Y'),
(222, 'VS/DL1YNB/211', '2010-03-06 16:08:19', 211, '1', 'D', 'L', 'Y'),
(223, 'AH/DL1YNB/389', '2010-03-13 20:28:49', 389, '1', 'D', 'L', 'Y'),
(224, 'AW/DP1YNB/815', '2010-03-13 20:48:22', 815, '1', 'D', 'P', 'Y'),
(225, 'AH/DL1YNB/007', '2010-03-14 09:25:47', 7, '1', 'D', 'L', 'Y'),
(226, 'AM/DL1YNB/481', '2010-03-14 09:47:01', 481, '1', 'D', 'L', 'Y'),
(227, 'BL/DL1YNB/345', '2010-03-14 10:58:48', 345, '1', 'D', 'L', 'Y'),
(228, 'CP/DL1YNB/037', '2010-03-14 12:16:10', 37, '1', 'D', 'L', 'Y'),
(229, 'KT/DL1YNB/274', '2010-03-15 16:27:50', 274, '1', 'D', 'L', 'Y'),
(230, 'MW/DL1YNB/580', '2010-03-15 16:51:54', 580, '1', 'D', 'L', 'Y'),
(231, 'SH/DL1YNB/336', '2010-03-16 17:45:21', 336, '1', 'D', 'L', 'Y'),
(232, 'SE/DL1YNB/801', '2010-03-16 18:05:20', 199, '1', 'D', 'L', 'Y'),
(233, 'TE/DL1YNB/588', '2010-03-16 18:50:00', 588, '1', 'D', 'L', 'Y'),
(234, 'TT/DL1YNB/377', '2010-03-16 19:22:58', 377, '1', 'D', 'L', 'Y'),
(235, 'UC/DL1YNB/209', '2010-03-16 19:38:13', 209, '1', 'D', 'L', 'Y'),
(236, 'AS/DL1YNB/716', '2010-03-18 16:01:25', 716, '80152', 'D', 'L', 'Y'),
(237, 'WS/DG1YNB/219', '2010-03-18 16:18:42', 219, '80152', 'D', 'G', 'Y'),
(239, 'CC/DL1YNB/289', '2010-03-20 16:57:23', 289, '80152', 'D', 'L', 'Y'),
(241, 'EG/DL1YNB/293', '2010-03-24 06:59:04', 293, '80152', 'D', 'L', 'Y'),
(242, 'HD/DP1YNB/695', '2010-03-25 06:37:47', 695, '80152', 'D', 'P', 'Y'),
(244, 'OL/DL1ZKS/017', '2010-03-29 16:46:57', 17, '80153', 'D', 'L', 'Z'),
(245, 'EG/DL1YNB/011', '2010-05-27 18:15:27', 11, '80152', 'D', 'L', 'Y'),
(246, 'SL/DL1YME/012', '2010-05-28 18:24:22', 12, '80152', 'D', 'L', 'Y'),
(247, 'JJ/DL1YEL/003', '2010-07-24 10:59:46', 3, '80152', 'D', 'L', 'Y');

-- --------------------------------------------------------

--
-- Table structure for table `groups`
--

CREATE TABLE IF NOT EXISTS `groups` (
  `groupid` int(9) NOT NULL AUTO_INCREMENT,
  `groupname` varchar(200) COLLATE latin1_general_ci DEFAULT NULL,
  `grouptypeid` int(10) NOT NULL,
  `groupdesc` text COLLATE latin1_general_ci,
  `sys` int(1) NOT NULL DEFAULT '0',
  PRIMARY KEY (`groupid`),
  KEY `grouptypeid` (`grouptypeid`)
) ENGINE=MyISAM  DEFAULT CHARSET=latin1 COLLATE=latin1_general_ci AUTO_INCREMENT=20 ;

--
-- Dumping data for table `groups`
--

INSERT INTO `groups` (`groupid`, `groupname`, `grouptypeid`, `groupdesc`, `sys`) VALUES
(1, 'System Administrator', 1, 'System Admin', 0),
(15, 'users', 2, 'users', 0),
(16, 'Registrar', 6, 'Registrar', 0),
(17, 'Accounts', 7, 'Accounts', 0),
(18, 'Super Admin', 2, 'Supper admin', 0),
(19, 'Human resource', 8, 'Human resource', 0);

-- --------------------------------------------------------

--
-- Table structure for table `grouptypes`
--

CREATE TABLE IF NOT EXISTS `grouptypes` (
  `id` int(10) NOT NULL AUTO_INCREMENT,
  `grouptypename` varchar(50) COLLATE latin1_general_ci NOT NULL,
  PRIMARY KEY (`id`)
) ENGINE=MyISAM  DEFAULT CHARSET=latin1 COLLATE=latin1_general_ci AUTO_INCREMENT=9 ;

--
-- Dumping data for table `grouptypes`
--

INSERT INTO `grouptypes` (`id`, `grouptypename`) VALUES
(1, 'Company Administrator'),
(2, 'users'),
(6, 'Registrar'),
(7, 'Accounts'),
(8, 'Super Admin');

-- --------------------------------------------------------

--
-- Table structure for table `importance`
--

CREATE TABLE IF NOT EXISTS `importance` (
  `id` int(10) NOT NULL AUTO_INCREMENT,
  `name` varchar(50) CHARACTER SET latin1 COLLATE latin1_general_ci NOT NULL,
  `initials` varchar(10) CHARACTER SET latin1 COLLATE latin1_general_ci NOT NULL,
  PRIMARY KEY (`id`)
) ENGINE=MyISAM  DEFAULT CHARSET=latin1 ROW_FORMAT=DYNAMIC AUTO_INCREMENT=4 ;

--
-- Dumping data for table `importance`
--

INSERT INTO `importance` (`id`, `name`, `initials`) VALUES
(1, 'Very important (X)', 'X'),
(2, 'Average (Y)', 'Y'),
(3, 'One off (Z)', 'Z');

-- --------------------------------------------------------

--
-- Table structure for table `institution`
--

CREATE TABLE IF NOT EXISTS `institution` (
  `id` int(10) NOT NULL AUTO_INCREMENT,
  `name` varchar(50) COLLATE latin1_general_ci NOT NULL,
  `description` text COLLATE latin1_general_ci,
  `Institutiontype` varchar(50) COLLATE latin1_general_ci NOT NULL,
  `company` varchar(50) COLLATE latin1_general_ci NOT NULL,
  PRIMARY KEY (`id`)
) ENGINE=MyISAM  DEFAULT CHARSET=latin1 COLLATE=latin1_general_ci AUTO_INCREMENT=9 ;

--
-- Dumping data for table `institution`
--


-- --------------------------------------------------------

--
-- Table structure for table `institutiontype`
--

CREATE TABLE IF NOT EXISTS `institutiontype` (
  `id` int(10) NOT NULL AUTO_INCREMENT,
  `name` varchar(50) COLLATE latin1_general_ci NOT NULL,
  `description` text COLLATE latin1_general_ci NOT NULL,
  `company` varchar(50) COLLATE latin1_general_ci NOT NULL,
  PRIMARY KEY (`id`)
) ENGINE=MyISAM  DEFAULT CHARSET=latin1 COLLATE=latin1_general_ci ROW_FORMAT=DYNAMIC AUTO_INCREMENT=5 ;

--
-- Dumping data for table `institutiontype`
--


-- --------------------------------------------------------

--
-- Table structure for table `jobposition`
--

CREATE TABLE IF NOT EXISTS `jobposition` (
  `id` int(10) NOT NULL AUTO_INCREMENT,
  `name` varchar(50) COLLATE latin1_general_ci NOT NULL,
  `description` text COLLATE latin1_general_ci,
  `company` varchar(50) COLLATE latin1_general_ci NOT NULL,
  PRIMARY KEY (`id`)
) ENGINE=MyISAM  DEFAULT CHARSET=latin1 COLLATE=latin1_general_ci AUTO_INCREMENT=38 ;

--
-- Dumping data for table `jobposition`
--

INSERT INTO `jobposition` (`id`, `name`, `description`, `company`) VALUES
(33, 'Accountant', ' ACCOUNTANT', '40983'),
(34, 'CEO', ' CEO', '40983'),
(35, 'Driver', ' DRIVER', '40983'),
(36, 'Secretary', ' COMPANY SECRETARY', '40983'),
(37, 'Advocate', ' ', '40983');

-- --------------------------------------------------------

--
-- Table structure for table `jobs`
--

CREATE TABLE IF NOT EXISTS `jobs` (
  `id` int(10) NOT NULL AUTO_INCREMENT,
  `fileno` int(50) DEFAULT NULL,
  `jobtype` int(10) DEFAULT NULL,
  `client` int(10) DEFAULT NULL,
  `details` text CHARACTER SET latin1 COLLATE latin1_general_ci,
  `jobno` int(10) NOT NULL,
  `status` varchar(50) CHARACTER SET latin1 COLLATE latin1_general_ci DEFAULT NULL,
  `priority` int(10) DEFAULT NULL,
  `deleted` varchar(10) CHARACTER SET latin1 COLLATE latin1_general_ci NOT NULL DEFAULT 'NO',
  `ftype` char(1) CHARACTER SET latin1 COLLATE latin1_general_ci DEFAULT NULL,
  `state` char(10) CHARACTER SET latin1 COLLATE latin1_general_ci NOT NULL DEFAULT 'A',
  `aparty` varchar(50) CHARACTER SET latin1 COLLATE latin1_general_ci DEFAULT NULL,
  `cno` int(10) DEFAULT NULL,
  PRIMARY KEY (`id`)
) ENGINE=MyISAM  DEFAULT CHARSET=latin1 ROW_FORMAT=DYNAMIC AUTO_INCREMENT=707 ;

--
-- Dumping data for table `jobs`
--

INSERT INTO `jobs` (`id`, `fileno`, `jobtype`, `client`, `details`, `jobno`, `status`, `priority`, `deleted`, `ftype`, `state`, `aparty`, `cno`) VALUES
(3, 1, 1, 307, 'Purchase of Shares\r\n', 66, '1', 1, 'NO', 'G', 'A', 'Muigai Commercial agencies\r\n', 307),
(4, 3, 1, 4, 'SALE OF L.R. NO. 209/106/15\r\n', 782, '1', 1, 'NO', 'G', 'A', 'JOSEPH GITHEHU KARIUKI\r\n', 4),
(5, 3, 1, 670, 'L.R. No 2/271(Original Lr. 2/60/2) \r\n', 1296, '1', 1, 'NO', 'S', 'A', 'Marakwet Gardens ltd File A(1-7,8-13) File B (1-5,', 0),
(6, 4, 1, 670, 'L.R. No 2/294\r\n', 1511, '1', 1, 'NO', 'S', 'A', 'Filimona Fundi Indire\r\n', 0),
(7, 3, 1, 4, 'L.R. No. 209/3360\r\n', 1181, '1', 1, 'NO', 'G', 'A', 'Joseph Kinuthia & Others\r\n', 4),
(8, 4, 1, 707, 'General File\r\n', 1230, '1', 1, 'NO', 'G', 'A', 'General File\r\n', 707),
(9, 4, 1, 707, 'General File\r\n', 1232, '1', 2, 'NO', 'G', 'A', 'General File\r\n', 707),
(10, 6, 2, 302, 'Null', 719, '1', 2, 'NO', 'S', 'A', 'Registrar of Companies\r\n', 0),
(11, 7, 1, 389, 'HCC. No. 492/05\r\n', 468, '1', 2, 'NO', 'S', 'A', 'Treca Enterprises ltd\r\n', NULL),
(12, 11, 1, 719, 'General File\r\n', 1339, '1', 2, 'NO', 'G', 'A', 'General File\r\n', 719),
(13, 11, 1, 719, 'General File\r\n', 1452, '1', 2, 'NO', 'G', 'A', 'General File\r\n', 719),
(14, 12, 1, 314, 'General File\r\n', 1109, '1', 2, 'NO', 'G', 'A', 'General File\r\n', 314),
(15, 12, 1, 314, 'General File\r\n', 759, '1', 2, 'NO', 'G', 'A', 'General File\r\n', 314),
(16, 13, 1, 273, 'General File\r\n', 664, '1', 2, 'NO', 'G', 'A', 'General File\r\n', 273),
(17, 13, 1, 273, 'PURCHASE OF PLOTS\r\n', 861, '1', 2, 'NO', 'G', 'A', 'MR. MANSOOR ABITALIB MOHAMED\r\n', 273),
(18, 13, 1, 273, 'Uneeco Paper Products ltd.\r\n', 954, '1', 2, 'NO', 'G', 'A', 'Uneeco Paper Products ltd.\r\n', 273),
(19, 13, 1, 273, 'General File\r\n', 945, '1', 2, 'NO', 'G', 'A', 'General File\r\n', 273),
(20, 225, 1, 7, 'General File\r\n', 1413, '1', 2, 'NO', 'G', 'A', 'General File\r\n', 7),
(21, 16, 1, 10, 'General File\r\n', 1392, '1', 2, 'NO', 'G', 'A', 'General File\r\n', 10),
(22, 18, 1, 464, 'General File\r\n', 111, '1', 2, 'NO', 'G', 'A', 'General File\r\n', 464),
(23, 18, 1, 464, '\r\nGeneral File\r\n', 612, '1', 2, 'NO', 'G', 'A', 'General File\r\n', 464),
(24, 18, 1, 464, 'General File\r\n', 613, '1', 2, 'NO', 'G', 'A', 'General File\r\n', 464),
(25, 18, 1, 464, 'General File\r\n', 614, '1', 2, 'NO', 'G', 'A', 'General File\r\n', 464),
(26, 19, 1, 516, 'LE SOLEIL BEACH CLUB\r\n', 757, '1', 2, 'NO', 'G', 'A', 'MR. N.S. BANSAL\r\n', 516),
(27, 19, 1, 516, 'General File\r\n', 723, '1', 2, 'NO', 'G', 'A', 'General File\r\n', 516),
(28, 20, 1, 14, 'LEASE OVER L.R. NO. 20259\r\n', 339, '1', 2, 'NO', 'G', 'A', 'MR. HASIT PATEL\r\n', 14),
(29, 21, 1, 418, 'L.R. No 1870/iv/180\r\n', 197, '1', 2, 'NO', 'G', 'A', 'Nairobi City Council\r\n', 418),
(30, 226, 1, 481, 'General File\r\n', 1016, '1', 2, 'YES', 'G', 'A', 'General File\r\n', 481),
(31, 226, 1, 481, 'General File\r\n', 1018, '1', 2, 'YES', 'G', 'A', 'General File\r\n', 481),
(32, 23, 1, 457, 'General File\r\n', 685, '1', 2, 'NO', 'G', 'A', 'General File\r\n', 457),
(33, 24, 1, 27, 'General File\r\n', 277, '1', 2, 'NO', 'G', 'A', 'General File\r\n', 27),
(34, 24, 1, 27, 'General File\r\n', 946, '1', 2, 'NO', 'G', 'A', 'General File\r\n', 27),
(35, 25, 1, 293, 'Tenancy Agreement\r\n', 1124, '1', 2, 'YES', 'G', 'A', 'Philippa Jane Candler\r\n', 293),
(36, 26, 1, 21, 'Arbitration Agreement\r\n', 692, '1', 2, 'NO', 'G', 'A', 'Keshaula Shah & Others\r\n', 21),
(37, 26, 1, 21, 'General File\r\n', 398, '1', 2, 'NO', 'G', 'A', 'General File\r\n', 21),
(38, 26, 1, 21, 'General File\r\n', 243, '1', 2, 'NO', 'G', 'A', 'General File\r\n', 21),
(39, 27, 1, 29, 'L.R. No. 209/4125\r\n', 448, '1', 2, 'YES', 'G', 'A', 'Rates & Rent\r\n', 356),
(416, 50, 1, 356, 'LR. No 26786\r\n', 1437, '1', 2, 'NO', 'S', 'A', 'Sherry Blue Properties ltd.\r\n', NULL),
(41, 27, 1, 356, 'LAND RENT & RATES\r\n', 834, '1', 2, 'NO', 'G', 'A', 'LAND RENT & RATES\r\n', 356),
(42, 28, 1, 24, '\r\nGeneral File\r\n', 280, '1', 2, 'YES', 'G', 'A', 'General File\r\n', 24),
(43, 28, 1, 24, 'General File\r\n', 1280, '1', 2, 'NO', 'G', 'A', 'General File\r\n', 24),
(44, 30, 1, 277, 'L.R. No. 209/10566\r\n', 1379, '1', 2, 'NO', 'G', 'A', 'VSC(K)\r\n', 277),
(45, 30, 1, 277, 'LR. No.24371/222/223\r\n', 1183, '1', 2, 'NO', 'G', 'A', 'Isaiah. K. Mutea / Kaharati Women Group\r\n', 277),
(46, 30, 1, 277, 'L.R. No. 209/12326\r\n', 1115, '1', 2, 'NO', 'G', 'A', 'Commission of Lands\r\n', 277),
(47, 33, 1, 35, 'L.R. NO. 209/525/248\r\n', 232, '1', 2, 'YES', 'G', 'A', 'F.M. SHAH\r\n', 37),
(48, 35, 1, 304, 'General File\r\n', 246, '1', 2, 'NO', 'G', 'A', 'General File\r\n', 304),
(49, 38, 1, 517, 'General File\r\n', 836, '1', 2, 'NO', 'G', 'A', 'General File\r\n', 517),
(50, 39, 1, 30, 'General File\r\n', 477, '1', 2, 'NO', 'G', 'A', 'General File\r\n', 30),
(51, 41, 2, 365, 'LOAN AGREEMENT OF GBP 30,000\r\n', 716, '1', 2, 'NO', 'G', 'A', 'PIYUSH SHAH\r\n', 365),
(52, 227, 1, 345, 'GENERAL FILE\r\n', 489, '1', 2, 'NO', 'G', 'A', 'GENERAL FILE\r\n', 345),
(53, 227, 1, 345, 'GENERAL FILE\r\n', 490, '1', 2, 'NO', 'G', 'A', 'GENERAL FILE\r\n', 345),
(54, 227, 1, 345, 'GENERAL FILE\r\n', 993, '1', 2, 'NO', 'G', 'A', 'GENERAL FILE\r\n', 345),
(55, 227, 1, 345, 'GENERAL FILE\r\n', 994, '1', 2, 'NO', 'G', 'A', 'GENERAL FILE\r\n', 345),
(56, 227, 1, 345, 'GENERAL FILE\r\n', 925, '1', 2, 'NO', 'G', 'A', 'GENERAL FILE\r\n', 345),
(57, 227, 1, 345, 'GENERAL FILE\r\n', 393, '1', 2, 'NO', 'G', 'A', 'GENERAL FILE\r\n', 345),
(58, 227, 1, 345, 'GENERAL FILE\r\n', 689, '1', 2, 'NO', 'G', 'A', 'GENERAL FILE\r\n', 345),
(59, 227, 1, 345, 'GENERAL FILE\r\n', 688, '1', 2, 'NO', 'G', 'A', 'GENERAL FILE\r\n', 345),
(60, 43, 1, 32, 'Hcsc. No. 3073 of 2004\r\n', 347, '1', 2, 'NO', 'G', 'A', 'Estate of Manjeet \r\n', 32),
(61, 43, 1, 32, 'General File\r\n', 1463, '1', 2, 'NO', 'G', 'A', 'General File\r\n', 32),
(62, 43, 1, 32, 'General File\r\n', 849, '1', 2, 'NO', 'G', 'A', 'General File\r\n', 32),
(63, 43, 1, 32, 'General File\r\n', 841, '1', 2, 'NO', 'G', 'A', 'General File\r\n', 32),
(64, 44, 2, 441, 'Agreement\r\n', 585, '1', 2, 'NO', 'G', 'A', 'Folio Printers ltd.\r\n', 441),
(65, 45, 2, 236, 'GENERAL FILE\r\n', 1047, '5', 2, 'NO', 'G', 'A', 'GENERAL FILE\r\n', 236),
(66, 45, 2, 236, 'GENERAL FILE\r\n', 797, '1', 2, 'NO', 'G', 'A', 'GENERAL FILE\r\n', 236),
(67, 48, 1, 342, 'TENANCY AGREEMENT\r\n', 292, '1', 2, 'NO', 'G', 'A', 'MR. RAMESH SHAH\r\n', 342),
(68, 49, 1, 497, 'General File\r\n', 1328, '1', 2, 'NO', 'G', 'A', 'General File\r\n', 497),
(69, 49, 1, 497, 'General File\r\n', 1116, '1', 2, 'NO', 'G', 'A', 'General File\r\n', 497),
(70, 49, 1, 497, 'General File\r\n', 788, '1', 2, 'NO', 'G', 'A', 'General File\r\n', 497),
(71, 49, 1, 497, 'General File\r\n', 810, '1', 2, 'NO', 'G', 'A', 'General File\r\n', 497),
(72, 49, 1, 497, 'General File\r\n', 920, '1', 2, 'NO', 'G', 'A', 'General File\r\n', 497),
(73, 49, 1, 497, 'General File\r\n', 682, '1', 2, 'NO', 'G', 'A', 'General File\r\n', 497),
(74, 50, 1, 604, '\r\nAGREEMENT FOR SALE OF BUSINESS ASSETS\r\n', 969, '1', 2, 'NO', 'G', 'A', 'SHARP IMAGES LTD\r\n', 604),
(75, 51, 1, 35, 'GENERAL FILE\r\n', 1260, '1', 2, 'NO', 'G', 'A', 'GENERAL FILE\r\n', 35),
(76, 51, 1, 35, 'GENERAL FILE\r\n', 1127, '1', 2, 'NO', 'G', 'A', 'GENERAL FILE\r\n', 35),
(77, 51, 1, 35, 'GENERAL FILE\r\n', 886, '1', 2, 'NO', 'G', 'A', 'GENERAL FILE\r\n', 35),
(78, 51, 1, 35, 'GENERAL FILE\r\n', 747, '1', 2, 'NO', 'G', 'A', 'GENERAL FILE\r\n', 35),
(79, 51, 2, 35, 'ADVANCE COPY BY FAX\r\n', 619, '1', 2, 'NO', 'G', 'A', 'MR. RAVI\r\n', 35),
(80, 54, 2, 353, 'HCC No. 100 of 2005 \r\n', 343, '1', 2, 'NO', 'G', 'A', 'E.A Breweries ltd.\r\n', 353),
(81, 55, 2, 548, 'MOU\r\n', 833, '1', 2, 'NO', 'G', 'A', 'Antony Wanjohi Wachira\r\n', 548),
(82, 34, 1, 25, 'L.R. NO. 209/525/248\r\n', 232, '1', 2, 'NO', 'G', 'A', 'F.M. SHAH\r\n', 25),
(83, 228, 4, 37, 'DEBT COLLECTION\r\n', 252, '1', 2, 'NO', 'G', 'A', 'GENERAL \r\n', 37),
(84, 228, 4, 37, 'DEBT COLLECTION\r\n', 240, '1', 2, 'NO', 'G', 'A', 'GENERAL \r\n', 37),
(85, 228, 4, 37, 'General File\r\n', 1042, '1', 2, 'NO', 'G', 'A', 'General File\r\n', 37),
(86, 228, 4, 37, 'General File\r\n', 851, '1', 2, 'NO', 'G', 'A', 'General File\r\n', 37),
(87, 59, 1, 38, 'General File\r\n', 1041, '1', 2, 'NO', 'G', 'A', 'General File\r\n', 38),
(88, 59, 1, 38, 'General File\r\n', 701, '1', 2, 'NO', 'G', 'A', 'General File\r\n', 38),
(89, 59, 1, 38, 'GENERAL FILE', 61, '1', 2, 'NO', 'G', 'A', 'GENERAL FILE', 38),
(90, 59, 1, 38, 'GENERAL FILE', 37, '1', 2, 'NO', 'G', 'A', 'GENERAL FILE', 38),
(91, 59, 1, 38, 'GENERAL FILE', 38, '1', 2, 'NO', 'G', 'A', 'GENERAL FILE', 38),
(92, 59, 1, 38, 'CMCC 6764/03\r\n', 253, '1', 2, 'NO', 'G', 'A', 'Raj Estate Agencies ltd\r\n', 38),
(93, 61, 2, 42, 'Car Accident\r\n', 603, '1', 2, 'NO', 'G', 'A', 'Laban Justus Macharia\r\n', 42),
(94, 63, 4, 379, 'DEMAND OF 1,921,961.50\r\n', 568, '1', 2, 'NO', 'G', 'A', 'GEETIKA BASSA\r\n', 379),
(95, 64, 2, 310, 'General File\r\n', 514, '1', 2, 'NO', 'G', 'A', 'General File\r\n', 310),
(96, 67, 1, 49, 'General File\r\n', 1001, '1', 2, 'YES', 'G', 'A', 'General File\r\n', 49),
(97, 67, 1, 49, 'General File', 722, '1', 2, 'NO', 'G', 'A', 'General File', 49),
(98, 67, 1, 49, 'General File', 750, '1', 2, 'NO', 'G', 'A', 'General File', 49),
(99, 67, 1, 49, 'General File', 818, '1', 2, 'NO', 'G', 'A', 'General File', 49),
(100, 67, 1, 49, 'General File', 824, '1', 2, 'NO', 'G', 'A', 'General File', 49),
(101, 67, 1, 49, 'General File', 976, '1', 2, 'NO', 'G', 'A', 'General File', 49),
(102, 67, 1, 49, 'General File', 1345, '1', 2, 'NO', 'G', 'A', 'General File', 49),
(103, 67, 1, 49, 'General File', 1335, '1', 2, 'NO', 'G', 'A', 'General File', 49),
(104, 67, 1, 49, 'General File', 968, '1', 2, 'NO', 'G', 'A', 'General File', 49),
(105, 67, 1, 49, 'General File', 736, '1', 2, 'NO', 'G', 'A', 'General File', 49),
(106, 67, 1, 49, 'General File', 822, '1', 2, 'NO', 'G', 'A', 'General File', 49),
(107, 67, 1, 49, 'Succession Cause No 52. of 2008\r\n', 1011, '1', 2, 'NO', 'G', 'A', 'Estate of Paniben W/O Velji & Mepa Shah\r\n', 49),
(108, 68, 2, 364, 'Change of User\r\n', 432, '1', 2, 'NO', 'G', 'A', 'COSMOS  MOTOR SPARES LTD\r\n', 364),
(109, 68, 1, 364, 'General File\r\n', 1425, '1', 2, 'NO', 'G', 'A', 'General File\r\n', 364),
(110, 68, 1, 364, 'General File', 1424, '1', 2, 'NO', 'G', 'A', 'General File', 364),
(111, 68, 1, 364, 'General File', 1210, '1', 2, 'NO', 'G', 'A', 'General File', 364),
(112, 68, 1, 364, 'General File', 830, '1', 2, 'NO', 'G', 'A', 'General File', 364),
(113, 68, 1, 364, 'General File', 934, '1', 2, 'NO', 'G', 'A', 'General File', 364),
(114, 68, 1, 364, 'General File', 911, '1', 2, 'NO', 'G', 'A', 'General File', 364),
(115, 68, 1, 364, 'General File', 745, '1', 2, 'NO', 'G', 'A', 'General File', 364),
(116, 68, 1, 364, 'General File', 714, '1', 2, 'NO', 'G', 'A', 'General File', 364),
(117, 69, 1, 372, 'General File', 708, '1', 2, 'NO', 'G', 'A', 'General File', 372),
(118, 69, 1, 372, 'General File', 579, '1', 2, 'NO', 'G', 'A', 'General File', 372),
(119, 69, 1, 372, 'General File', 576, '1', 2, 'NO', 'G', 'A', 'General File', 372),
(120, 70, 2, 286, 'SERVICES RENDERED\r\n', 871, '1', 2, 'NO', 'G', 'A', 'DAVE MARKETING VENTURES LTD\r\n', 286),
(121, 70, 2, 286, 'General File\r\n', 1438, '1', 2, 'NO', 'G', 'A', 'General File\r\n', 286),
(122, 70, 2, 286, 'General File', 1407, '1', 2, 'NO', 'G', 'A', 'General File', 286),
(123, 70, 2, 286, 'General File', 239, '1', 2, 'YES', 'G', 'A', 'General File', 286),
(124, 70, 2, 286, 'General File', 1101, '1', 2, 'NO', 'G', 'A', 'General File', 286),
(125, 70, 2, 286, 'General File', 965, '1', 2, 'NO', 'G', 'A', 'General File', 286),
(492, 239, 1, 289, 'General File\r\n', 408, '1', 2, 'NO', 'G', 'A', 'General File\r\n', 289),
(491, 239, 1, 289, 'General File\r\n', 125, '1', 2, 'NO', 'G', 'A', 'General File\r\n', 289),
(128, 72, 1, 482, 'Misc. Ap No. 1397 of 2007\r\n', 1027, '1', 2, 'NO', 'G', 'A', 'Madzayo Mrima & Co Advocates\r\n', 482),
(129, 72, 1, 482, 'Keysian Auctioneers\r\n', 1031, '1', 2, 'NO', 'G', 'A', 'Keysian Auctioneers\r\n', 482),
(130, 74, 1, 579, 'General File\r\n', 890, '1', 2, 'NO', 'G', 'A', 'General File\r\n', 579),
(131, 76, 1, 536, 'General File\r\n', 779, '1', 2, 'NO', 'G', 'A', 'General File\r\n', 536),
(132, 76, 1, 536, 'General File', 780, '1', 2, 'NO', 'G', 'A', 'General File', 536),
(133, 77, 1, 614, 'NRB/BLOCK 93/1437\r\n', 957, '1', 2, 'NO', 'G', 'A', 'Zipporah Ithau & Others\r\n', 614),
(134, 78, 1, 55, 'Agreement of Sale\r\n', 440, '1', 2, 'NO', 'G', 'A', 'BookFast ltd.\r\n', 55),
(135, 81, 1, 523, 'LR. 209/2657\r\n', 1481, '1', 2, 'NO', 'G', 'A', 'Nerifa Holdings ltd.\r\n', 523),
(136, 81, 1, 523, 'General File\r\n', 737, '1', 2, 'NO', 'G', 'A', 'General File\r\n', 523),
(137, 82, 1, 559, 'L.R. No 209/1856/2\r\n', 1312, '1', 2, 'YES', 'G', 'A', 'Bid Villas ltd.\r\n', 559),
(138, 82, 1, 559, 'L.R. No.209/118/56\r\n', 1383, '1', 2, 'YES', 'G', 'A', 'Kipkabus Apartments\r\n', 559),
(139, 83, 1, 333, 'L.R. No 7158/357\r\n', 654, '1', 1, 'NO', 'G', 'A', 'Amratlal. P. Shah \r\n', 333),
(140, 83, 1, 333, 'OUTSTANDING DEBT\r\n', 325, '1', 2, 'NO', 'G', 'A', 'MR ABDULLAHI A.P.\r\n', 333),
(141, 83, 1, 333, 'CMCC 5893/07\r\n', 903, '1', 2, 'NO', 'G', 'A', 'Philip. L. Ambetsa\r\n', 333),
(142, 83, 1, 333, 'GENERAL FILE\r\n', 399, '1', 2, 'NO', 'G', 'A', 'GENERAL FILE\r\n', 333),
(143, 83, 1, 333, 'GENERAL FILE\r\n', 349, '1', 2, 'NO', 'G', 'A', 'GENERAL FILE\r\n', 333),
(144, 83, 1, 333, 'GENERAL FILE\r\n', 596, '1', 2, 'NO', 'G', 'A', 'GENERAL FILE\r\n', 333),
(145, 83, 1, 333, 'GENERAL FILE\r\n', 1478, '1', 2, 'NO', 'G', 'A', 'GENERAL FILE\r\n', 333),
(146, 83, 1, 333, 'GENERAL FILE\r\n', 1340, '1', 2, 'NO', 'G', 'A', 'GENERAL FILE\r\n', 333),
(147, 83, 1, 333, 'GENERAL FILE\r\n', 1305, '1', 2, 'NO', 'G', 'A', 'GENERAL FILE\r\n', 333),
(148, 83, 1, 333, 'GENERAL FILE\r\n', 1076, '1', 2, 'NO', 'G', 'A', 'GENERAL FILE\r\n', 333),
(149, 83, 1, 333, 'GENERAL FILE\r\n', 1075, '1', 2, 'NO', 'G', 'A', 'GENERAL FILE\r\n', 333),
(150, 84, 1, 334, 'General File\r\n', 1263, '1', 2, 'NO', 'G', 'A', 'General File\r\n', 334),
(151, 84, 1, 334, 'General File\r\n', 840, '1', 2, 'NO', 'G', 'A', 'General File\r\n', 334),
(152, 84, 1, 334, 'General File\r\n', 89, '1', 2, 'NO', 'G', 'A', 'General File\r\n', 334),
(153, 84, 1, 334, 'General File\r\n', 500, '1', 2, 'NO', 'G', 'A', 'General File\r\n', 334),
(154, 84, 1, 334, 'General File\r\n', 459, '1', 2, 'NO', 'G', 'A', 'General File\r\n', 334),
(155, 84, 1, 334, 'General File\r\n', 460, '1', 2, 'NO', 'G', 'A', 'General File\r\n', 334),
(156, 84, 1, 334, 'General File\r\n', 401, '1', 2, 'NO', 'G', 'A', 'General File\r\n', 334),
(157, 84, 1, 334, 'General File\r\n', 142, '1', 4, 'YES', 'G', 'A', 'General File\r\n', 334),
(158, 85, 1, 240, 'General File\r\n', 22, '1', 2, 'NO', 'G', 'A', 'General File\r\n', 240),
(159, 85, 4, 240, 'OUTSTANDING DEBT\r\n\r\n', 575, '1', 2, 'NO', 'G', 'A', 'AJAY GUPTA \r\n', 240),
(160, 85, 1, 240, 'General File\r\n', 1423, '1', 2, 'NO', 'G', 'A', 'General File\r\n', 240),
(161, 85, 1, 240, 'General File\r\n', 1354, '1', 2, 'NO', 'G', 'A', 'General File\r\n', 240),
(162, 86, 2, 493, 'CONSULTANTS ENGAGEMENT AGREEMENT\r\n', 668, '1', 2, 'NO', 'G', 'A', 'VSC CONSULTANTS LTD\r\n', 493),
(163, 90, 4, 272, 'Outstanding debt\r\n', 115, '1', 2, 'NO', 'G', 'A', 'Bahati Construction ltd.\r\n', 272),
(164, 90, 4, 272, 'OUTSTANDING DEBT\r\n', 395, '1', 2, 'NO', 'G', 'A', 'CHECKERS TRADING LTD\r\n', 272),
(165, 90, 1, 272, 'MILIMANI CMCC NO. 715 OF 2006\r\n', 397, '1', 2, 'NO', 'G', 'A', 'MR. RAMESH SHAH\r\n', 272),
(166, 93, 1, 401, 'General File\r\n', 535, '1', 2, 'NO', 'G', 'A', 'General File\r\n', 401),
(167, 94, 1, 343, 'General File\r\n\r\n', 428, '1', 2, 'NO', 'G', 'A', 'General File\r\n\r\n', 343),
(168, 94, 1, 343, 'General File\r\n', 425, '1', 2, 'NO', 'G', 'A', 'General File\r\n', 343),
(169, 94, 1, 343, 'General File\r\n', 429, '1', 2, 'NO', 'G', 'A', 'General File\r\n', 343),
(170, 94, 1, 343, 'General File\r\n', 316, '1', 2, 'NO', 'G', 'A', 'General File\r\n', 343),
(171, 94, 1, 343, 'General File\r\n', 337, '1', 2, 'NO', 'G', 'A', 'General File\r\n', 343),
(172, 94, 1, 343, 'General File\r\n', 314, '1', 2, 'NO', 'G', 'A', 'General File\r\n', 343),
(173, 94, 1, 343, 'General File\r\n', 313, '1', 2, 'NO', 'G', 'A', 'General File\r\n', 343),
(174, 94, 1, 343, 'General File\r\n', 312, '1', 2, 'NO', 'G', 'A', 'General File\r\n', 343),
(175, 94, 1, 343, 'General File\r\n', 318, '1', 2, 'NO', 'G', 'A', 'General File\r\n', 343),
(176, 94, 1, 343, 'General File\r\n', 1286, '1', 2, 'NO', 'G', 'A', 'General File\r\n', 343),
(177, 94, 1, 343, 'General File\r\n', 1285, '1', 2, 'NO', 'G', 'A', 'General File\r\n', 343),
(178, 94, 1, 343, 'General File\r\n', 1284, '1', 2, 'NO', 'G', 'A', 'General File\r\n', 343),
(179, 94, 1, 343, 'General File\r\n', 1208, '1', 2, 'NO', 'G', 'A', 'General File\r\n', 343),
(180, 94, 1, 343, 'General File\r\n', 939, '1', 2, 'NO', 'G', 'A', 'General File\r\n', 343),
(181, 94, 1, 343, 'General File\r\n', 1193, '1', 2, 'NO', 'G', 'A', 'General File\r\n', 343),
(182, 94, 1, 343, 'General File\r\n', 1194, '1', 2, 'NO', 'G', 'A', 'General File\r\n', 343),
(183, 94, 1, 343, 'General File\r\n', 1195, '1', 2, 'NO', 'G', 'A', 'General File\r\n', 343),
(184, 94, 1, 343, 'General File\r\n', 1130, '1', 2, 'NO', 'G', 'A', 'General File\r\n', 343),
(185, 94, 1, 343, 'General File\r\n', 1159, '1', 2, 'NO', 'G', 'A', 'General File\r\n', 343),
(186, 94, 1, 343, 'General File\r\n', 1020, '1', 2, 'NO', 'G', 'A', NULL, 343),
(187, 94, 1, 343, 'General File\r\n', 1002, '1', 2, 'NO', 'G', 'A', 'General File\r\n', 343),
(188, 94, 1, 343, 'General File\r\n', 1000, '1', 2, 'NO', 'G', 'A', 'General File\r\n', 343),
(189, 94, 1, 343, 'General File\r\n', 670, '1', 2, 'NO', 'G', 'A', 'General File\r\n', 343),
(190, 94, 1, 343, 'General File\r\n', 673, '1', 2, 'NO', 'G', 'A', 'General File\r\n', 343),
(191, 94, 1, 343, 'General File\r\n', 307, '1', 2, 'NO', 'G', 'A', 'General File\r\n', 343),
(192, 94, 1, 343, 'AFFIDAVITS BY OFFICERS OF THE BANK\r\n', 407, '1', 2, 'NO', 'G', 'A', 'M/S JACKLINE KIMETO\r\n', 343),
(193, 94, 5, 343, 'AFFIDAVITS BY OFFICERS OF THE BANK\r\n', 354, '1', 2, 'NO', 'G', 'A', 'M/S JACKLINE KIMETO\r\n', 343),
(194, 94, 1, 343, '\r\nAFFIDAVITS BY OFFICERS OF THE BANK\r\n', 424, '1', 2, 'NO', 'G', 'A', 'M/S JACKLINE KIMETO', 343),
(195, 94, 2, 343, 'ALBERT R. SHITAKA & ANOR\r\n', 320, '1', 2, 'NO', 'G', 'A', 'MILIMANI CMCC 4452 OF 2005\r\n', 343),
(196, 94, 2, 343, 'SERVICES RENDERED\r\n', 322, '1', 2, 'NO', 'G', 'A', 'SOFA DESIGN LTD\r\n', 343),
(197, 94, 4, 343, 'OUTSTANDING DEBT\r\n', 356, '1', 2, 'NO', 'G', 'A', 'ALJOS EAST & CENTRAL AFRICA LTD\r\n', 343),
(198, 94, 1, 343, 'GENERAL FILE\r\n', 355, '1', 2, 'NO', 'G', 'A', 'GENERAL FILE\r\n', 343),
(199, 94, 1, 343, 'General File\r\n', 315, '1', 2, 'NO', 'G', 'A', 'General File\r\n', 343),
(200, 94, 1, 343, 'General File\r\n', 319, '1', 2, 'NO', 'G', 'A', 'General File\r\n', 343),
(201, 95, 1, 295, 'General File\r\n', 191, '1', 2, 'NO', 'G', 'A', 'General File\r\n', 295),
(202, 96, 1, 291, 'General File\r\n', 650, '1', 2, 'NO', 'G', 'A', 'General File\r\n', 291),
(203, 96, 1, 291, 'General File\r\n', 623, '1', 2, 'NO', 'G', 'A', 'General File\r\n', 291),
(204, 96, 1, 291, 'General File\r\n', 549, '1', 2, 'NO', 'G', 'A', 'General File\r\n', 291),
(205, 97, 1, 709, 'General File\r\n', 1271, '1', 2, 'NO', 'G', 'A', 'General File\r\n', 709),
(206, 97, 1, 709, 'General File\r\n', 1240, '1', 2, 'NO', 'G', 'A', 'General File\r\n', 709),
(207, 147, 5, 221, 'PREPARATION OF WILL\r\n', 230, '1', 2, 'NO', 'G', 'A', 'GITABEN CHUNILAL KHIMJI SHAH\r\n', 221),
(208, 99, 5, 430, 'General File\r\n', 533, '1', 2, 'NO', 'G', 'A', 'General File\r\n', 430),
(209, 101, 2, 444, 'LOAN AGREEMENT\r\n', 646, '1', 2, 'NO', 'G', 'A', 'MR. RAVI\r\n', 444),
(210, 101, 2, 444, 'LOAN AGREEMENT\r\n', 647, '1', 2, 'NO', 'G', 'A', 'MR. RAVI\r\n', 444),
(409, 238, 1, 18, 'General File\r\n', 1093, '1', 2, 'NO', 'G', 'A', 'H.M. Chdasama & Others  \r\n', 18),
(408, 238, 1, 18, 'General File\r\n', 902, '1', 2, 'NO', 'G', 'A', 'H.M. Chdasama & Others  \r\n', 18),
(213, 106, 1, 398, 'REVIEW OF A LEASE AGREEMENT\r\n', 1295, '1', 2, 'NO', 'G', 'A', 'LEONARD MUGENYAH\r\n', 398),
(214, 107, 1, 439, 'General File\r\n', 552, '1', 2, 'NO', 'G', 'A', 'General File\r\n', 439),
(215, 107, 1, 439, 'General File\r\n', 571, '1', 2, 'NO', 'G', 'A', 'General File\r\n', 439),
(216, 107, 1, 439, 'General File\r\n', 541, '1', 2, 'NO', 'G', 'A', 'General File\r\n', 439),
(217, 107, 1, 439, 'General File\r\n', 544, '1', 2, 'NO', 'G', 'A', 'General File\r\n', 439),
(218, 108, 2, 408, 'Notice of Intention\r\n', 860, '1', 2, 'NO', 'G', 'A', 'Kenya Vegext(EPZ) ltd\r\n', 408),
(219, 108, 4, 408, 'OUTSTANDING AMOUNT\r\n', 486, '1', 2, 'YES', 'G', 'A', 'MR. SANIK\r\n', 408),
(220, 108, 4, 408, 'OUTSTANDING AMOUNT\r\n', 492, '1', 2, 'NO', 'G', 'A', 'MR. SANIK\r\n', 408),
(221, 109, 4, 298, 'Outstanding Debt\r\n', 276, '1', 2, 'NO', 'G', 'A', 'Kentex Apparel(EPZ)\r\n', 298),
(222, 115, 1, 83, 'General File\r\n', 65, '1', 2, 'NO', 'G', 'A', 'General File\r\n', 83),
(223, 115, 1, 83, 'General File\r\n', 259, '1', 2, 'NO', 'G', 'A', 'General File\r\n', 83),
(224, 115, 5, 83, '\r\nINJURY\r\n', 507, '1', 2, 'NO', 'G', 'A', 'JOHN NJAGE\r\n', 83),
(225, 115, 2, 83, 'THEFT OF TFT MONITORS WITH INTERNAL SPEAKERS INSURED\r\n', 1083, '1', 2, 'NO', 'G', 'A', 'MECER EASTAFRICA LTD\r\n', 83),
(226, 115, 4, 83, 'OUTSTANDING DEBT\r\n', 74, '1', 2, 'NO', 'G', 'A', 'SPIEGEL LTD\r\n', 83),
(227, 115, 2, 83, 'MOMBASA SRMCC NO. 3897 OF 2003\r\n', 184, '1', 2, 'NO', 'G', 'A', 'MR PAUL MUNYAO\r\n', 83),
(228, 115, 4, 83, 'Outstanding debt\r\n', 73, '1', 2, 'NO', 'G', 'A', 'Multiserve ltd.\r\n', 83),
(229, 70, 1, 286, 'General File\r\n', 1239, '1', 2, 'NO', 'G', 'A', 'General File\r\n', 286),
(230, 115, 2, 83, 'HCCC No 1135 of 2002\r\n', 239, '1', 2, 'NO', 'G', 'A', 'ElectroDomestico ltd. \r\n', 83),
(231, 115, 2, 83, 'General File\r\n', 1203, '1', 2, 'NO', 'G', 'A', 'General File\r\n', 83),
(232, 115, 2, 83, 'General File', 740, '1', 2, 'NO', 'G', 'A', 'General File', 83),
(233, 115, 2, 83, 'General File', 881, '1', 2, 'YES', 'G', 'A', 'General File', 83),
(234, 115, 2, 83, 'General File', 268, '1', 2, 'NO', 'G', 'A', 'General File', 83),
(235, 119, 2, 90, 'HCCC NO. 1112 OF 2000\r\n', 245, '1', 2, 'NO', 'G', 'A', 'MR. ANDREW MUCHIGI\r\n', 90),
(236, 120, 2, 479, 'STANDARD TERMS AND CONDITIONS OF COURIER SERVICES\r\n', 727, '1', 2, 'NO', 'G', 'A', 'IN-TIME COURIERS LTD\r\n', 479),
(237, 121, 2, 368, 'PREPARATION OF APPOINTMENT LETTER\r\n', 859, '1', 2, 'NO', 'G', 'A', 'CHARLES NGANGA\r\n', 368),
(238, 17, 1, 354, 'L.R. No. 201/10169\r\n', 1443, '1', 2, 'NO', 'G', 'A', 'General File\r\n', 354),
(239, 17, 1, 354, 'Tenancy of L.R. No 37/382\r\n', 383, '1', 2, 'NO', 'G', 'A', 'Underground Entertainment\r\n', 354),
(240, 122, 2, 95, 'Agreement\r\n', 635, '1', 2, 'NO', 'G', 'A', 'Kartik Patel\r\n', 95),
(241, 123, 1, 97, 'General File\r\n', 632, '1', 2, 'NO', 'G', 'A', 'General File\r\n', 97),
(242, 123, 1, 97, 'General File\r\n', 633, '1', 2, 'NO', 'G', 'A', 'General File\r\n', 97),
(243, 123, 1, 97, 'General File\r\n', 634, '1', 2, 'NO', 'G', 'A', 'General File\r\n', 97),
(244, 124, 1, 486, 'General File\r\n', 486, '1', 2, 'NO', 'G', 'A', 'General File\r\n', 486),
(245, 124, 1, 486, 'General File\r\n', 657, '1', 2, 'NO', 'G', 'A', 'General File\r\n', 486),
(246, 128, 1, 471, 'INCORPORATION OF KBDA LTD\r\n', 721, '1', 2, 'NO', 'G', 'A', 'HORJO BOEHME\r\n', 471),
(247, 129, 1, 101, 'General File\r\n', 198, '1', 2, 'NO', 'G', 'A', 'General File\r\n', 101),
(248, 229, 2, 274, 'CMCC 304 OF 2006\r\n\r\n', 205, '1', 2, 'NO', 'G', 'A', 'RAZCO FOOD PRODUCTS LTD\r\n\r\n', 274),
(249, 132, 1, 303, 'CONVEYANCE OF L.R. NO.\r\n', 225, '1', 2, 'NO', 'G', 'A', 'SYNERGY INDUSTRIAL CREDIT LTD\r\n', 303),
(250, 133, 2, 361, 'Agreement\r\n', 373, '1', 2, 'NO', 'G', 'A', 'Fay Kenya ltd.\r\n', 361),
(251, 133, 2, 361, 'HCCC NO. 179 OF 2006 \r\n', 602, '1', 2, 'NO', 'G', 'A', 'B.M. QUADROS \r\n', 361),
(252, 133, 2, 361, 'REVIEW OF THE TERMS & CONDITIONS OF THE SALE & SERVICE CONTRACT\r\n', 771, '1', 2, 'NO', 'G', 'A', 'RAJ BAINS\r\n', 361),
(253, 135, 2, 107, 'General File\r\n', 1480, '1', 2, 'NO', 'G', 'A', 'General File\r\n', 107),
(254, 135, 2, 107, 'General File\r\n', 846, '1', 2, 'NO', 'G', 'A', 'General File\r\n', 107),
(255, 137, 2, 110, 'General File\r\n', 532, '1', 2, 'NO', 'G', 'A', 'General File\r\n', 110),
(256, 141, 2, 319, 'General File\r\n', 248, '1', 2, 'NO', 'G', 'A', 'General File\r\n', 319),
(257, 142, 1, 251, 'General File\r\n', 242, '1', 2, 'NO', 'G', 'A', 'General File\r\n', 251),
(258, 143, 2, 366, 'IN RECEIVERSHIP\r\n', 384, '1', 2, 'NO', 'G', 'A', 'MAIZENA MILLERS LTD\r\n', 366),
(259, 144, 1, 669, 'HMCC 130/07 & 134/07\r\n', 1211, '1', 2, 'NO', 'G', 'A', 'E.A. Foundry ltd\r\n', 669),
(260, 146, 1, 359, 'GENERAL FILE\r\n', 625, '1', 2, 'NO', 'G', 'A', 'GENERAL FILE\r\n', 359),
(261, 149, 2, 452, 'OPINION ON THE CONDUCT OF AN EXTRAORDINARY GENERAL MEETING\r\n', 973, '1', 2, 'NO', 'G', 'A', 'MR. JAGAT M. SHAH\r\n', 452),
(262, 150, 1, 825, 'L.R. No 3734/607\r\n', 1500, '1', 2, 'NO', 'G', 'A', 'General File\r\n', 825),
(263, 230, 2, 580, 'Claims\r\n', 878, '1', 2, 'NO', 'G', 'A', 'Mrs Peninah Anindo\r\n', 580),
(264, 151, 1, 349, 'L.R. No. 209/4572\r\n', 335, '1', 2, 'NO', 'G', 'A', 'Niku Hardware ltd.\r\n', 349),
(265, 154, 4, 337, 'OUTSTANDING AMOUNT\r\n', 433, '1', 2, 'NO', 'G', 'A', 'ELECTRICAL MARKETING LTD\r\n', 337),
(266, 155, 1, 617, '\r\nConveyance\r\n', 966, '1', 2, 'NO', 'G', 'A', 'General File\r\n', 617),
(267, 155, 1, 617, 'Conveyance\r\n', 972, '1', 2, 'NO', 'G', 'A', 'General File\r\n', 617),
(268, 157, 1, 288, 'General File\r\n', 1265, '1', 2, 'NO', 'G', 'A', 'General File\r\n', 288),
(269, 157, 1, 288, 'General File\r\n', 391, '1', 2, 'NO', 'G', 'A', 'General File\r\n', 288),
(270, 157, 2, 288, 'CMCC NO. 13706 OF 2004\r\n', 378, '1', 2, 'NO', 'G', 'A', 'THOMAS S. ONDUSO', 288),
(271, 157, 2, 288, 'CMCC No. 9846/06\r\n', 705, '1', 2, 'NO', 'G', 'A', 'MFI Tecnologies ltd.\r\n', 288),
(272, 157, 2, 288, 'CMCC No. 48115 of 2005\r\n', 410, '1', 2, 'NO', 'G', 'A', 'Kauma Musili\r\n', 288),
(273, 158, 2, 526, 'General File\r\n', 1237, '1', 2, 'NO', 'G', 'A', 'General File\r\n', 526),
(274, 158, 2, 526, 'General File\r\n', 1086, '1', 2, 'NO', 'G', 'A', 'General File\r\n', 526),
(275, 158, 2, 526, 'DROP OFF POINTS HOSTING AGREEMENT\r\n', 838, '1', 2, 'NO', 'G', 'A', 'MR. GITHAIGA\r\n', 526),
(276, 160, 1, 137, 'General File\r\n', 1196, '1', 2, 'NO', 'G', 'A', 'General File\r\n', 137),
(277, 161, 1, 139, 'General File\r\n', 543, '1', 2, 'NO', 'G', 'A', 'General File\r\n', 139),
(278, 161, 2, 139, 'Debenture\r\n', 561, '1', 2, 'NO', 'G', 'A', 'Imperial Bank ltd.\r\n', 139),
(279, 163, 2, 141, 'General File\r\n', 141, '1', 2, 'NO', 'G', 'A', 'General File\r\n', 141),
(280, 163, 1, 141, 'Tenancy Agreement L.R. No. 209/4987\r\n', 447, '1', 2, 'NO', 'G', 'A', 'Commercial Corporation of Keya \r\n', 141),
(281, 164, 1, 429, 'GENERAL\r\n', 730, '1', 2, 'NO', 'G', 'A', 'MS LYDIAH KAMUYU\r\n', 429),
(282, 165, 4, 300, 'RECOVERY OF OUTSTANDING DEBT\r\n', 680, '1', 2, 'NO', 'G', 'A', 'PARESH SHAH\r\n', 300),
(283, 165, 2, 300, 'RECOVERY OF OUTSTANDING DEBT\r\n', 901, '1', 2, 'NO', 'G', 'A', 'PARESH SHAH\r\n', 300),
(284, 166, 1, 146, 'General File\r\n', 1274, '1', 2, 'NO', 'G', 'A', 'General File\r\n', 146),
(285, 166, 1, 146, 'General File\r\n', 1228, '1', 2, 'NO', 'G', 'A', 'General File\r\n', 146),
(286, 167, 2, 147, 'CMCC NO. 4802 OF 2803\r\n', 67, '1', 2, 'NO', 'G', 'A', 'JOSHUA NDUNGU NGANGA\r\n', 147),
(287, 168, 1, 216, 'LEASE AGREEMENT\r\n', 228, '1', 2, 'NO', 'G', 'A', 'BLUE RING PRODUCTS LTD\r\n', 216),
(288, 170, 4, 151, 'OUTSTANDING DEBT\r\n', 140, '1', 2, 'NO', 'G', 'A', 'INDIGO GARMENTS (EPZ) LTD\r\n', 151),
(289, 170, 1, 151, 'General File\r\n', 665, '1', 2, 'NO', 'G', 'A', 'General File\r\n', 151),
(290, 170, 1, 151, 'General File\r\n', 639, '1', 2, 'NO', 'G', 'A', 'General File\r\n', 151),
(291, 170, 1, 151, 'General File\r\n', 370, '1', 2, 'NO', 'G', 'A', 'General File\r\n', 151),
(292, 170, 1, 151, 'General File\r\n', 333, '1', 2, 'NO', 'G', 'A', 'General File\r\n', 151),
(293, 170, 1, 151, 'General File\r\n', 360, '1', 2, 'NO', 'G', 'A', 'General File\r\n', 151),
(294, 172, 1, 154, 'LEASE ON PART OF L.R. 209/4805\r\n', 1033, '1', 2, 'NO', 'G', 'A', 'OGUTA\r\n', 154),
(295, 172, 1, 154, 'General File\r\n', 785, '1', 2, 'NO', 'G', 'A', 'General File\r\n', 154),
(296, 172, 1, 154, 'General File\r\n', 173, '1', 2, 'NO', 'G', 'A', 'General File\r\n', 154),
(297, 172, 1, 154, 'General File\r\n', 154, '1', 2, 'NO', 'G', 'A', 'General File\r\n', 154),
(298, 172, 1, 154, 'General File\r\n', 192, '1', 2, 'NO', 'G', 'A', 'General File\r\n', 154),
(299, 172, 1, 154, 'General File\r\n', 683, '1', 2, 'NO', 'G', 'A', 'General File\r\n', 154),
(300, 172, 1, 154, 'GENERAL\r\n', 863, '1', 2, 'NO', 'G', 'A', 'GENERAL\r\n', 154),
(301, 172, 1, 154, 'GENERAL\r\n', 814, '1', 2, 'NO', 'G', 'A', 'GENERAL\r\n', 154),
(302, 172, 1, 154, 'GENERAL\r\n', 815, '1', 2, 'NO', 'G', 'A', 'GENERAL\r\n', 154),
(303, 172, 1, 154, 'GENERAL\r\n', 641, '1', 2, 'NO', 'G', 'A', 'GENERAL\r\n', 154),
(304, 172, 1, 154, 'GENERAL\r\n\r\n', 606, '1', 2, 'NO', 'G', 'A', 'GENERAL\r\n', 154),
(305, 172, 1, 154, 'GENERAL\r\n', 909, '1', 2, 'NO', 'G', 'A', 'GENERAL\r\n', 154),
(306, 172, 1, 154, 'GENERAL\r\n', 984, '1', 2, 'NO', 'G', 'A', 'GENERAL\r\n', 154),
(307, 172, 1, 154, 'GENERAL\r\n', 894, '1', 3, 'NO', 'G', 'A', 'GENERAL\r\n', 154),
(308, 172, 1, 154, 'GENERAL\r\n', 893, '1', 2, 'NO', 'G', 'A', 'GENERAL\r\n', 154),
(309, 172, 1, 154, 'GENERAL\r\n', 388, '1', 2, 'NO', 'G', 'A', 'GENERAL\r\n', 154),
(310, 172, 1, 154, 'GENERAL\r\n', 389, '1', 2, 'NO', 'G', 'A', 'GENERAL\r\n', 154),
(311, 172, 1, 154, 'GENERAL\r\n', 387, '1', 2, 'NO', 'G', 'A', 'GENERAL\r\n', 154),
(312, 172, 1, 154, 'SALE OF L.R. NO. 209/4452\r\n', 744, '1', 2, 'NO', 'G', 'A', 'MR. B. MUGHAL\r\n', 154),
(313, 173, 2, 282, 'EMPLOYMENT CONTRACT\r\n', 483, '1', 2, 'NO', 'G', 'A', 'HARJI RAMJI PATEL\r\n', 282),
(314, 174, 1, 402, 'Flat No. MF 21A\r\n', 699, '1', 2, 'NO', 'G', 'A', 'National Housing Corporation\r\n', 402),
(315, 174, 1, 402, 'General File\r\n', 104, '1', 2, 'NO', 'G', 'A', 'General File\r\n', 402),
(316, 174, 1, 402, 'General File\r\n', 942, '1', 2, 'NO', 'G', 'A', 'General File\r\n', 402),
(317, 174, 1, 402, 'General File\r\n', 888, '1', 2, 'NO', 'G', 'A', 'General File\r\n', 402),
(318, 174, 1, 402, 'General File\r\n', 843, '1', 2, 'NO', 'G', 'A', 'General File\r\n', 402),
(319, 175, 1, 739, 'General File\r\n', 1377, '1', 2, 'NO', 'G', 'A', 'General File\r\n', 739),
(320, 176, 2, 163, 'CHEQUE DRAWN IN FAVOUR OF M/S HIGHWAY\r\n', 208, '1', 2, 'NO', 'G', 'A', 'MR. C.R. PATEL\r\n', 163),
(321, 177, 1, 164, 'STAMPING OF SURETYBOND IN FAVOUR OF SMART NEWS\r\n', 1049, '1', 2, 'NO', 'G', 'A', 'CHARLES OKERE\r\n', 164),
(322, 178, 1, 423, 'General File\r\n', 1302, '1', 2, 'NO', 'G', 'A', 'General File\r\n', 423),
(323, 178, 1, 423, 'General File\r\n', 1303, '1', 2, 'NO', 'G', 'A', 'General File\r\n', 423),
(324, 183, 1, 171, 'GENERAL\r\n', 50, '1', 2, 'NO', 'G', 'A', 'MR. BALAJI\r\n', 171),
(325, 184, 1, 740, 'General File\r\n', 1326, '1', 2, 'NO', 'G', 'A', 'General File\r\n', 740),
(326, 186, 1, 316, 'REVIEW OF BUSINESS PREMISES RENTAL AGREEMENT\r\n', 991, '1', 2, 'NO', 'G', 'A', 'MR. M.N. MISHRA\r\n', 316),
(327, 187, 1, 195, 'General File\r\n', 1358, '1', 2, 'NO', 'G', 'A', 'General File\r\n', 195),
(328, 188, 1, 220, 'General File\r\n', 1082, '1', 2, 'NO', 'G', 'A', 'General File\r\n', 220),
(329, 188, 2, 220, 'General File\r\n', 883, '1', 2, 'NO', 'G', 'A', 'General File\r\n', 220),
(330, 188, 2, 220, 'General File\r\n', 970, '1', 2, 'NO', 'G', 'A', 'General File\r\n', 220),
(331, 191, 2, 292, 'Staff Loan Agreement\r\n', 238, '1', 2, 'NO', 'G', 'A', 'Safaricom\r\n', 292),
(332, 192, 1, 521, 'General File\r\n', 1282, '1', 2, 'NO', 'G', 'A', 'General File\r\n', 521),
(333, 192, 1, 521, 'General File\r\n', 1427, '1', 2, 'NO', 'G', 'A', 'General File\r\n', 521),
(334, 192, 1, 521, 'General File\r\n', 762, '1', 2, 'NO', 'G', 'A', 'General File\r\n', 521),
(335, 193, 1, 190, 'SALE OF SHARES\r\n', 210, '2', 2, 'NO', 'G', 'A', 'MRS CLAIRE\r\n', 190),
(336, 79, 1, 475, 'REVIEW OF LEASE AGREEMENT\r\n', 913, '1', 2, 'NO', 'G', 'A', 'KITUI ROAD WARE HOUSE\r\n', 475),
(337, 194, 1, 789, 'General File\r\n', 1440, '1', 2, 'NO', 'G', 'A', 'General File\r\n', 789),
(338, 196, 2, 478, 'Agreement\r\n', 662, '1', 2, 'NO', 'G', 'A', 'Rafique Ebrahim & Khalil Ebrahim\r\n', 478),
(339, 199, 1, 550, 'General File\r\n\r\n', 828, '1', 2, 'NO', 'G', 'A', 'General File\r\n', 550),
(340, 201, 1, 318, 'General File\r\n', 649, '1', 2, 'NO', 'G', 'A', 'General File\r\n', 318),
(341, 201, 1, 318, 'General File\r\n', 597, '1', 2, 'NO', 'G', 'A', 'General File\r\n', 318),
(342, 201, 1, 318, 'General File\r\n', 444, '1', 2, 'NO', 'G', 'A', 'General File\r\n', 318),
(343, 22, 1, 197, 'HCCC. No. 651/03\r\n', 68, '1', 2, 'NO', 'G', 'A', 'Premier Dairy \r\n', 197),
(344, 22, 1, 197, 'General File\r\n', 520, '1', 2, 'NO', 'G', 'A', 'General File\r\n', 197),
(345, 22, 1, 197, 'General File\r\n', 540, '1', 2, 'NO', 'G', 'A', 'General File\r\n', 197),
(346, 22, 2, 197, 'UNLAWFUL TERMINATION OF EMPLOYMENT & FRAUD\r\n\r\n', 283, '1', 2, 'NO', 'G', 'A', 'DHAVAL RAGESHBHAI VAKIL\r\n', 197),
(347, 22, 1, 197, 'General File\r\n', 1147, '1', 2, 'NO', 'G', 'A', 'General File\r\n', 197),
(348, 204, 1, 659, 'Jeff De Souza\r\n', 1411, '1', 2, 'NO', 'G', 'A', 'Jeff De Souza\r\n', 659),
(349, 204, 1, 659, 'Jeff De Souza\r\n', 1125, '1', 2, 'NO', 'G', 'A', 'Jeff De Souza\r\n', 659),
(350, 232, 2, 199, 'General File\r\n', 763, '1', 2, 'NO', 'G', 'A', 'General File\r\n', 199),
(351, 232, 2, 199, 'General File\r\n', 519, '1', 2, 'NO', 'G', 'A', 'General File\r\n', 199),
(352, 232, 2, 199, 'General File\r\n', 516, '1', 2, 'NO', 'G', 'A', 'General File\r\n', 199),
(353, 232, 2, 199, 'General File\r\n', 508, '1', 2, 'NO', 'G', 'A', 'General File\r\n', 199),
(354, 232, 2, 199, 'General File\r\n', 1434, '1', 2, 'NO', 'G', 'A', 'General File\r\n', 199),
(355, 232, 1, 199, 'General File\r\n', 346, '1', 2, 'NO', 'G', 'A', 'General File\r\n', 199),
(356, 205, 2, 200, 'MEMORANDUM OF UNDERSTANDING\r\n', 642, '1', 2, 'NO', 'G', 'A', 'MR. MAHESH BAKRANIA\r\n', 200),
(357, 233, 1, 588, 'General File\r\n', 906, '1', 2, 'NO', 'G', 'A', 'General File\r\n', 588),
(358, 206, 1, 237, 'GENERAL\r\n', 436, '1', 2, 'NO', 'G', 'A', 'KAMAL \r\n', 237),
(359, 207, 2, 384, 'CMCC NO. 4450 OF 2005\r\n', 451, '1', 2, 'NO', 'G', 'A', 'JAY EMPORIUM LTD\r\n', 384),
(360, 209, 1, 204, 'CHANGE FROM TRAVELLERS CHECK TO TRAVELLERS CHECK LTD\r\n', 249, '1', 2, 'NO', 'G', 'A', 'MR. DEPEC KUMAR KAHLI\r\n', 204),
(361, 234, 2, 377, 'General File\r\n', 469, '1', 4, 'NO', 'G', 'A', 'General File\r\n', 377),
(362, 210, 2, 207, 'ADVANCE COPY BY FAX\r\n', 610, '1', 2, 'NO', 'G', 'A', 'PIYUSHKUMAL SHAH\r\n', 207),
(363, 235, 1, 209, 'General File\r\n', 1254, '1', 2, 'NO', 'G', 'A', 'General File\r\n', 209),
(364, 235, 1, 209, 'General File\r\n', 812, '1', 2, 'NO', 'G', 'A', 'General File\r\n', 209),
(365, 235, 1, 209, 'General File\r\n', 754, '1', 2, 'NO', 'G', 'A', 'General File\r\n', 209),
(366, 215, 2, 417, 'TERMINAL DUES CLAIM\r\n', 726, '1', 2, 'NO', 'G', 'A', 'JOSHUA MAUNDU NYAMU\r\n', 417),
(367, 217, 2, 211, 'CMCC NO. 9110 OF 2002\r\n', 92, '1', 2, 'NO', 'G', 'A', 'DR. KIAMA WANGAI\r\n', 211),
(368, 217, 1, 211, 'General File\r\n', 919, '1', 2, 'NO', 'G', 'A', 'General File\r\n', 211),
(369, 217, 1, 211, 'General File\r\n', 850, '1', 2, 'NO', 'G', 'A', 'General File\r\n', 211),
(370, 217, 1, 211, 'LR.NO. 209\r\n', 695, '1', 2, 'NO', 'G', 'A', 'MR. S.N. KIHARA\r\n', 211),
(371, 217, 2, 211, 'SERVICES RENDERED\r\n', 272, '1', 2, 'NO', 'G', 'A', 'ZORZI GIORGIO\r\n', 211),
(372, 218, 1, 776, 'General File\r\n', 1415, '1', 2, 'NO', 'G', 'A', 'General File\r\n', 776),
(373, 219, 1, 214, 'General File\r\n', 54, '1', 2, 'NO', 'G', 'A', 'General File\r\n', 214),
(374, 219, 1, 214, 'General File\r\n', 51, '1', 2, 'NO', 'G', 'A', 'General File\r\n', 214),
(375, 220, 2, 215, 'OUTSTANDING LEGAL FEE\r\n', 368, '1', 2, 'NO', 'G', 'A', 'KAMAL Z. SHAH\r\n', 215),
(376, 222, 1, 219, 'General File\r\n', 18, '1', 2, 'YES', 'G', 'A', 'General File\r\n', 219),
(378, 11, 1, 815, 'L.R. No. 209/12221/211\r\n\r\n', 1484, '1', 2, 'NO', 'S', 'A', 'Ruth Njeri\r\n', 0),
(379, 12, 1, 746, 'LR. No. 12778/61\r\n', 1356, '1', 2, 'NO', 'S', 'A', 'Rael Chebet Kimete\r\n', NULL),
(380, 14, 1, 746, 'L.R. No. 12715/2187 & 12715 / 2188\r\n', 1307, '1', 2, 'NO', 'S', 'A', 'Ngecha Properties ltd.\r\n', NULL),
(381, 15, 1, 719, 'Ruiru Township/277\r\n', 1270, '1', 2, 'NO', 'S', 'A', 'James N Gathua\r\n', NULL),
(382, 16, 1, 716, 'LR. No 209/2788/5\r\n', 1253, '1', 2, 'NO', 'S', 'A', 'Abdi Shukri Maalim\r\n', NULL),
(383, 17, 1, 273, 'FT3C .LR. 209/16072\r\n', 865, '1', 2, 'NO', 'S', 'A', 'Sana Investments ltd.\r\n', NULL),
(384, 18, 1, 273, 'MSA/BLK XXII /144\r\n', 915, '1', 2, 'NO', 'S', 'A', 'Zebedabai Ebrahim Omar & 5 Others\r\n', NULL),
(385, 20, 1, 305, 'L.R. 209/3149\r\n', 1306, '1', 2, 'NO', 'S', 'A', 'Kikambala Terraces ( File B 1-6,6-10)\r\n', NULL),
(386, 21, 1, 9, 'L.R. No. 209/12261\r\n', 1323, '1', 2, 'NO', 'S', 'A', 'Stationery Supermarket \r\n', 9),
(387, 22, 1, 354, 'L.R. No. 209/10688\r\n', 376, '1', 2, 'NO', 'S', 'A', 'George Masaki Nyauma \r\n', NULL),
(388, 23, 1, 354, 'CIS Mara/NgoreNgore/13\r\n', 967, '1', 2, 'NO', 'S', 'A', 'Dennis Ngerewa\r\n', NULL),
(389, 24, 1, 354, 'L.R. No. 209/10689\r\n', 480, '1', 2, 'NO', 'S', 'A', 'Esther Muringo\r\n', NULL),
(390, 25, 1, 354, 'Sale Agreement\r\n', 583, '1', 2, 'NO', 'S', 'A', 'Copy Cat ltd.\r\n', NULL),
(391, 26, 1, 354, 'Sale  L.R No. 209/11503\r\n', 626, '1', 2, 'NO', 'S', 'A', 'M.S. Dhana Dhaskaran\r\n', NULL),
(392, 27, 2, 354, 'VEHICLES\r\n\r\n', 724, '1', 2, 'NO', 'S', 'A', 'KANYOTTA HOLDINGS LTD\r\n\r\n', NULL),
(393, 28, 2, 464, 'Will of Gopal Ramji Ladha\r\n', 86, '1', 2, 'NO', 'S', 'A', 'Vinoo Ramji Ladha\r\n', NULL),
(394, 29, 1, 516, 'L.R. No. 7785/147\r\n', 1486, '1', 2, 'NO', 'S', 'A', 'Ravinder Kaur\r\n', NULL),
(395, 30, 2, 14, 'CMMC No. 92/04\r\n', 298, '1', 2, 'NO', 'S', 'A', 'Morris Aloyo \r\n', NULL),
(396, 31, 1, 14, 'L.R. No. 209/11241\r\n', 350, '1', 2, 'NO', 'S', 'A', 'Mukuru/Imara Daima self help group\r\n', NULL),
(397, 32, 1, 14, 'CMCC. No. 8394/04\r\n', 371, '1', 2, 'NO', 'S', 'A', 'Geoffrey Ndiru Matisya\r\n', NULL),
(398, 33, 2, 14, 'OFFICIAL SEARCH\r\n', 386, '1', 2, 'NO', 'S', 'A', 'KARTIK PATEL\r\n', NULL),
(399, 34, 1, 14, 'CMCC. No. 13424/2006\r\n', 837, '1', 2, 'NO', 'S', 'A', 'James Mutisya Kiilu\r\n', NULL),
(400, 35, 1, 418, 'apartment A4 on LR. No. 1870/VI/140\r\n', 693, '1', 2, 'NO', 'S', 'A', 'Jambo Holdings ltd\r\n', NULL),
(401, 36, 4, 418, 'Outstanding Debt\r\n', 1119, '1', 2, 'NO', 'S', 'A', 'Spaceco Enterprises\r\n', NULL),
(402, 37, 4, 481, 'Outstanding Debt\r\n', 1016, '1', 2, 'NO', 'S', 'A', 'Twabil Omar Said\r\n', NULL),
(403, 38, 2, 481, 'CMCC. No 50  of 2008\r\n', 1015, '1', 2, 'NO', 'S', 'A', 'Kenya Tyres Distributors ltd.\r\n', NULL),
(404, 39, 2, 481, 'CMCC. No 53  of 2008\r\n', 1021, '1', 2, 'NO', 'S', 'A', 'Nawal Agencies\r\n', NULL),
(405, 40, 2, 481, 'CMCC No. 51 of 2008 \r\n', 1013, '1', 2, 'NO', 'S', 'A', 'High Speed Tyres ltd. \r\n', NULL),
(406, 41, 2, 481, 'CMCC No. 52 of 2008\r\n', 1018, '1', 2, 'NO', 'S', 'A', 'Mutaratara Enterprises \r\n', NULL),
(407, 42, 4, 481, 'Outstanding Debt\r\n', 1014, '1', 2, 'NO', 'S', 'A', 'Paem Agencies\r\n', NULL),
(410, 44, 1, 18, 'L.R. No. 209/2584  Monrovia Street\r\n', 517, '1', 2, 'NO', 'S', 'A', 'H.M. Chudasama & Others\r\n', NULL),
(411, 45, 1, 27, 'L.R. No 2/271\r\n', 929, '1', 2, 'NO', 'S', 'A', 'Acta Holdings ltd.\r\n', NULL),
(412, 46, 1, 27, 'L.R. No2951/36\r\n', 1499, '1', 2, 'NO', 'S', 'A', 'Elizabeth Mukuhi & Joel Wambugu\r\n', NULL),
(413, 47, 1, 21, 'L.R. No. 209/10566\r\n', 1501, '1', 2, 'NO', 'S', 'A', 'SDF\r\n', NULL),
(414, 48, 1, 356, 'Lease Agreement\r\n', 588, '1', 2, 'NO', 'S', 'A', 'Imperial Bank ltd.\r\n', NULL),
(415, 49, 1, 356, 'L.R. No 209/4125\r\n', 348, '1', 2, 'NO', 'S', 'A', 'Imperial Bank ltd.\r\n', NULL),
(417, 51, 1, 356, 'LR. No. 26786\r\n', 1139, '1', 2, 'NO', 'S', 'A', 'Imperial Bank ltd.\r\n', NULL),
(418, 52, 1, 24, 'L.R. No. 209/17511\r\n', 804, '1', 2, 'NO', 'S', 'A', 'Purchasers\r\n', NULL),
(419, 53, 1, 24, 'PAYMENT OF LAND RENT FOR THE YEAR 2009\r\n', 809, '1', 2, 'NO', 'S', 'A', 'MR. OMONDI\r\n', NULL),
(420, 54, 1, 24, 'L.R. No. 812\r\n', 821, '1', 2, 'NO', 'S', 'A', 'Walter . A. Ombogo\r\n', NULL),
(421, 55, 1, 24, 'SALE OF APARTMENTS\r\n', 870, '1', 2, 'NO', 'S', 'A', 'SIMBA COURT\r\n', NULL),
(422, 56, 1, 24, 'L.R. No 209/17521\r\n', 877, '1', 2, 'NO', 'S', 'A', 'Twiga Court (File A, B2,C)\r\n', NULL),
(423, 57, 1, 24, 'L.R. No 209/11874\r\n', 1063, '1', 2, 'NO', 'S', 'A', 'Nyati Court (A1,A2,B,C)\r\n', NULL),
(424, 58, 1, 24, 'L.R. No  209/11874\r\n', 1123, '1', 2, 'NO', 'S', 'A', 'Farasi Court (File A1,A2,B2,C1)\r\n', NULL),
(425, 59, 1, 24, 'L.R. 209/11874\r\n', 1332, '1', 2, 'NO', 'S', 'A', 'Kasuku Court A1,A2,B2,C2\r\n', NULL),
(426, 60, 1, 24, 'L.R. No. 209/11874\r\n', 1333, '1', 2, 'NO', 'S', 'A', 'Kiboko Court\r\n', NULL),
(427, 61, 1, 24, 'L.R. No 209/17507\r\n', 1334, '1', 2, 'NO', 'S', 'A', 'Mbuni Court ( File B,C,D )\r\n', NULL),
(428, 62, 1, 24, 'L.R. No 209/11874\r\n', 1495, '1', 2, 'NO', 'S', 'A', 'Mamba Court\r\n', NULL),
(429, 63, 1, 24, 'L.R. No. 209/11874\r\n', 1412, '1', 2, 'NO', 'S', 'A', 'Kongoni Court\r\n', NULL),
(430, 64, 1, 613, 'RUIRU/ KIU BLK3 / 77\r\n', 953, '1', 2, 'NO', 'S', 'A', 'Benjamin Chamia & Others\r\n', NULL),
(431, 65, 1, 25, 'L.R. No. 209/525/24\r\n', 686, '1', 2, 'NO', 'S', 'A', 'New Excel Accessories ltd\r\n', NULL),
(432, 66, 1, 497, 'PROPOSED SALE OF A PORTION OF L.R. NO. 10823/289\r\n', 671, '1', 2, 'NO', 'S', 'A', 'DAVID WAIGANJO KAGWE\r\n', NULL),
(433, 67, 1, 497, 'L.R. No.10823/4\r\n', 703, '1', 2, 'NO', 'S', 'A', 'Francis Kariuki\r\n', NULL),
(434, 68, 1, 497, 'LR. NO. 494/197-201\r\n', 989, '1', 2, 'NO', 'S', 'A', 'DAVID MUTHEE & 7 OTHERS\r\n', NULL),
(435, 69, 1, 497, 'LR. No. 10823/289\r\n', 1473, '1', 2, 'NO', 'S', 'A', 'David W . Kigwe\r\n', NULL),
(436, 70, 1, 497, 'JUJA/KOMO BLOCK 1/715\r\n\r\n', 711, '1', 2, 'NO', 'S', 'A', 'Dr. Michael Wainaina Mwaura\r\n', NULL),
(437, 71, 1, 497, 'LR. No. 13330/516\r\n', 1386, '1', 2, 'NO', 'S', 'A', 'Neisa Apartments\r\n', NULL),
(438, 72, 1, 26, 'SALE OF L.R. NO. 1870/X/88\r\n', 900, '1', 2, 'NO', 'S', 'A', 'MR B.M. SHAH\r\n', NULL),
(439, 73, 1, 26, 'L.R. No. 4953/1954\r\n', 1447, '1', 2, 'NO', 'S', 'A', 'Albert I Kariuki\r\n', NULL),
(440, 74, 1, 532, 'L.R. 209/3011/10\r\n', 1192, '1', 2, 'NO', 'S', 'A', 'Jane Githere\r\n\r\n', NULL),
(441, 75, 1, 30, 'L.R. No. 4275/59\r\n', 385, '1', 2, 'NO', 'S', 'A', 'Rivercourt ltd\r\n', NULL),
(442, 76, 1, 30, 'L.R. 26786\r\n', 880, '1', 2, 'NO', 'S', 'A', 'Kenya Office CNOOC Africa ltd.\r\n', NULL),
(443, 77, 1, 30, 'L.R. No 26786\r\n', 1040, '1', 2, 'NO', 'S', 'A', 'Bay Holdings ltd.\r\n', NULL),
(444, 78, 1, 31, 'LR. No 3734/497\r\n', 1399, '1', 2, 'NO', 'S', 'A', 'Galana Homes ltd.\r\n', NULL),
(445, 79, 4, 345, 'Outstanding Debt\r\n', 303, '1', 2, 'NO', 'S', 'A', 'Jet ChemicalsIndustries ltd.\r\n', NULL),
(446, 80, 2, 345, 'Debenture\r\n', 481, '1', 2, 'NO', 'S', 'A', 'SDF\r\n', NULL),
(447, 81, 4, 345, 'Outstanding Debt\r\n', 328, '1', 2, 'NO', 'S', 'A', 'Tropical Sunshine Products ltd\r\n', 0),
(448, 82, 1, 342, 'L.R. 336/182\r\n', 700, '1', 2, 'NO', 'S', 'A', 'Metal TinMakers ltd.\r\n', NULL),
(449, 83, 1, 342, 'L.R. No. 4275/59\r\n', 781, '1', 2, 'NO', 'S', 'A', 'Starllight textiles\r\n', NULL),
(450, 84, 1, 433, 'L.R. No 209/8877\r\n', 855, '1', 2, 'NO', 'S', 'A', 'Oloitoktok ltd.\r\n', NULL),
(451, 85, 2, 35, 'PLAINTIFF\r\n', 499, '1', 2, 'NO', 'S', 'A', 'MONIER 2000 LTD\r\n', NULL),
(452, 86, 1, 35, 'SALE OF L.R. NO. 3734/300\r\n', 743, '1', 2, 'NO', 'S', 'A', 'MR. GACHIE\r\n', NULL),
(453, 87, 2, 35, 'Hcc No. 919 of 2006\r\n', 666, '1', 2, 'NO', 'S', 'A', 'Attorney General\r\n', NULL),
(454, 88, 2, 352, 'MILIMANI HCCC 100 OF 2005\r\n', 343, '1', 2, 'NO', 'S', 'A', 'J.O. OKEYO\r\n', NULL),
(455, 89, 1, 548, 'LR. No 1870/11/236\r\n', 820, '1', 2, 'NO', 'S', 'A', 'Hitesh .A. MorJaria\r\n', NULL),
(456, 90, 1, 633, 'L.R. No 22767 & 22768\r\n\r\n', 1330, '1', 2, 'NO', 'S', 'A', 'Arturi Architects\r\n\r\n', NULL),
(457, 91, 1, 551, 'LR. No. 209/4413 Enterprise rd\r\n', 831, '1', 2, 'NO', 'S', 'A', 'Canton\r\n', NULL),
(458, 92, 1, 36, 'SALE OF L.R. NO. 9115/4 GREVILLEA GROVE\r\n', 767, '1', 2, 'NO', 'S', 'A', 'SALE OF L.R. NO. 9115/4 GREVILLEA GROVE\r\n', NULL),
(459, 93, 1, 36, 'L.R. No 330/261 Riara  RD\r\n', 868, '1', 2, 'NO', 'S', 'A', 'Riara Group of Schools\r\n', NULL),
(460, 94, 1, 37, 'CMCC 6767/03\r\n', 81, '1', 2, 'NO', 'S', 'A', 'Raj Estate Agencies ltd\r\n', NULL),
(461, 96, 1, 38, 'CMCC 6763/03\r\n', 88, '1', 2, 'NO', 'S', 'A', 'Real Group \r\n', NULL),
(462, 97, 1, 40, 'Conveyance OVER LR. NO. 9115/5 GREVILLIA GROVE \r\n', 936, '1', 2, 'NO', 'S', 'A', 'Conveyance OVER LR. NO. 9115/5 GREVILLIA GROVE \r\n', NULL),
(463, 98, 2, 379, 'Agreement\r\n', 454, '1', 2, 'NO', 'S', 'A', 'Sumeeet Walia\r\n', NULL),
(464, 99, 1, 379, 'SALE OF PLOTS\r\n', 466, '1', 2, 'NO', 'S', 'A', 'MR. MARIO BASSA\r\n', NULL),
(465, 100, 2, 379, 'Infringement of Copyright\r\n', 536, '1', 2, 'NO', 'S', 'A', 'Pure Health Products ltd\r\n', NULL),
(466, 101, 1, 379, 'LR. No. 399/4/12\r\n', 621, '1', 2, 'NO', 'S', 'A', 'Geetika Walia & Mario Bassa\r\n', NULL),
(467, 102, 2, 379, 'HCCC NO. 1548 OF 2000\r\n', 637, '1', 2, 'NO', 'S', 'A', 'TELKOM KENYA\r\n', NULL),
(468, 103, 2, 379, 'CMCC 6828 of 2006\r\n', 617, '1', 2, 'NO', 'S', 'A', 'Utusi ltd.\r\n', NULL),
(469, 104, 2, 45, 'Agreement\r\n', 569, '1', 2, 'NO', 'S', 'A', 'Alternative Energy ltd.\r\n', NULL),
(470, 105, 1, 380, 'CMCC No. 14322/04  & CMCC 14367/04\r\n', 442, '1', 2, 'NO', 'S', 'A', 'Charles Ouma Apondo\r\n', NULL),
(471, 106, 1, 380, 'CMCC No. 14322/04  & CMCC 14367/04\r\n', 443, '1', 2, 'NO', 'S', 'A', 'Charles Ouma Apondo\r\n', 0),
(472, 107, 2, 380, 'SRMCC No. 12785 of 2005\r\n', 463, '1', 2, 'NO', 'S', 'A', 'Muinde Kyule\r\n', NULL),
(473, 108, 2, 380, 'CMCC. No. 8920 of 2004\r\n', 485, '1', 2, 'NO', 'S', 'A', 'Ruth M Musyimi\r\n', NULL),
(474, 109, 2, 380, 'CMCC No. 12236 of 2005\r\n', 605, '1', 2, 'NO', 'S', 'A', 'Kitonyo Kulu\r\n', NULL),
(475, 110, 2, 380, 'PMCC No. 724 of 2006\r\n', 652, '1', 2, 'NO', 'S', 'A', 'Dickson Owino\r\n', NULL),
(476, 111, 2, 380, 'CMCC No. 11580/05\r\n', 628, '1', 2, 'NO', 'S', 'A', 'Richard M Mose\r\n', NULL),
(477, 112, 2, 49, 'LR. No Biashara Street\r\n', 1001, '1', 2, 'NO', 'S', 'A', 'The Estate of Manshuklal Velji Shah\r\n', NULL),
(478, 113, 2, 49, 'LR. No Biashara Street\r\n', 1197, '1', 2, 'NO', 'S', 'A', 'The Estate of Manshuklal Velji Shah\r\n', NULL),
(479, 114, 1, 49, 'LR. No. 10919\r\n', 1489, '1', 2, 'NO', 'S', 'A', 'Starnely Githunguri\r\n', NULL),
(480, 115, 2, 464, 'Debenture\r\n', 545, '1', 2, 'NO', 'S', 'A', 'SDF\r\n', NULL),
(481, 116, 2, 364, 'Debenture\r\n', 545, '1', 2, 'NO', 'S', 'A', 'SDF\r\n', NULL),
(482, 117, 1, 364, 'GIFT DEED TOWN HOUSE NO.4 ON L.R. NO. 1870/111/223\r\n', 598, '1', 2, 'NO', 'S', 'A', 'MR. SANDIP SAMANI\r\n', NULL),
(483, 69, 1, 71, 'General File\r\n', 791, '1', 2, 'NO', 'G', 'A', 'General File\r\n', 372),
(484, 69, 1, 71, 'General File\r\n', 1387, '1', 2, 'NO', 'G', 'A', 'General File\r\n', 372),
(485, 118, 2, 372, 'CMCC No 890 of 06\r\n', 584, '1', 2, 'NO', 'S', 'A', 'Stephen Kioko\r\n', NULL),
(486, 119, 2, 372, 'CMCC 10015/07\r\n', 998, '1', 2, 'NO', 'S', 'A', 'Jacaranda Motors ltd.\r\n', NULL),
(487, 120, 2, 286, 'CMCC  6247 of 2004\r\n', 327, '1', 2, 'NO', 'S', 'A', 'Peterson Githaka\r\n', NULL),
(488, 121, 1, 286, 'Aprt No.  B6 on L.R. No 1870/III/121\r\n', 796, '1', 2, 'NO', 'S', 'A', 'Parminder Budhabhati\r\n', NULL),
(489, 122, 1, 286, 'L.R. No 5/96 & 99\r\n', 1136, '1', 2, 'NO', 'S', 'A', 'B & S Kenth & Anor\r\n', NULL),
(490, 123, 1, 495, 'L.R. No. 5989/15\r\n', 749, '1', 2, 'NO', 'S', 'A', 'Fintech Investment ltd.\r\n', NULL),
(493, 125, 2, 289, 'HCCC NO. 311 OF 2007\r\n', 898, '1', 2, 'NO', 'S', 'A', 'GEORGE KITHI\r\n', NULL),
(641, 265, 1, 83, 'Bond Security\r\n', 288, '1', 2, 'NO', 'S', 'A', 'Chinese  embassy \r\n', NULL),
(495, 130, 2, 482, 'Agreement\r\n', 658, '1', 2, 'NO', 'S', 'A', 'Seht & Summil\r\n', NULL),
(496, 131, 2, 496, 'Agreement\r\n', 669, '1', 2, 'NO', 'S', 'A', 'Curtain Covers ltd.\r\n', NULL),
(497, 132, 2, 496, 'CMCC 1560 /07\r\n', 876, '1', 2, 'NO', 'S', 'A', 'Samuel Otieno\r\n', NULL),
(498, 133, 1, 496, 'L.R. No.209/3024\r\n', 678, '1', 2, 'NO', 'S', 'A', 'Kapu Kenya ltd. & Vyuma Vya Magari\r\n', NULL),
(499, 134, 1, 496, 'L.R. No.209/3024\r\n', 679, '1', 2, 'NO', 'S', 'A', 'Kapu Kenya ltd. & Vyuma Vya Magari\r\n', NULL),
(500, 135, 1, 500, 'Ngong/Ngong/22612\r\n', 1245, '1', 2, 'NO', 'S', 'A', 'Francis Mwiti Mutonga\r\n', NULL),
(501, 136, 1, 500, 'APRT: B5 L.R. No 209/9848\r\n', 1309, '1', 2, 'NO', 'S', 'A', 'Highgate Villas ltd.\r\n', NULL),
(502, 137, 1, 500, 'Ngong/Ngong/42346\r\n', 1357, '1', 2, 'NO', 'S', 'A', 'Timothy M Kirima\r\n', NULL),
(503, 76, 1, 536, 'SALE OF PLOT \r\n', 792, '1', 2, 'YES', 'G', 'A', 'S.G. MAGAN \r\n', NULL),
(504, 138, 1, 536, 'SALE OF PLOT \r\n', 792, '1', 2, 'NO', 'S', 'A', 'S.G. MAGAN \r\n', NULL),
(505, 139, 1, 614, 'Guru Nanak Nishkam Sewak Jatha [Kericho]\r\n', 1398, '1', 2, 'NO', 'S', 'A', 'Guru Nanak Nishkam Sewak Jatha [Kericho]\r\n', NULL),
(506, 140, 1, 473, 'Hccc. No. 704 of 2007\r\n', 1138, '1', 2, 'NO', 'S', 'A', 'Coffee House\r\n', NULL),
(507, 141, 1, 615, 'PURCHASE OF L.R. NO. 209/2609\r\n', 960, '1', 2, 'NO', 'S', 'A', 'MS NJERI MUCHERU\r\n', NULL),
(508, 142, 1, 615, 'L.R. No. 209/2649\r\n', 1368, '1', 2, 'NO', 'S', 'A', 'Shamsudin Jiva Rayani & Jimmy Rayani\r\n', NULL),
(509, 143, 1, 615, 'L.R. No 209/2586\r\n', 1114, '1', 2, 'NO', 'S', 'A', 'LifeStyle Restaurant ltd.\r\n', NULL),
(510, 144, 1, 523, 'General File\r\n', 435, '1', 2, 'NO', 'S', 'A', 'General File\r\n', NULL),
(511, 145, 1, 523, 'L.R. No 209/6705/7\r\n', 1025, '1', 2, 'NO', 'S', 'A', 'Kensington Developers ltd.\r\n', NULL),
(512, 146, 1, 523, 'KJD/KAPUTIEI-NORTH/1958-1960\r\n', 1361, '1', 2, 'NO', 'S', 'A', 'Haba Group of Companies\r\n', NULL),
(513, 82, 1, 559, 'General File\r\n', 1314, '1', 2, 'NO', 'G', 'A', 'General File\r\n', NULL),
(514, 82, 1, 559, 'General File\r\n', 1292, '1', 2, 'NO', 'G', 'A', 'General File\r\n', NULL),
(515, 82, 1, 559, 'General File\r\n', 938, '1', 2, 'NO', 'G', 'A', 'General File\r\n', NULL);
INSERT INTO `jobs` (`id`, `fileno`, `jobtype`, `client`, `details`, `jobno`, `status`, `priority`, `deleted`, `ftype`, `state`, `aparty`, `cno`) VALUES
(516, 82, 1, 559, 'General File\r\n', 1214, '1', 2, 'NO', 'G', 'A', 'General File\r\n', NULL),
(517, 82, 1, 559, 'General File\r\n', 1142, '1', 2, 'NO', 'G', 'A', 'General File\r\n', NULL),
(518, 82, 1, 559, 'General File\r\n', 974, '1', 2, 'NO', 'G', 'A', 'General File\r\n', NULL),
(519, 82, 1, 559, 'General File\r\n', 947, '1', 2, 'NO', 'G', 'A', 'General File\r\n', NULL),
(520, 82, 1, 559, 'General File\r\n', 1441, '1', 2, 'NO', 'G', 'A', 'General File\r\n', NULL),
(521, 82, 1, 559, 'General File\r\n', 949, '1', 2, 'NO', 'G', 'A', 'General File\r\n', NULL),
(522, 82, 1, 559, 'General File\r\n', 932, '1', 2, 'NO', 'G', 'A', 'General File\r\n', NULL),
(523, 82, 1, 559, 'General File\r\n', 922, '1', 2, 'NO', 'G', 'A', 'General File\r\n', NULL),
(524, 82, 1, 559, 'General File\r\n', 931, '1', 2, 'NO', 'G', 'A', 'General File\r\n', NULL),
(525, 147, 1, 559, 'HCCC NO. 203 OF 2008\r\n', 848, '1', 2, 'NO', 'S', 'A', 'RAMNIKLAL PREMCHAND SHAH\r\n', NULL),
(526, 148, 1, 559, 'SALE OF L.R. NO. 8272/88\r\n', 962, '1', 2, 'NO', 'S', 'A', 'MONOJ .K. SHAH\r\n', NULL),
(527, 149, 1, 559, 'L.R. No. 1870/IX/178\r\n', 1243, '1', 2, 'NO', 'S', 'A', 'Sky Technologies ltd.\r\n', NULL),
(528, 150, 1, 559, 'Charles Nyanya Ofwona/Elites Home ltd.\r\n', 1247, '1', 2, 'NO', 'S', 'A', 'Charles Nyanya Ofwona/Elites Home ltd.\r\n', NULL),
(529, 151, 1, 559, 'L.R. No 209/1856/2\r\n', 1312, '1', 2, 'NO', 'S', 'A', 'Bid Villas ltd.\r\n', NULL),
(530, 152, 1, 559, 'L.R. No.209/118/56\r\n', 1383, '1', 2, 'NO', 'S', 'A', 'Kipkabus Apartments\r\n', NULL),
(531, 25, 1, 293, 'Philippa Jane Candler\r\n', 1124, '1', 2, 'NO', 'G', 'A', 'Philippa Jane Candler ---Babulal Narshi\r\n\r\n', NULL),
(532, 153, 1, 293, 'L.R. No 7158/583 Town Hse No. 14\r\n', 587, '1', 2, 'NO', 'S', 'A', 'Babulal Narsi\r\n', NULL),
(533, 154, 1, 293, 'Maisonette No17 L.R. No 7158/583\r\n', 1251, '1', 2, 'NO', 'S', 'A', 'Manibai Popatlal Vaghji\r\n', NULL),
(534, 155, 1, 293, 'EXTENSION OF LEASE\r\n', 620, '1', 2, 'NO', 'S', 'A', 'MR PARAS N. SHAH\r\n', NULL),
(535, 156, 1, 333, 'SALE OF NAIROBI BLOCK\r\n', 334, '1', 2, 'NO', 'S', 'A', 'STEPHEN NDUNGU NDERITU\r\n', NULL),
(536, 157, 1, 333, 'SALE OF PORTION A ON L.R. NO. 209/1221/3\r\n', 609, '1', 2, 'NO', 'S', 'A', 'JAYANTILAL P. PATEL\r\n', NULL),
(537, 158, 1, 333, 'EXTENSION OF LEASE\r\n', 620, '1', 2, 'NO', 'S', 'A', 'MR PARAS N. SHAH\r\n', NULL),
(538, 159, 1, 333, 'CMCC No.11319/04\r\n', 380, '1', 2, 'NO', 'S', 'A', 'Moses Nyandwaro\r\n', NULL),
(539, 160, 1, 333, 'UNSERVICED PLOTS \r\n', 1055, '1', 2, 'NO', 'S', 'A', 'PRAVIN & MEGHJIM\r\n', NULL),
(540, 161, 1, 333, 'L.R. No. 209/8644\r\n', 1064, '1', 2, 'NO', 'S', 'A', 'Pravin Pindoriya\r\n', NULL),
(541, 162, 1, 333, 'L.R. No. 4891/41 \r\n', 1099, '1', 2, 'NO', 'S', 'A', 'Archidiocese of Nairobi\r\n', NULL),
(542, 163, 4, 334, 'Outstanding debt\r\n', 142, '1', 2, 'NO', 'S', 'A', 'Cooperative Bank ltd\r\n', NULL),
(543, 164, 1, 334, 'LR. NO. 209/2352/10 & 209/2352/11\r\n', 948, '1', 2, 'NO', 'S', 'A', 'KENYA RAILWAYS CORPORATION\r\n', NULL),
(544, 165, 1, 334, 'Plot No.4894/112\r\n', 1448, '1', 2, 'NO', 'S', 'A', 'Estate of S.K. Shah\r\n', NULL),
(545, 166, 1, 334, 'R&A No. ___ of  2010\r\n', 1494, '1', 2, 'NO', 'S', 'A', 'Estate of Chandulal Popattal. V. Shah\r\n', NULL),
(546, 167, 1, 293, 'L.R. 7158/583  TH No. 16\r\n', 1291, '1', 2, 'NO', 'S', 'A', 'C.V. Shah\r\n', NULL),
(547, 168, 1, 566, 'L.R. No. 209/4852\r\n', 867, '1', 2, 'NO', 'S', 'A', 'Perthai Enterprises\r\n', NULL),
(548, 169, 1, 566, 'Monali\r\n', 975, '1', 2, 'NO', 'S', 'A', 'Monali Investments ltd.\r\n', NULL),
(549, 170, 1, 566, 'L.R. No.209/4852\r\n', 977, '1', 2, 'NO', 'S', 'A', 'Prime Bank ltd.\r\n', NULL),
(550, 171, 1, 566, 'L.R. No 9042/685\r\n', 1435, '1', 2, 'NO', 'S', 'A', 'Simba Villas ltd.\r\n', NULL),
(551, 172, 1, 566, 'L.R. No. 12778/59 12778/50 & 12778/61\r\n', 982, '1', 2, 'NO', 'S', 'A', 'Alice Ndegwa\r\n', NULL),
(552, 173, 1, 566, 'L.R. No 12715/1106 & L.R. No 12715/1107\r\n', 1053, '1', 2, 'NO', 'S', 'A', 'Esquire Investment ltd.\r\n', NULL),
(553, 174, 1, 566, 'L.R. No. 7785/263- Runda\r\n', 1118, '1', 2, 'NO', 'S', 'A', 'Godfrey N Njoroge\r\n', NULL),
(554, 175, 1, 566, 'L.R. No.209/11296/186\r\n', 1185, '1', 2, 'NO', 'S', 'A', 'Alice W Ndegwa\r\n', NULL),
(555, 176, 1, 566, 'L.R. No 209/11646 &  11095/64\r\n', 1006, '1', 2, 'NO', 'S', 'A', 'EABS Bank ltd\r\n', NULL),
(556, 177, 1, 566, 'L.R. No 12778/59\r\n', 1233, '1', 2, 'NO', 'S', 'A', 'Francis Wambua Mulwa\r\n', NULL),
(557, 178, 1, 566, 'L.R. No 8914\r\n', 1464, '1', 2, 'NO', 'S', 'A', 'Ngelani Ranching Unity\r\n', NULL),
(558, 179, 1, 566, 'L.R. No. 209/14646\r\n', 1405, '1', 2, 'NO', 'S', 'A', 'Esquire Investment ltd.\r\n', NULL),
(559, 180, 1, 566, 'L.R. No. 10035\r\n', 1429, '1', 2, 'NO', 'S', 'A', 'Williamson Tea ltd.\r\n', NULL),
(560, 181, 1, 541, 'L.R. No. 209/75/10\r\n', 1182, '1', 2, 'NO', 'S', 'A', 'Epton Properties ltd.\r\n', NULL),
(561, 182, 1, 541, 'L.R. No. 1870\r\n', 135, '1', 2, 'NO', 'S', 'A', 'Mvuli Road\r\n', NULL),
(562, 183, 1, 541, 'LR. No. NRB/BLK/91/160\r\n', 1432, '1', 2, 'NO', 'S', 'A', 'Harrow Properties ltd. \r\n', NULL),
(563, 184, 1, 541, 'Anju Mohanlal Shah\r\n', 1459, '1', 2, 'NO', 'S', 'A', 'Thika Block 15/102\r\n', NULL),
(564, 186, 1, 272, 'HCC No. 304 of 2003\r\n', 18, '1', 2, 'NO', 'S', 'A', 'NIC Bank ltd.\r\n', NULL),
(565, 187, 1, 272, 'HCCC NO. 796 OF 2003\r\n', 75, '1', 2, 'NO', 'S', 'A', 'NIC BANK LTD\r\n', NULL),
(566, 188, 1, 272, 'Repossesing of 10 Motor Vehicles\r\n', 96, '1', 2, 'NO', 'S', 'A', 'Giro  Bank ltd.\r\n', NULL),
(567, 189, 2, 272, 'CMCC 4550 of 2003\r\n', 59, '1', 2, 'NO', 'S', 'A', 'Auto Springs Manufacturers ltd.\r\n', NULL),
(568, 190, 2, 272, 'PMCC No. 1189 of 2003\r\n', 26, '1', 2, 'NO', 'S', 'A', 'Kapa Oil Refineries\r\n', NULL),
(569, 191, 1, 272, 'L.R. No 209/8952\r\n', 189, '1', 2, 'NO', 'S', 'A', 'Barclays Bank ltd.\r\n', NULL),
(570, 192, 1, 272, 'Attorney General HCC No.2217/01\r\n', 302, '1', 2, 'NO', 'S', 'A', 'The Attorney General\r\n', NULL),
(571, 193, 2, 272, 'CMCC No. 4814 of 2005\r\n', 120, '1', 2, 'NO', 'S', 'A', 'Cresent Transportation Co ltd.\r\n', NULL),
(572, 194, 1, 272, 'L.R. No. 209/8952\r\n', 1336, '1', 2, 'NO', 'S', 'A', 'Ramesh Liladha Shah\r\n', NULL),
(573, 195, 1, 648, 'L.R. No. 209/4987\r\n', 1087, '1', 2, 'NO', 'S', 'A', 'Samji Kala Property ltd.\r\n', NULL),
(574, 196, 1, 648, 'L.R. No. 209/138/11\r\n', 1161, '1', 2, 'NO', 'S', 'A', 'Moria  Investment Company ltd.\r\n', NULL),
(575, 197, 1, 588, 'ADVANCE COPY BY FAX : 252926\r\n', 1073, '1', 2, 'NO', 'S', 'A', 'MUSA\r\n', NULL),
(576, 198, 4, 343, 'Outstanding debt\r\n', 291, '1', 2, 'NO', 'S', 'A', 'New Age Supplies ltd\r\n', NULL),
(577, 199, 2, 343, 'CMCC No. 10846/04\r\n', 324, '1', 2, 'NO', 'S', 'A', 'Joint General Supplies \r\n', NULL),
(578, 200, 4, 343, 'Collect Plan\r\n', 323, '1', 2, 'NO', 'S', 'A', 'Ramesh Mahan\r\n', NULL),
(579, 201, 2, 343, 'CMCC No. 10846/04\r\n', 309, '1', 2, 'NO', 'S', 'A', 'Purity Wamuyu\r\n', NULL),
(580, 202, 4, 343, 'Debt Collection\r\n', 352, '1', 2, 'NO', 'S', 'A', 'Stephen Njeru\r\n', NULL),
(581, 203, 2, 343, 'CMCC 10849/04\r\n', 308, '1', 2, 'NO', 'S', 'A', 'PEARE ASSOC. LTD\r\n', NULL),
(582, 204, 1, 343, 'Debenture\r\n', 361, '1', 2, 'NO', 'S', 'A', 'Kentex Apparel(EPZ)\r\n', NULL),
(583, 205, 2, 343, 'CMCC No.6880 of 2003\r\n', 381, '1', 2, 'NO', 'S', 'A', 'Stephen Kamau Kamenya \r\n', NULL),
(584, 206, 4, 343, 'Outstanding debt\r\n', 351, '1', 2, 'NO', 'S', 'A', 'Hirani Auto Spares ltd. \r\n', NULL),
(585, 207, 4, 343, 'Outstanding Debt\r\n', 311, '1', 2, 'NO', 'S', 'A', 'Travel Associates ltd.\r\n', NULL),
(586, 208, 2, 343, 'HMCC 980/2007\r\n', 937, '1', 2, 'NO', 'S', 'A', 'John Mugendi Ngai\r\n', NULL),
(587, 209, 2, 343, 'CMCC 9139 of 2006\r\n', 427, '1', 2, 'NO', 'S', 'A', 'Dr.Kirtee B Patel\r\n', NULL),
(588, 210, 4, 343, 'HCC. No. 1341/06\r\n', 811, '1', 2, 'NO', 'S', 'A', 'Henry Khejeri\r\n', NULL),
(589, 211, 1, 343, 'L.R. NO. 209/136/286\r\n', 892, '1', 2, 'NO', 'S', 'A', 'SANNEX ENT. LTD\r\n', NULL),
(590, 212, 2, 343, 'CMCC No. 1433/08\r\n', 1131, '1', 2, 'NO', 'S', 'A', 'Danca Traders ltd.\r\n', NULL),
(591, 213, 1, 343, 'Mandeeq Africa ltd.\r\n', 1218, '1', 2, 'NO', 'S', 'A', 'Mandeeq Africa ltd.\r\n', NULL),
(592, 214, 2, 291, 'CMCC No. 3625/06\r\n', 663, '1', 2, 'NO', 'S', 'A', 'WoodVenture (K) ltd.\r\n', NULL),
(593, 215, 1, 719, 'L.R. No. 209/8173\r\n', 1252, '1', 2, 'NO', 'S', 'A', 'Magnolia Holdings ltd\r\n', NULL),
(594, 216, 1, 709, 'L.R. No. 12715\r\n', 1470, '1', 2, 'NO', 'S', 'A', 'Reuben, William, Patrick\r\n', NULL),
(595, 217, 1, 430, 'L.R. No 26962\r\n', 558, '1', 2, 'NO', 'S', 'A', 'CVS Plaza\r\n', NULL),
(596, 218, 2, 231, 'Agreement\r\n', 556, '1', 2, 'NO', 'S', 'A', 'Silverwood ltd.\r\n', NULL),
(597, 219, 1, 656, 'Rhinopark Karen\r\n', 1170, '1', 2, 'NO', 'S', 'A', 'S.M.W Njuguna\r\n', NULL),
(598, 220, 1, 677, 'Malaka Court L.R. No 1870/33\r\n', 1153, '1', 2, 'NO', 'S', 'A', 'Siso ltd.\r\n', NULL),
(599, 221, 2, 398, 'MISC CIVIL APPL. NO 1566 OF 2007\r\n', 1081, '1', 2, 'NO', 'S', 'A', 'LEONARD MUGENYAH\r\n', NULL),
(600, 222, 2, 398, 'O.S. 211 of 2008\r\n', 1212, '1', 2, 'NO', 'S', 'A', 'Total Kenya ltd.\r\n', NULL),
(601, 224, 4, 298, 'Collection of FIBC/006/03\r\n', 326, '1', 2, 'NO', 'S', 'A', 'Delphis Bank ltd.\r\n', NULL),
(602, 225, 1, 695, 'PURCHASE OF L.R. NO. 27/281\r\n', 1199, '1', 2, 'NO', 'S', 'A', 'JAMES RARAMA & JOHN ARITHI\r\n', NULL),
(603, 226, 1, 284, 'BANKING FACILITIES OF USD 500,000/=\r\n', 1313, '1', 2, 'NO', 'S', 'A', 'SOCIETE DE FINANCE\r\n', NULL),
(604, 227, 1, 339, 'L.R. No 3562/23 Ruiru\r\n', 280, '1', 2, 'NO', 'S', 'A', 'Mosoco Traders ltd.\r\n', NULL),
(605, 228, 1, 339, 'BANKING FACILITIES \r\n', 400, '1', 2, 'NO', 'S', 'A', 'AFRI FASHIONS LTD \r\n', NULL),
(606, 229, 1, 339, 'MORTGAGE ON L.R. NO 9116\r\n', 950, '1', 2, 'NO', 'S', 'A', 'MISS CAROL WATHOA\r\n', NULL),
(607, 230, 1, 339, 'Banking Facilities\r\n', 494, '1', 2, 'NO', 'S', 'A', 'Mandrix Distributors\r\n', NULL),
(608, 231, 1, 339, 'Debenture  \r\n', 506, '1', 2, 'NO', 'S', 'A', 'Commercial Corporation of Keya \r\n', NULL),
(609, 232, 1, 339, 'BANKING FACILITIES\r\n', 981, '1', 2, 'NO', 'S', 'A', 'MERCY MAYABI\r\n', NULL),
(610, 233, 1, 339, 'L.R. No. 209/9791/17\r\n', 578, '1', 2, 'NO', 'S', 'A', 'Reliable Electricals ltd\r\n', NULL),
(611, 234, 1, 339, 'BANKING FACILITIES OF KSHS. 70,000,000\r\n', 645, '1', 2, 'NO', 'S', 'A', 'PAUL K. NDUNGI\r\n', NULL),
(612, 235, 1, 339, 'Banking Facilities\r\n', 667, '1', 2, 'NO', 'S', 'A', 'Ultramod Holdings ltd.\r\n', NULL),
(613, 236, 1, 339, 'BANKING FACILITIES\r\n', 864, '1', 2, 'NO', 'S', 'A', 'KAKA WHOLESALERS LTD\r\n', NULL),
(614, 237, 1, 339, 'Further Debenture\r\n', 881, '1', 2, 'NO', 'S', 'A', 'Interfreight E.A ltd.\r\n', NULL),
(615, 238, 1, 339, 'Hire Purchase\r\n', 419, '1', 2, 'NO', 'S', 'A', 'Mrs. Gouri Gupta\r\n', NULL),
(616, 239, 1, 339, 'Sale of Maisonette No. 6 Gen Mathenge rd\r\n', 958, '1', 2, 'NO', 'S', 'A', 'The Phoenix Limited\r\n', NULL),
(617, 240, 1, 339, 'Debenture\r\n', 927, '1', 3, 'NO', 'S', 'A', 'Isinya Roses ltd.\r\n', NULL),
(618, 241, 1, 339, 'Banking Facilities\r\n', 1019, '1', 2, 'NO', 'S', 'A', 'Paragon Sporting ltd.\r\n', NULL),
(619, 242, 1, 339, 'Debenture /Charge\r\n', 1089, '1', 2, 'NO', 'S', 'A', 'Tiny Motors ltd.\r\n', NULL),
(620, 243, 1, 339, 'L.R. No. 12596/119\r\n', 1088, '1', 2, 'NO', 'S', 'A', 'Superior Construction ltd.\r\n', NULL),
(621, 244, 1, 339, 'Debenture/Charge L.R. No 9042/611\r\n', 1111, '1', 2, 'NO', 'S', 'A', 'Masai Kenya ltd.\r\n', NULL),
(622, 245, 1, 339, 'PURCHASE OF HOUSE\r\n', 1133, '1', 2, 'NO', 'S', 'A', 'GEORGE SINO & ANOR\r\n', NULL),
(623, 246, 1, 339, 'L.R. No. 14688 & 86\r\n', 1146, '1', 2, 'NO', 'S', 'A', 'Pius N Mochoge\r\n', NULL),
(624, 247, 1, 339, 'Banking Facilities \r\n', 1173, '1', 2, 'NO', 'S', 'A', 'Reliable Electricals ltd\r\n', NULL),
(625, 248, 1, 339, 'BANKING FACILITIES OF KSHS. 120,000,000\r\n', 1187, '1', 2, 'NO', 'S', 'A', 'PAUL K. NDUNGI\r\n', NULL),
(626, 249, 1, 339, 'Charge\r\n', 1198, '1', 2, 'NO', 'S', 'A', 'Pewin Supplies ltd.\r\n', NULL),
(627, 250, 1, 339, 'L.R. No 209/12787/3\r\n', 1024, '1', 2, 'NO', 'S', 'A', 'Allen Mbidyo\r\n', NULL),
(628, 251, 1, 339, 'Banking Facilities(10 M)\r\n', 1225, '1', 2, 'NO', 'S', 'A', 'Bindi Kamal Shah\r\n', NULL),
(629, 252, 1, 339, 'Banking Facilities(20 M)\r\n', 1226, '1', 1, 'NO', 'S', 'A', 'Manibai Popattah V Shah\r\n', NULL),
(630, 253, 1, 339, 'BANKING FACILITIES OF KSHS. 20,000,000\r\n', 1227, '1', 2, 'NO', 'S', 'A', 'PAUL K. NDUNGI\r\n', NULL),
(631, 254, 1, 339, 'PURCHASE OF APARTMENT\r\n', 1246, '1', 2, 'NO', 'S', 'A', 'GURDEV SINGH KENTH\r\n', NULL),
(632, 255, 1, 339, 'Charge on Flat No. 4  L.R. No. 209/7121/3\r\n', 1258, '1', 2, 'NO', 'S', 'A', 'Berclair ltd.\r\n\r\n', 0),
(633, 256, 1, 339, 'Title No. ELD BL 9/2017\r\n', 1290, '1', 2, 'NO', 'S', 'A', 'Silas Sirmar Yator\r\n', NULL),
(634, 257, 1, 339, 'Nairobi BL/93/1259\r\n', 1360, '1', 2, 'NO', 'S', 'A', 'Rosemarire Philomena & J.J. Okwaro & Co\r\n', NULL),
(635, 258, 1, 339, 'BANKING FACILITIES OF KSHS. 7,000,000\r\n', 1378, '1', 2, 'NO', 'S', 'A', 'HARKIRAN SHAH\r\n', NULL),
(636, 259, 1, 339, 'Debenture \r\n\r\n', 1403, '1', 2, 'NO', 'S', 'A', 'Amus  Motor ltd.\r\n', NULL),
(637, 260, 1, 339, 'L.R. No. 1870/111/189\r\n', 1409, '1', 2, 'NO', 'S', 'A', 'Jain Vikram\r\n', NULL),
(638, 261, 1, 339, 'Debenture \r\n', 1420, '1', 2, 'NO', 'S', 'A', 'Spectra Chemicals ltd.\r\n', NULL),
(639, 262, 1, 339, 'NRB/Block 93/1280\r\n', 1421, '1', 2, 'NO', 'S', 'A', 'Unimac Enterprises ltd.\r\n', NULL),
(640, 263, 1, 339, 'Debenture \r\n', 1446, '1', 2, 'NO', 'S', 'A', 'Reliable Electrical Engineers ltd.\r\n', NULL),
(642, 266, 1, 83, 'Joint Cooperation\r\n', 102, '1', 2, 'NO', 'S', 'A', 'Horn Equatorial ltd.\r\n', NULL),
(643, 267, 1, 83, 'L.R. No. 209/5480\r\n\r\n\r\n', 46, '1', 2, 'NO', 'S', 'A', 'Suntan Limited\r\n\r\n\r\n', NULL),
(644, 268, 4, 83, 'Debt Collection\r\n', 220, '1', 2, 'NO', 'S', 'A', 'V. Formisano\r\n', NULL),
(645, 269, 2, 83, 'Agreement\r\n', 2, '1', 2, 'NO', 'S', 'A', 'Kenya Railways \r\n', NULL),
(646, 270, 1, 83, 'INTERNATIONAL REGATORY LETTER\r\n', 345, '1', 2, 'NO', 'S', 'A', 'MR. TOBIKO KERIAKO\r\n', NULL),
(647, 271, 1, 83, 'Discharge of charge L.R. No. MN/1/3269\r\n', 255, '1', 2, 'NO', 'S', 'A', 'Heinz Mueller\r\n', NULL),
(648, 272, 2, 83, 'Misc appl No. 61bof 2004\r\n', 365, '1', 2, 'NO', 'S', 'A', 'Capevan International \r\n', NULL),
(649, 273, 2, 83, 'Power of attorney\r\n', 372, '1', 2, 'NO', 'S', 'A', 'Power of attorney\r\n', NULL),
(650, 274, 2, 83, 'NSRMC 1325/05\r\n', 475, '1', 2, 'NO', 'S', 'A', 'Joshua Omonge\r\n', NULL),
(651, 275, 2, 83, 'CORNER GARAGE TRANSPORT\r\n', 495, '1', 2, 'NO', 'S', 'A', 'VINCENT OMOLLO\r\n', NULL),
(652, 276, 2, 83, 'BANKERS CHEQUE\r\n', 478, '1', 2, 'NO', 'S', 'A', 'M/S MUMBI\r\n', NULL),
(653, 277, 2, 83, 'HCCC NO. 297 OF 1999, CMCC NO 715 OF 2006, CIVIL APPEAL NO. 232 OF 2003\r\n', 592, '1', 2, 'NO', 'S', 'A', 'JOSEPH NJUGUNA NGAE\r\n', NULL),
(654, 278, 1, 83, 'HCC. No. 250 /06\r\n', 676, '1', 2, 'NO', 'S', 'A', 'Economic Insurance ltd.\r\n', NULL),
(655, 279, 2, 83, 'NOTICE TO EXECUTE\r\n', 687, '1', 2, 'NO', 'S', 'A', 'GEORGINA NGINA\r\n', NULL),
(656, 280, 1, 83, 'L.R. 12715/4881\r\n', 952, '1', 2, 'NO', 'S', 'A', 'Jennifer Ndunge\r\n', NULL),
(657, 281, 2, 83, 'JOINT & EXCLUSIVE AGREEMENT\r\n', 1137, '1', 2, 'NO', 'S', 'A', 'SYNERGY INDUSTRIAL CREDIT LTD & ANOR\r\n', NULL),
(658, 282, 2, 83, 'Case 3901/200\r\n', 1275, '1', 2, 'NO', 'S', 'A', 'Ericson(K) ltd. \r\n', 0),
(659, 283, 2, 83, 'CMCC No 2677 of 2009\r\n\r\n', 1433, '1', 2, 'NO', 'S', 'A', 'IntraAfrica Assurance\r\n\r\n', NULL),
(660, 284, 1, 83, 'Kilifi/Mbaraka/104\r\n', 1454, '1', 2, 'NO', 'S', 'A', 'Neeta Shah\r\n', NULL),
(661, 286, 1, 702, 'L.R. No. 214/61\r\n', 1414, '1', 2, 'NO', 'S', 'A', 'Sherry Blue Properties ltd.\r\n', NULL),
(662, 287, 1, 702, 'L.R. No 26786\r\n', 1477, '1', 2, 'NO', 'S', 'A', 'Sherry Blue Properties ltd.\r\n', NULL),
(663, 288, 1, 323, 'CMCC NO. 522 OF 2004\r\n', 261, '1', 2, 'NO', 'S', 'A', 'OMAR BABU KIMWELE\r\n', NULL),
(664, 289, 1, 323, 'L.R. 209/11066\r\n\r\n', 986, '1', 2, 'NO', 'S', 'A', 'International Paper & Board Supplies ltd.\r\n', NULL),
(665, 290, 2, 87, 'CMCC NO. 522 OF 2004\r\n', 261, '1', 2, 'NO', 'S', 'A', 'OMAR BABU KIMWELE\r\n', NULL),
(666, 291, 1, 90, 'L.R. No.3734\r\n', 332, '1', 2, 'NO', 'S', 'A', 'Lavington Property\r\n', NULL),
(667, 292, 1, 240, 'SALE OF APARTMENTS\r\n', 706, '1', 2, 'NO', 'S', 'A', 'MADHAV BHALLA\r\n', NULL),
(668, 293, 1, 97, 'L.R.No.7752/174/5/6/7\r\n', 599, '1', 2, 'NO', 'S', 'A', 'KACEE HOLDINGS LTD\r\n', NULL),
(669, 294, 1, 683, 'L.R. No. 209/3271/53\r\n', 1175, '1', 2, 'NO', 'S', 'A', 'M''Mbogori & Others\r\n', NULL),
(670, 295, 1, 745, 'LR. No. 209/11931\r\n', 1355, '1', 2, 'NO', 'S', 'A', 'Anne Lusaka \r\n', NULL),
(671, 296, 1, 745, 'L.R. No. 209/374/13\r\n', 1364, '1', 2, 'NO', 'S', 'A', 'Sunflowers Investments ltd.\r\n', NULL),
(672, 297, 1, 100, 'L.R. No. 1870/11/335\r\n', 1422, '1', 2, 'NO', 'S', 'A', 'Amin Dipenkumar\r\n', NULL),
(673, 298, 4, 101, 'Outstanding Debt\r\n\r\n', 23, '1', 2, 'NO', 'S', 'A', 'Petro Chemicals & Cargo ltd\r\n\r\n', NULL),
(674, 299, 2, 101, 'Will\r\n', 150, '1', 2, 'NO', 'S', 'A', 'Surekha Shah\r\n', NULL),
(675, 300, 1, 101, 'ELD HCC No. 151/04\r\n', 406, '1', 2, 'NO', 'S', 'A', 'Cripsus Justus 0winyi\r\n', NULL),
(676, 301, 2, 274, 'W/U/No. 18/03\r\n', 39, '1', 2, 'NO', 'S', 'A', 'Winding Up of Company\r\n', NULL),
(677, 302, 1, 595, 'L.R. No 2327/187 \r\n', 905, '1', 2, 'NO', 'S', 'A', 'Nehemiah Ng''eno & Others\r\n', NULL),
(678, 303, 1, 303, 'L.R. NO. 12815 KIKUYU\r\n', 755, '1', 2, 'NO', 'S', 'A', 'MR. KIMANI WAWERU\r\n', NULL),
(679, 306, 2, 107, 'DISCHARGE OF CHARGE\r\n', 735, '1', 2, 'NO', 'S', 'A', 'MAYABI N. MERCY\r\n', NULL),
(680, 307, 1, 107, 'CMCC No.9086/07\r\n', 951, '1', 2, 'NO', 'S', 'A', 'Henry Kamau\r\n', NULL),
(681, 136, 1, 108, 'LEASES L.R. No. 209/785/10/1\r\n', 795, '1', 2, 'YES', 'G', 'A', 'Kiran Malde & Others\r\n', NULL),
(682, 308, 1, 108, 'LEASES L.R. No. 209/785/10/1\r\n', 795, '1', 2, 'NO', 'S', 'A', 'KIRAN MALDE & OTHERS', NULL),
(683, 309, 1, 108, 'Lease\r\n', 1010, '1', 2, 'NO', 'S', 'A', 'Catherine Njambi Njoroge\r\n', NULL),
(684, 310, 1, 108, 'Deed rectification L.R. No 1870/1/85\r\n', 108, '1', 2, 'NO', 'S', 'A', 'KIRAN MALDE & OTHERS\r\n', NULL),
(685, 311, 1, 108, 'LEASES L.R. No. 209/785/10/1\r\n', 794, '1', 2, 'NO', 'S', 'A', 'Kiran Malde & Others\r\n', NULL),
(686, 312, 1, 595, 'SALE OF KAKUZI/ KIRIMIRI BLOCKS\r\n', 889, '1', 2, 'NO', 'S', 'A', 'GERALD MAKAU MASILA\r\n', NULL),
(687, 313, 1, 657, 'L.R. NO. 1/183 AND 209/7776\r\n', 1102, '1', 2, 'NO', 'S', 'A', 'MR. STANLEY KIRIMI \r\n', NULL),
(688, 314, 1, 657, 'Extensions of User MSA/South b1.1420\r\n', 1278, '1', 2, 'NO', 'S', 'A', 'Linksoft Communications ltd.\r\n', NULL),
(689, 315, 1, 657, 'LR. No. Ontulili/Ontulili\r\n', 1430, '1', 2, 'NO', 'S', 'A', 'Starnley Twerandu Kirimi\r\n', NULL),
(690, 316, 1, 657, 'L.R. 209/10722/83\r\n', 1300, '1', 2, 'NO', 'S', 'A', 'Eunice Kirimi \r\n', NULL),
(691, 317, 1, 420, 'PURCHASE OF LR. NO\r\n', 450, '1', 2, 'NO', 'S', 'A', 'SUSAN WANJA MUNGIIRIA\r\n', NULL),
(692, 243, 4, 65, 'Response to demand for Barclay''s Bank Credit card of Kshs 2,000,000', 7, '1', 4, 'YES', 'G', 'A', 'Barclays Bank', 0),
(693, 243, 1, 65, 'Kiambu/Gatundu/77', 11, '1', 1, 'YES', 'G', 'A', 'Peter Wanjama', NULL),
(694, 318, 3, 65, 'Instrustions to defend petition.', 25, '1', 1, 'NO', 'S', 'A', 'KZ', 0),
(695, 244, 2, 17, 'Debenture for 200,000,000', 20, '2', 3, 'YES', 'G', 'A', 'Maurine Bank Ltd', NULL),
(696, 319, 1, 17, 'Kimwa', 33, '3', 4, 'NO', 'S', 'D', 'Kimwa', NULL),
(697, 3, 1, 4, 'test job', 9, '5', 4, 'NO', 'G', 'A', 'mr test', 0),
(698, 213, 4, 446, 'This fine for now', 11, '5', 4, 'NO', 'G', 'A', 'This was cool', 0),
(699, 339, 1, 4, 'Block A Apartment 1', 13, '3', 4, 'NO', 'S', 'A', 'Block A Apartment 1', NULL),
(700, 245, 1, 11, 'Conveyancing of LR/200/220', 22, '1', 2, 'NO', 'G', 'A', 'Elias Gitonga Kaaria', NULL),
(701, 343, 1, 11, 'This is very conveyancing yawa', 19, '3', 3, 'NO', 'S', 'A', 'Details input well', NULL),
(702, 245, 4, 11, 'Job 2', 30, '1', 3, 'NO', 'G', 'A', 'This is the second job done', NULL),
(703, 246, 1, 12, 'This has been done very well so far', 28, '3', 2, 'NO', 'G', 'A', 'Elias Gitonga', NULL),
(704, 345, 4, 4, 'ergtr', 29, '3', 1, 'NO', 'S', 'A', 're', 0),
(705, 346, 4, 4, 'zsfdfgdd', 1512, '3', 4, 'NO', 'S', 'A', 'gfdfgfdg', 0),
(706, 4, 1, 707, 'jfhdyjs', 1514, '3', 4, 'NO', 'G', 'A', 'dfsdgsd', 0);

-- --------------------------------------------------------

--
-- Table structure for table `jobtype`
--

CREATE TABLE IF NOT EXISTS `jobtype` (
  `id` int(10) NOT NULL AUTO_INCREMENT,
  `name` varchar(50) CHARACTER SET latin1 COLLATE latin1_general_ci NOT NULL,
  PRIMARY KEY (`id`)
) ENGINE=MyISAM  DEFAULT CHARSET=latin1 ROW_FORMAT=DYNAMIC AUTO_INCREMENT=6 ;

--
-- Dumping data for table `jobtype`
--

INSERT INTO `jobtype` (`id`, `name`) VALUES
(1, 'Conveyancing and securities'),
(2, 'General Commercial'),
(3, 'Litigation matters'),
(4, 'Debt collection'),
(5, 'New job type');

-- --------------------------------------------------------

--
-- Table structure for table `leaveapplication`
--

CREATE TABLE IF NOT EXISTS `leaveapplication` (
  `id` int(10) NOT NULL AUTO_INCREMENT,
  `employee` int(10) DEFAULT NULL,
  `dept` int(10) DEFAULT NULL,
  `appdate` timestamp NULL DEFAULT CURRENT_TIMESTAMP,
  `reason` text COLLATE latin1_general_ci,
  `startdate` date DEFAULT NULL,
  `enddate` date DEFAULT NULL,
  `resumedate` date DEFAULT NULL,
  `approved` char(1) COLLATE latin1_general_ci DEFAULT NULL,
  `notapproved` char(1) COLLATE latin1_general_ci DEFAULT NULL,
  `withpay` char(1) COLLATE latin1_general_ci DEFAULT NULL,
  `withoutpay` char(1) COLLATE latin1_general_ci DEFAULT NULL,
  `incharge` int(10) DEFAULT NULL,
  `leave` int(10) NOT NULL,
  `applevel` varchar(10) COLLATE latin1_general_ci NOT NULL,
  `lstatus` varchar(50) COLLATE latin1_general_ci NOT NULL,
  `nxtappr` int(10) NOT NULL,
  `daysno` int(10) DEFAULT NULL,
  PRIMARY KEY (`id`)
) ENGINE=MyISAM  DEFAULT CHARSET=latin1 COLLATE=latin1_general_ci ROW_FORMAT=DYNAMIC AUTO_INCREMENT=2 ;

--
-- Dumping data for table `leaveapplication`
--

INSERT INTO `leaveapplication` (`id`, `employee`, `dept`, `appdate`, `reason`, `startdate`, `enddate`, `resumedate`, `approved`, `notapproved`, `withpay`, `withoutpay`, `incharge`, `leave`, `applevel`, `lstatus`, `nxtappr`, `daysno`) VALUES
(1, 40, 17, '2010-06-30 09:43:37', 'fsdfsad', '2010-01-01', '2010-05-04', '2010-05-03', NULL, NULL, NULL, NULL, 40, 10, 'CEO', 'Approved', 17, 2);

-- --------------------------------------------------------

--
-- Table structure for table `leaveapproval`
--

CREATE TABLE IF NOT EXISTS `leaveapproval` (
  `id` int(10) NOT NULL AUTO_INCREMENT,
  `appl` int(10) DEFAULT NULL,
  `appdate` timestamp NULL DEFAULT CURRENT_TIMESTAMP,
  `comment` text,
  `status` varchar(10) DEFAULT NULL,
  `authoriser` int(10) NOT NULL,
  `prevstatus` varchar(50) DEFAULT NULL,
  PRIMARY KEY (`id`)
) ENGINE=MyISAM  DEFAULT CHARSET=latin1 ROW_FORMAT=DYNAMIC AUTO_INCREMENT=4 ;

--
-- Dumping data for table `leaveapproval`
--

INSERT INTO `leaveapproval` (`id`, `appl`, `appdate`, `comment`, `status`, `authoriser`, `prevstatus`) VALUES
(1, 1, '2010-06-30 09:44:03', 'ijhjdfghsasgdgsa', 'Pending HO', 40, NULL),
(2, 1, '2010-06-30 09:56:39', 'ok', 'Final Appr', 40, NULL),
(3, 1, '2010-06-30 10:07:41', 'sawa', 'Approved', 40, NULL);

-- --------------------------------------------------------

--
-- Table structure for table `leavedays`
--

CREATE TABLE IF NOT EXISTS `leavedays` (
  `id` int(10) NOT NULL AUTO_INCREMENT,
  `employee` int(10) NOT NULL,
  `leave` int(10) NOT NULL,
  `ldays` int(10) NOT NULL,
  `remdays` int(10) NOT NULL DEFAULT '0',
  PRIMARY KEY (`id`)
) ENGINE=MyISAM  DEFAULT CHARSET=latin1 COLLATE=latin1_general_ci AUTO_INCREMENT=52 ;

--
-- Dumping data for table `leavedays`
--

INSERT INTO `leavedays` (`id`, `employee`, `leave`, `ldays`, `remdays`) VALUES
(45, 40, 10, 21, -9),
(46, 40, 10, 21, -9),
(47, 42, 10, 21, 21),
(48, 42, 13, 15, 15),
(49, 42, 11, 10, 10),
(50, 40, 13, 15, -2),
(51, 40, 11, 10, 0);

-- --------------------------------------------------------

--
-- Table structure for table `leaveschedule`
--

CREATE TABLE IF NOT EXISTS `leaveschedule` (
  `id` int(10) NOT NULL AUTO_INCREMENT,
  `employee` int(10) DEFAULT NULL,
  `startdate` date DEFAULT NULL,
  `enddate` date DEFAULT NULL,
  `resumedate` date DEFAULT NULL,
  `daysno` int(10) DEFAULT NULL,
  `dept` int(10) NOT NULL,
  PRIMARY KEY (`id`)
) ENGINE=MyISAM  DEFAULT CHARSET=latin1 COLLATE=latin1_general_ci ROW_FORMAT=DYNAMIC AUTO_INCREMENT=12 ;

--
-- Dumping data for table `leaveschedule`
--

INSERT INTO `leaveschedule` (`id`, `employee`, `startdate`, `enddate`, `resumedate`, `daysno`, `dept`) VALUES
(11, 41, '2010-04-23', '2010-05-12', '2010-05-13', 10, 18);

-- --------------------------------------------------------

--
-- Table structure for table `leavetype`
--

CREATE TABLE IF NOT EXISTS `leavetype` (
  `id` int(10) NOT NULL AUTO_INCREMENT,
  `name` varchar(50) COLLATE latin1_general_ci NOT NULL,
  `days` int(10) NOT NULL DEFAULT '0',
  `company` varchar(50) COLLATE latin1_general_ci NOT NULL,
  PRIMARY KEY (`id`)
) ENGINE=MyISAM  DEFAULT CHARSET=latin1 COLLATE=latin1_general_ci AUTO_INCREMENT=14 ;

--
-- Dumping data for table `leavetype`
--

INSERT INTO `leavetype` (`id`, `name`, `days`, `company`) VALUES
(10, 'Annual leave', 21, '40983'),
(11, 'study leave', 10, '40983'),
(12, 'Maternity Leave', 30, '40983'),
(13, 'Sick off', 15, '40983');

-- --------------------------------------------------------

--
-- Table structure for table `libdocs`
--

CREATE TABLE IF NOT EXISTS `libdocs` (
  `id` int(10) NOT NULL AUTO_INCREMENT,
  `imageurl` varchar(100) COLLATE latin1_general_ci NOT NULL,
  `description` text COLLATE latin1_general_ci,
  `rno` int(10) NOT NULL DEFAULT '0',
  `title` varchar(50) COLLATE latin1_general_ci DEFAULT NULL,
  `name` varchar(50) COLLATE latin1_general_ci DEFAULT NULL,
  PRIMARY KEY (`id`)
) ENGINE=MyISAM  DEFAULT CHARSET=latin1 COLLATE=latin1_general_ci ROW_FORMAT=DYNAMIC AUTO_INCREMENT=2 ;

--
-- Dumping data for table `libdocs`
--

INSERT INTO `libdocs` (`id`, `imageurl`, `description`, `rno`, `title`, `name`) VALUES
(1, '../libfiles/2file.pdffile.pdf', 'kenya law', 0, 'kenya law', 'file.pdf');

-- --------------------------------------------------------

--
-- Table structure for table `maritalstatus`
--

CREATE TABLE IF NOT EXISTS `maritalstatus` (
  `id` int(10) NOT NULL AUTO_INCREMENT,
  `name` varchar(50) CHARACTER SET latin1 COLLATE latin1_general_ci NOT NULL,
  PRIMARY KEY (`id`)
) ENGINE=MyISAM  DEFAULT CHARSET=latin1 ROW_FORMAT=DYNAMIC AUTO_INCREMENT=6 ;

--
-- Dumping data for table `maritalstatus`
--

INSERT INTO `maritalstatus` (`id`, `name`) VALUES
(1, 'Married'),
(2, 'Single'),
(3, 'Divorced'),
(4, 'Widowed'),
(5, 'Separated');

-- --------------------------------------------------------

--
-- Table structure for table `membership`
--

CREATE TABLE IF NOT EXISTS `membership` (
  `id` int(10) NOT NULL AUTO_INCREMENT,
  `employee` int(10) NOT NULL,
  `name` varchar(50) COLLATE latin1_general_ci DEFAULT NULL,
  `company` varchar(50) COLLATE latin1_general_ci NOT NULL,
  PRIMARY KEY (`id`)
) ENGINE=MyISAM  DEFAULT CHARSET=latin1 COLLATE=latin1_general_ci AUTO_INCREMENT=13 ;

--
-- Dumping data for table `membership`
--


-- --------------------------------------------------------

--
-- Table structure for table `menuaccess`
--

CREATE TABLE IF NOT EXISTS `menuaccess` (
  `accessid` bigint(20) NOT NULL AUTO_INCREMENT,
  `menuname` varchar(50) COLLATE latin1_general_ci NOT NULL,
  `usergroupid` varchar(50) COLLATE latin1_general_ci NOT NULL,
  PRIMARY KEY (`accessid`),
  KEY `menuname` (`menuname`)
) ENGINE=MyISAM  DEFAULT CHARSET=latin1 COLLATE=latin1_general_ci AUTO_INCREMENT=1682 ;

--
-- Dumping data for table `menuaccess`
--

INSERT INTO `menuaccess` (`accessid`, `menuname`, `usergroupid`) VALUES
(42, 'Receipts', '13'),
(43, 'Price list', '13'),
(74, 'Sales', '11'),
(73, 'Price List', '11'),
(94, 'Price List', '14'),
(361, 'Job History', '15'),
(659, 'Request type', '17'),
(1478, 'Clients', '1'),
(669, 'Request type', '16'),
(668, 'Priority', '16'),
(667, 'Job Type', '16'),
(666, 'Document Category', '16'),
(665, 'Clients', '16'),
(664, 'City Town', '16'),
(362, 'Job Summary', '15'),
(363, 'Internal Requests', '15'),
(364, 'Jobs', '15'),
(1680, 'Requisitions', '18'),
(1477, 'City Town', '1'),
(1476, 'Job Summary', '1'),
(1475, 'Job History', '1'),
(658, 'New  Application', '17'),
(663, 'Job Summary', '16'),
(662, 'Job History', '16'),
(661, 'Users', '16'),
(1474, 'Issued Requisitions', '1'),
(1679, 'Rejected Requisitions', '18'),
(1678, 'Pending Approval', '18'),
(1677, 'New Requisition', '18'),
(1676, 'My Requisitions', '18'),
(660, 'Issue Requisition', '17'),
(670, 'Status', '16'),
(671, 'Specific Files', '16'),
(672, 'Documents', '16'),
(673, 'Documents Summary', '16'),
(674, 'Jobs', '16'),
(1473, 'User Projects', '1'),
(1472, 'Rejected Project Requisition', '1'),
(1471, 'Projects', '1'),
(1470, 'Project Requisition Approval', '1'),
(1469, 'Project Requests', '1'),
(1468, 'Project Documents', '1'),
(1675, 'Specific Files', '18'),
(1674, 'Status', '18'),
(1672, 'Job Type', '18'),
(1673, 'Priority', '18'),
(1671, 'Document Category', '18'),
(1670, 'Clients', '18'),
(1467, 'Issue Project  Requisition', '1'),
(1466, 'Library', '1'),
(1465, 'Requisition Approval', '1'),
(1669, 'City Town', '18'),
(1668, 'Project Summary', '18'),
(1667, 'Project History', '18'),
(1666, 'Job Summary', '18'),
(1665, 'Job History', '18'),
(1464, 'Rejected Requisition', '1'),
(1463, 'Jobs', '1'),
(1462, 'Issue Requisition', '1'),
(1461, 'Internal Requests', '1'),
(1460, 'Documents Summary', '1'),
(1459, 'Documents', '1'),
(1458, 'Annual Leave Schedule', '1'),
(1664, 'Issued Requisitions', '18'),
(1663, 'Issued Project Requisitions', '18'),
(1662, 'User Projects', '18'),
(1661, 'Rejected Project Requisition', '18'),
(1660, 'Projects', '18'),
(1659, 'Project Requisition Approval', '18'),
(1658, 'Project Requests', '18'),
(1657, 'Project Documents', '18'),
(1656, 'Project Docs Summary', '18'),
(1655, 'Issue Project  Requisition', '18'),
(1654, 'Library', '18'),
(1653, 'Requisition Approval', '18'),
(1652, 'Rejected Requisition', '18'),
(1651, 'Jobs', '18'),
(1649, 'Internal Requests', '18'),
(1650, 'Issue Requisition', '18'),
(1648, 'Documents Summary', '18'),
(1647, 'Documents', '18'),
(1646, 'Annual Leave Schedule', '18'),
(1645, 'New  Application', '18'),
(1643, 'Duty Acceptance', '18'),
(1457, 'New  Application', '1'),
(1456, 'Leave Approval', '1'),
(1455, 'Manage Leave days', '1'),
(1454, 'Leave Types', '1'),
(1453, 'Leave Scheduler', '1'),
(1452, 'Employee Leaves', '1'),
(1451, 'Religion', '1'),
(1450, 'Proffesional Courses', '1'),
(1449, 'Proffesional  Awards', '1'),
(1448, 'Probation Types', '1'),
(1447, 'Nationality', '1'),
(1446, 'Job Position', '1'),
(1445, 'Job Group', '1'),
(1644, 'Leave Approval', '18'),
(1642, 'Manage Leave days', '18'),
(1640, 'Leave Scheduler', '18'),
(1641, 'Leave Types', '18'),
(1639, 'Employee Leaves', '18'),
(1638, 'Religion', '18'),
(1637, 'Proffesional Courses', '18'),
(1636, 'Proffesional  Awards', '18'),
(1635, 'Probation Types', '18'),
(1634, 'Nationality', '18'),
(1633, 'Job Position', '18'),
(1632, 'Job Group', '18'),
(1631, 'Employment Term', '18'),
(1444, 'Employment Term', '1'),
(1443, 'Document Types', '1'),
(1442, 'Department ', '1'),
(1441, 'Company Branch', '1'),
(1440, 'Bank Branch', '1'),
(1439, 'Bank', '1'),
(1438, 'Academic Courses', '1'),
(1437, 'Academic Awards', '1'),
(1436, 'Disciplinary Report', '1'),
(1435, 'Employee', '1'),
(1434, 'Approvers', '1'),
(1433, 'Audit Trail Report', '1'),
(1432, 'Users', '1'),
(1479, 'Document Category', '1'),
(1480, 'Job Type', '1'),
(1481, 'Priority', '1'),
(1482, 'Request type', '1'),
(1483, 'Status', '1'),
(1484, 'Specific Files', '1'),
(1485, 'My Requisitions', '1'),
(1486, 'New Requisition', '1'),
(1487, 'Pending Approval', '1'),
(1488, 'Rejected Requisitions', '1'),
(1489, 'Requisitions', '1'),
(1630, 'Document Types', '18'),
(1629, 'Department ', '18'),
(1628, 'Company Branch', '18'),
(1627, 'Bank Branch', '18'),
(1626, 'Bank', '18'),
(1625, 'Academic Courses', '18'),
(1624, 'Academic Awards', '18'),
(1623, 'Disciplinary Report', '18'),
(1622, 'Employee', '18'),
(1621, 'Approvers', '18'),
(1620, 'Audit Trail Report', '18'),
(1619, 'Add login', '18'),
(1618, 'Users', '18'),
(1617, 'Add system administrator', '18'),
(1681, 'Process Payslip', '18');

-- --------------------------------------------------------

--
-- Table structure for table `menuitems`
--

CREATE TABLE IF NOT EXISTS `menuitems` (
  `menuname` varchar(50) COLLATE latin1_general_ci NOT NULL,
  `image` varchar(255) COLLATE latin1_general_ci NOT NULL,
  `displayorder` int(11) NOT NULL,
  `menugroup` varchar(50) COLLATE latin1_general_ci NOT NULL,
  `category` varchar(50) COLLATE latin1_general_ci NOT NULL,
  `urltarget` varchar(255) COLLATE latin1_general_ci NOT NULL,
  `callfunction` varchar(255) COLLATE latin1_general_ci NOT NULL,
  `parametervalues` varchar(255) COLLATE latin1_general_ci NOT NULL,
  `listbycompany` tinyint(1) NOT NULL DEFAULT '0',
  `filtertable` varchar(100) COLLATE latin1_general_ci NOT NULL,
  `filtercolumn` varchar(100) COLLATE latin1_general_ci NOT NULL,
  `callfilterfunction` varchar(255) COLLATE latin1_general_ci NOT NULL,
  `callfilterparameter` varchar(255) COLLATE latin1_general_ci NOT NULL,
  `disp` int(10) DEFAULT NULL,
  `module` int(10) DEFAULT NULL,
  PRIMARY KEY (`menuname`)
) ENGINE=MyISAM DEFAULT CHARSET=latin1 COLLATE=latin1_general_ci;

--
-- Dumping data for table `menuitems`
--

INSERT INTO `menuitems` (`menuname`, `image`, `displayorder`, `menugroup`, `category`, `urltarget`, `callfunction`, `parametervalues`, `listbycompany`, `filtertable`, `filtercolumn`, `callfilterfunction`, `callfilterparameter`, `disp`, `module`) VALUES
('Add login', '../images/icons/newproject.gif', 0, 'Company admin logins', 'Administration', '../eadm/addcompanylogin.php', '', '', 0, '', '', '', '', NULL, NULL),
('Billing Services', '../images/icons/newproject.gif', 10, 'Setup', 'Legal', '../adm/billing_services.php', '', '', 0, '', '', '', '', NULL, NULL),
('Add system administrator', '', 0, 'Admin users & groups', 'Administration', '../eadm/adduser.php', '', '', 0, '', '', '', '', NULL, NULL),
('Clients', '../images/icons/users.gif', 1, 'Setup', 'Legal', '../adm/clients.php', '', '', 0, '', '', '', '', NULL, NULL),
('City Town', '../images/icons/users.gif', 2, 'Setup', 'Legal', '../adm/town.php', '', '', 0, '', '', '', '', NULL, NULL),
('Job Type', '../images/icons/users.gif', 3, 'Setup', 'Legal', '../adm/jobtype.php', '', '', 0, '', '', '', '', NULL, NULL),
('Users', '../images/icons/users.gif', 33, 'Administrative', 'Administration', '../adm/users.php', '', '', 0, '', '', '', '', NULL, NULL),
('Status', '../images/icons/users.gif', 7, 'Setup', 'Legal', '../adm/status.php', '', '', 0, '', '', '', '', NULL, NULL),
('Priority', '../images/icons/users.gif', 5, 'Setup', 'Legal', '../adm/priority.php', '', '', 0, '', '', '', '', NULL, NULL),
('Specific Files', '../images/icons/users.gif', 15, 'Specific Files', 'Legal', '../adm/sfile.php', '', '', 0, '', '', '', '', NULL, NULL),
('Document Category', '../images/icons/users.gif', 8, 'Setup', 'Legal', '../adm/category.php', '', '', 0, '', '', '', '', NULL, NULL),
('Documents', '../images/icons/users.gif', 16, 'Jobs', 'Legal', '../adm/document.php', '', '', 0, '', '', '', '', NULL, NULL),
('Audit Trail Report', '../images/icons/users.gif', 18, 'Jobs', 'Administration', '../adm/audit.php', '', '', 0, '', '', '', '', NULL, NULL),
('Documents Summary', '../images/icons/users.gif', 17, 'Jobs', 'Legal', '../adm/summary.php', '', '', 0, '', '', '', '', NULL, NULL),
('Jobs', '../images/icons/users.gif', 19, 'Jobs', 'Legal', '../adm/ujobs.php', '', '', 0, '', '', '', '', NULL, NULL),
('Job History', '../images/icons/users.gif', 34, 'Reports', 'Legal', '../adm/jobhistory.php', '', '', 0, '', '', '', '', NULL, NULL),
('Job Summary', '../images/icons/users.gif', 35, 'Reports', 'Legal', '../adm/jobsummary.php', '', '', 0, '', '', '', '', NULL, NULL),
('Project Requests', '../images/icons/users.gif', 28, 'Projects', 'Legal', '../adm/prequisition.php', '', '', 0, '', '', '', '', NULL, NULL),
('Project Requisition Approval', '../images/icons/users.gif', 30, 'Projects', 'Legal', '../adm/preqapproval.php', '', '', 0, '', '', '', '', NULL, NULL),
('Rejected Project Requisition', '../images/icons/users.gif', 31, 'Projects', 'Legal', '../adm/prejreq.php', '', '', 0, '', '', '', '', NULL, NULL),
('Issue Project  Requisition', '../images/icons/users.gif', 32, 'Projects', 'Legal', '../adm/issuepreq.php', '', '', 0, '', '', '', '', NULL, NULL),
('Issued Requisitions', '../images/icons/users.gif', 36, 'Reports', 'Legal', '../adm/issuedreq.php', '', '', 0, '', '', '', '', NULL, NULL),
('Request type', '../images/icons/users.gif', 6, 'Setup', 'Legal', '../adm/rtype.php', '', '', 0, '', '', '', '', NULL, NULL),
('Library', '../images/icons/users.gif', 54, 'Library', 'Legal', '../adm/lib.php', '', '', 0, '', '', '', '', NULL, NULL),
('Academic Awards', '../images/icons/users.gif', 220, 'Setup', 'Employee', '../adm/academicawards.php', '', '', 0, '', '', '', '', 0, 1),
('Academic Courses', '../images/icons/users.gif', 219, 'Setup', 'Employee', '../adm/academiccourse.php', '', '', 0, '', '', '', '', 0, 1),
('Bank', '../images/icons/users.gif', 217, 'Setup', 'Employee', '../adm/bank.php', '', '', 0, '', '', '', '', 0, 1),
('Bank Branch', '../images/icons/users.gif', 218, 'Setup', 'Employee', '../adm/bankbranch.php', '', '', 0, '', '', '', '', 0, 1),
('Company Branch', '../images/icons/users.gif', 222, 'Setup', 'Employee', '../adm/branch.php', '', '', 0, '', '', '', '', 0, 1),
('Department ', '../images/icons/users.gif', 210, 'Setup', 'Employee', '../adm/department.php', '', '', 0, '', '', '', '', 0, 1),
('Document Types', '../images/icons/users.gif', 224, 'Setup', 'Employee', '../adm/docs.php', '', '', 0, '', '', '', '', 0, 1),
('Employee', '../images/icons/users.gif', 225, ' Details', 'Employee', '../adm/emp.php', '', '', 0, '', '', '', '', 0, 1),
('Employee Leaves', '../images/icons/users.gif', 705, 'Admin', 'Leave', '../lv/empleave.php', '', '', 0, '', '', '', '', 0, 3),
('Employment Term', '../images/icons/users.gif', 215, 'Setup', 'Employee', '../adm/employmentterm.php', '', '', 0, '', '', '', '', 0, 1),
('Job Group', '../images/icons/users.gif', 214, 'Setup', 'Employee', '../adm/employeecategory.php', '', '', 0, '', '', '', '', 0, 1),
('Job Position', '../images/icons/users.gif', 213, 'Setup', 'Employee', '../adm/jobposition.php', '', '', 0, '', '', '', '', 0, 1),
('Leave Approval', '../images/icons/users.gif', 725, 'Employee Leaves', 'Leave', '../lv/leaveauth.php', '', '', 0, '', '', '', '', 0, 3),
('Approvers', '../images/icons/users.gif', 107, 'Users', 'Administration', '../lv/applevel.php', '', '', 0, '', '', '', '', 0, 3),
('Leave Types', '../images/icons/users.gif', 704, 'Admin', 'Leave', '../lv/leavetype.php', '', '', 0, '', '', '', '', 0, 3),
('Nationality', '../images/icons/users.gif', 212, 'Setup', 'Employee', '../adm/nationality.php', '', '', 0, '', '', '', '', 0, 1),
('New  Application', '../images/icons/users.gif', 724, 'Employee Leaves', 'Leave', '../lv/leaveapplication.php', '', '', 0, '', '', '', '', 0, 3),
('Probation Types', '../images/icons/users.gif', 216, 'Setup', 'Employee', '../adm/probationtype.php', '', '', 0, '', '', '', '', 0, 1),
('Process Payslip', '../images/icons/users.gif', 312, 'Payroll', 'Payroll', '../prl/ppayslip.php', '', '', 0, '', '', '', '', 0, 2),
('Proffesional  Awards', '../images/icons/users.gif', 221, 'Setup', 'Employee', '../adm/proffesionalawards.php', '', '', 0, '', '', '', '', 0, 1),
('Proffesional Courses', '../images/icons/users.gif', 223, 'Setup', 'Employee', '../adm/professionalcourse.php', '', '', 0, '', '', '', '', 0, 1),
('Religion', '../images/icons/users.gif', 211, 'Setup', 'Employee', '../adm/religion.php', '', '', 0, '', '', '', '', 0, 1),
('Leave Scheduler', '../images/icons/users.gif', 706, 'Admin', 'Leave', '../lv/scheduler.php', '', '', 0, '', '', '', '', 0, 3),
('Annual Leave Schedule', '../images/icons/users.gif', 724, 'Reports', 'Leave', '../lv/schedulerpt.php', '', '', 0, '', '', '', '', 0, 3),
('Disciplinary Report', '../images/icons/users.gif', 234, 'Reports', 'Employee', '../adm/drpt.php', '', '', 0, '', '', '', '', 0, 1),
('Manage Leave days', '../images/icons/users.gif', 707, 'Admin', 'Leave', '../lv/mld.php', '', '', 0, '', '', '', '', 0, 3),
('Requisitions', '../images/icons/users.gif', 1004, 'Printouts', 'Office Requisitions', '../inv/lpo.php', '', '', 0, '', '', '', '', 0, 3),
('New Requisition', '../images/icons/users.gif', 1005, 'Internal Requisitions', 'Office Requisitions', '../inv/requisition.php', '', '', 0, '', '', '', '', 0, 3),
('My Requisitions', '../images/icons/users.gif', 1006, 'Internal Requisitions', 'Office Requisitions', '../inv/myrequisition.php', '', '', 0, '', '', '', '', 0, 3),
('Pending Approval', '../images/icons/users.gif', 1007, 'Internal Requisitions', 'Office Requisitions', '../inv/reqpendingapproval.php', '', '', 0, '', '', '', '', 0, 3),
('Rejected Requisitions', '../images/icons/users.gif', 1008, 'Internal Requisitions', 'Office Requisitions', '../inv/rejectedrequisitions.php', '', '', 0, '', '', '', '', 0, 3),
('Projects', '../images/icons/users.gif', 24, 'Projects', 'Legal', '../adm/projects.php', '', '', 0, '', '', '', '', NULL, NULL),
('User Projects', '../images/icons/users.gif', 27, 'Projects', 'Legal', '../adm/uprojects.php', '', '', 0, '', '', '', '', NULL, NULL),
('Internal Requests', '../images/icons/users.gif', 20, 'Jobs', 'Legal', '../adm/requisition.php', '', '', 0, '', '', '', '', NULL, NULL),
('Requisition Approval', '../images/icons/users.gif', 21, 'Jobs', 'Legal', '../adm/reqapproval.php', '', '', 0, '', '', '', '', NULL, NULL),
('Rejected Requisition', '../images/icons/users.gif', 22, 'Jobs', 'Legal', '../adm/rejreq.php', '', '', 0, '', '', '', '', NULL, NULL),
('Issue Requisition', '../images/icons/users.gif', 23, 'Jobs', 'Legal', '../adm/issuereq.php', '', '', 0, '', '', '', '', NULL, NULL),
('Issued Project Requisitions', '../images/icons/users.gif', 37, 'Reports', 'Legal', '../adm/issuedpreq.php', '', '', 0, '', '', '', '', NULL, NULL),
('Project History', '../images/icons/users.gif', 38, 'Reports', 'Legal', '../adm/phistory.php', '', '', 0, '', '', '', '', NULL, NULL),
('Project Summary', '../images/icons/users.gif', 39, 'Reports', 'Legal', '../adm/psummary.php', '', '', 0, '', '', '', '', NULL, NULL),
('Project Documents', '../images/icons/users.gif', 25, 'Projects', 'Legal', '../adm/projdocs.php', '', '', 0, '', '', '', '', NULL, NULL),
('Project Docs Summary', '../images/icons/users.gif', 26, 'Projects', 'Legal', '../adm/pdocsummary.php', '', '', 0, '', '', '', '', NULL, NULL),
('Duty Acceptance', '../images/icons/users.gif', 726, 'Employee Leaves', 'Leave', '../lv/dutyaccept.php', '', '', 0, '', '', '', '', 0, 3);

-- --------------------------------------------------------

--
-- Table structure for table `nationality`
--

CREATE TABLE IF NOT EXISTS `nationality` (
  `id` int(10) NOT NULL AUTO_INCREMENT,
  `name` varchar(50) COLLATE latin1_general_ci NOT NULL,
  `description` text COLLATE latin1_general_ci,
  `company` varchar(50) COLLATE latin1_general_ci NOT NULL,
  PRIMARY KEY (`id`)
) ENGINE=MyISAM  DEFAULT CHARSET=latin1 COLLATE=latin1_general_ci AUTO_INCREMENT=11 ;

--
-- Dumping data for table `nationality`
--

INSERT INTO `nationality` (`id`, `name`, `description`, `company`) VALUES
(10, 'Kenyan', ' KENYAN CITIZEN', '40983');

-- --------------------------------------------------------

--
-- Table structure for table `nextofkin`
--

CREATE TABLE IF NOT EXISTS `nextofkin` (
  `id` int(10) NOT NULL AUTO_INCREMENT,
  `employee` varchar(50) COLLATE latin1_general_ci NOT NULL,
  `name` varchar(50) COLLATE latin1_general_ci NOT NULL,
  `dob` date DEFAULT NULL,
  `idno` varchar(50) COLLATE latin1_general_ci DEFAULT NULL,
  `occupation` varchar(50) COLLATE latin1_general_ci DEFAULT NULL,
  `rship` varchar(50) COLLATE latin1_general_ci DEFAULT NULL,
  `address` varchar(50) COLLATE latin1_general_ci DEFAULT NULL,
  `telephone` varchar(50) COLLATE latin1_general_ci DEFAULT NULL,
  `email` varchar(50) COLLATE latin1_general_ci DEFAULT NULL,
  `isemergencycontact` char(10) COLLATE latin1_general_ci DEFAULT 'No',
  `isdependant` char(10) COLLATE latin1_general_ci DEFAULT 'No',
  `isbeneficiary` char(10) COLLATE latin1_general_ci DEFAULT 'No',
  `company` varchar(50) COLLATE latin1_general_ci NOT NULL,
  PRIMARY KEY (`id`)
) ENGINE=MyISAM  DEFAULT CHARSET=latin1 COLLATE=latin1_general_ci AUTO_INCREMENT=29 ;

--
-- Dumping data for table `nextofkin`
--


-- --------------------------------------------------------

--
-- Table structure for table `papphistory`
--

CREATE TABLE IF NOT EXISTS `papphistory` (
  `id` int(10) NOT NULL AUTO_INCREMENT,
  `emp` int(10) NOT NULL,
  `requisition` int(10) NOT NULL,
  `descr` text COLLATE latin1_general_ci NOT NULL,
  `wdate` timestamp NOT NULL DEFAULT CURRENT_TIMESTAMP ON UPDATE CURRENT_TIMESTAMP,
  `status` varchar(50) COLLATE latin1_general_ci NOT NULL,
  PRIMARY KEY (`id`)
) ENGINE=MyISAM  DEFAULT CHARSET=latin1 COLLATE=latin1_general_ci AUTO_INCREMENT=13 ;

--
-- Dumping data for table `papphistory`
--

INSERT INTO `papphistory` (`id`, `emp`, `requisition`, `descr`, `wdate`, `status`) VALUES
(12, 40, 2, 'ok\r\n', '2010-05-29 13:27:22', 'Issued'),
(10, 40, 2, 'ok', '2010-05-29 13:13:00', 'Pending Finance'),
(11, 40, 1, 'nio', '2010-05-29 13:13:11', 'Rejected');

-- --------------------------------------------------------

--
-- Table structure for table `pcomments`
--

CREATE TABLE IF NOT EXISTS `pcomments` (
  `id` int(10) NOT NULL AUTO_INCREMENT,
  `emp` int(10) NOT NULL,
  `requisition` int(10) NOT NULL,
  `descr` text COLLATE latin1_general_ci NOT NULL,
  `wdate` timestamp NOT NULL DEFAULT CURRENT_TIMESTAMP ON UPDATE CURRENT_TIMESTAMP,
  PRIMARY KEY (`id`)
) ENGINE=MyISAM  DEFAULT CHARSET=latin1 COLLATE=latin1_general_ci AUTO_INCREMENT=4 ;

--
-- Dumping data for table `pcomments`
--

INSERT INTO `pcomments` (`id`, `emp`, `requisition`, `descr`, `wdate`) VALUES
(1, 40, 1, 'sawa', '2010-05-29 13:04:30'),
(2, 40, 1, 'ogtyfdgdfg', '2010-05-29 13:07:14'),
(3, 40, 1, 'hjgdfghj', '2010-05-29 13:07:23');

-- --------------------------------------------------------

--
-- Table structure for table `pprogress`
--

CREATE TABLE IF NOT EXISTS `pprogress` (
  `id` int(10) NOT NULL AUTO_INCREMENT,
  `emp` int(10) NOT NULL,
  `unit` int(10) NOT NULL,
  `name` varchar(50) COLLATE latin1_general_ci NOT NULL,
  `descr` text COLLATE latin1_general_ci NOT NULL,
  `starttime` time NOT NULL,
  `endtime` time NOT NULL,
  `wdate` date NOT NULL,
  `client` int(10) NOT NULL,
  PRIMARY KEY (`id`),
  KEY `authcode` (`endtime`)
) ENGINE=MyISAM  DEFAULT CHARSET=latin1 COLLATE=latin1_general_ci AUTO_INCREMENT=6 ;

--
-- Dumping data for table `pprogress`
--

INSERT INTO `pprogress` (`id`, `emp`, `unit`, `name`, `descr`, `starttime`, `endtime`, `wdate`, `client`) VALUES
(1, 40, 43, 'tthfghgg', 'hnjgfhg', '13:03:58', '13:04:10', '2010-05-04', 11),
(2, 40, 42, 'test', 'test', '13:34:08', '13:34:21', '2010-05-11', 11),
(3, 40, 42, 'rthf', 'gthfrthy', '13:34:43', '13:34:53', '2010-05-04', 11),
(4, 40, 42, 'gfghhj', 'hfgghyj', '13:36:19', '13:36:33', '2010-05-29', 11),
(5, 40, 42, 'bg', 'bn', '13:41:14', '13:41:24', '2010-05-10', 11);

-- --------------------------------------------------------

--
-- Table structure for table `prequisitions`
--

CREATE TABLE IF NOT EXISTS `prequisitions` (
  `id` int(10) NOT NULL AUTO_INCREMENT,
  `emp` int(10) NOT NULL,
  `job` varchar(100) COLLATE latin1_general_ci NOT NULL,
  `request` varchar(50) COLLATE latin1_general_ci NOT NULL,
  `descr` text COLLATE latin1_general_ci NOT NULL,
  `status` varchar(50) COLLATE latin1_general_ci NOT NULL,
  `cost` decimal(10,2) NOT NULL,
  `wdate` timestamp NOT NULL DEFAULT CURRENT_TIMESTAMP ON UPDATE CURRENT_TIMESTAMP,
  `client` int(10) NOT NULL,
  `comment` varchar(50) COLLATE latin1_general_ci DEFAULT NULL,
  `oldamount` decimal(10,2) NOT NULL DEFAULT '0.00',
  `issuedby` int(10) DEFAULT NULL,
  `idate` date DEFAULT NULL,
  `cmnt` text COLLATE latin1_general_ci,
  `rtype` int(10) DEFAULT NULL,
  `unit` int(10) NOT NULL,
  PRIMARY KEY (`id`),
  KEY `authcode` (`cost`)
) ENGINE=MyISAM  DEFAULT CHARSET=latin1 COLLATE=latin1_general_ci AUTO_INCREMENT=3 ;

--
-- Dumping data for table `prequisitions`
--

INSERT INTO `prequisitions` (`id`, `emp`, `job`, `request`, `descr`, `status`, `cost`, `wdate`, `client`, `comment`, `oldamount`, `issuedby`, `idate`, `cmnt`, `rtype`, `unit`) VALUES
(1, 40, 'EG/DL3YNB/011/25', 'asbdvgas', 'asdswa', 'Rejected', 1000.00, '2010-05-29 13:13:11', 248, 'asdas', 0.00, NULL, NULL, NULL, 3, 42),
(2, 40, 'EG/DL3YNB/011/25', 'sdsa', 'ee', 'Issued', 2000.00, '2010-05-29 13:27:22', 248, 'ee', 0.00, 40, '2010-05-29', 'ok\r\n', 2, 43);

-- --------------------------------------------------------

--
-- Table structure for table `priority`
--

CREATE TABLE IF NOT EXISTS `priority` (
  `id` int(10) NOT NULL AUTO_INCREMENT,
  `name` varchar(50) CHARACTER SET latin1 COLLATE latin1_general_ci NOT NULL,
  PRIMARY KEY (`id`)
) ENGINE=MyISAM  DEFAULT CHARSET=latin1 ROW_FORMAT=DYNAMIC AUTO_INCREMENT=6 ;

--
-- Dumping data for table `priority`
--

INSERT INTO `priority` (`id`, `name`) VALUES
(1, 'High'),
(2, 'Medium'),
(3, 'Low'),
(4, 'Can wait'),
(5, 'Not Known');

-- --------------------------------------------------------

--
-- Table structure for table `probationtype`
--

CREATE TABLE IF NOT EXISTS `probationtype` (
  `id` int(10) NOT NULL AUTO_INCREMENT,
  `name` varchar(50) COLLATE latin1_general_ci NOT NULL,
  `description` text COLLATE latin1_general_ci,
  `duration` int(10) DEFAULT NULL,
  `company` varchar(50) COLLATE latin1_general_ci NOT NULL,
  PRIMARY KEY (`id`)
) ENGINE=MyISAM  DEFAULT CHARSET=latin1 COLLATE=latin1_general_ci AUTO_INCREMENT=6 ;

--
-- Dumping data for table `probationtype`
--


-- --------------------------------------------------------

--
-- Table structure for table `proffesionalaward`
--

CREATE TABLE IF NOT EXISTS `proffesionalaward` (
  `id` int(10) NOT NULL AUTO_INCREMENT,
  `name` varchar(50) COLLATE latin1_general_ci NOT NULL,
  `description` text COLLATE latin1_general_ci,
  `company` varchar(50) COLLATE latin1_general_ci NOT NULL,
  PRIMARY KEY (`id`)
) ENGINE=MyISAM  DEFAULT CHARSET=latin1 COLLATE=latin1_general_ci AUTO_INCREMENT=9 ;

--
-- Dumping data for table `proffesionalaward`
--


-- --------------------------------------------------------

--
-- Table structure for table `proffesionalcourse`
--

CREATE TABLE IF NOT EXISTS `proffesionalcourse` (
  `id` int(10) NOT NULL AUTO_INCREMENT,
  `name` varchar(50) COLLATE latin1_general_ci NOT NULL,
  `description` text COLLATE latin1_general_ci,
  `company` varchar(50) COLLATE latin1_general_ci NOT NULL,
  PRIMARY KEY (`id`)
) ENGINE=MyISAM  DEFAULT CHARSET=latin1 COLLATE=latin1_general_ci AUTO_INCREMENT=5 ;

--
-- Dumping data for table `proffesionalcourse`
--


-- --------------------------------------------------------

--
-- Table structure for table `proffesionalqualification`
--

CREATE TABLE IF NOT EXISTS `proffesionalqualification` (
  `id` int(10) NOT NULL AUTO_INCREMENT,
  `employee` int(10) NOT NULL,
  `course` int(10) NOT NULL,
  `datefrom` date NOT NULL DEFAULT '0000-00-00',
  `dateto` date NOT NULL DEFAULT '0000-00-00',
  `award` int(10) NOT NULL,
  `institution` varchar(50) COLLATE latin1_general_ci NOT NULL,
  `company` varchar(50) COLLATE latin1_general_ci NOT NULL,
  PRIMARY KEY (`id`)
) ENGINE=MyISAM  DEFAULT CHARSET=latin1 COLLATE=latin1_general_ci ROW_FORMAT=DYNAMIC AUTO_INCREMENT=22 ;

--
-- Dumping data for table `proffesionalqualification`
--


-- --------------------------------------------------------

--
-- Table structure for table `progress`
--

CREATE TABLE IF NOT EXISTS `progress` (
  `id` int(10) NOT NULL AUTO_INCREMENT,
  `emp` int(10) NOT NULL,
  `job` int(10) NOT NULL,
  `name` varchar(50) COLLATE latin1_general_ci NOT NULL,
  `descr` text COLLATE latin1_general_ci NOT NULL,
  `starttime` time NOT NULL,
  `endtime` time NOT NULL,
  `wdate` date NOT NULL,
  `client` int(10) NOT NULL,
  PRIMARY KEY (`id`),
  KEY `authcode` (`endtime`)
) ENGINE=MyISAM  DEFAULT CHARSET=latin1 COLLATE=latin1_general_ci AUTO_INCREMENT=7 ;

--
-- Dumping data for table `progress`
--

INSERT INTO `progress` (`id`, `emp`, `job`, `name`, `descr`, `starttime`, `endtime`, `wdate`, `client`) VALUES
(1, 40, 702, 'Work Has Just Began', 'This work has just began. Please take note.\r\n\r\nThanks,\r\n\r\nElias', '20:07:28', '20:08:02', '2010-05-27', 11),
(2, 40, 702, 'This work is still continuous', 'This work is still ongoing.', '20:08:08', '20:08:38', '2010-05-27', 11),
(3, 40, 703, 'soft is Logic', 'Hello,\r\n\r\nI am trying to find out why a certain sender verification fails. I do\r\nnot want to reject the mail, though, so I defined the following ACL rule:\r\n\r\nwarn    !verify       = sender/callout=10s,defer_ok,no_cache\r\n        add_header    = X-Info: Envelope Callback failed\r\n        log_message = sender verify failed: $acl_verify_message', '19:38:14', '19:38:48', '2010-05-28', 12),
(4, 40, 703, 'logic is soft', 'Hello,\r\n\r\nI am trying to find out why a certain sender verification fails. I do\r\nnot want to reject the mail, though, so I defined the following ACL rule:\r\n\r\nwarn    !verify       = sender/callout=10s,defer_ok,no_cache\r\n        add_header    = X-Info: Envelope Callback failed\r\n        log_message = sender verify failed: $acl_verify_message', '19:38:58', '19:39:13', '2010-05-27', 12),
(5, 40, 7, 'discussed about flats owner', 'Icontem\r\nReleased new book review: CodeIgniter 1.7 professional development\r\nAdvertisement\r\nYou are getting this message because you voluntarily subscribed to the PHP Classes site. To change your newsletter or alert messages delivery options, see the instructions at the bottom of this message.\r\n\r\nTitle\r\nCodeIgniter 1.7 professional development\r\n\r\nMore detail More detail\r\nCodeIgniter 1.7 ', '17:53:18', '17:54:03', '2010-06-07', 4),
(6, 40, 7, 'rferfg', 'hyjdtweudfweuf', '17:54:17', '17:54:36', '2010-06-01', 4);

-- --------------------------------------------------------

--
-- Table structure for table `projdocs`
--

CREATE TABLE IF NOT EXISTS `projdocs` (
  `id` int(10) NOT NULL AUTO_INCREMENT,
  `imageurl` varchar(100) COLLATE latin1_general_ci NOT NULL,
  `description` varchar(50) COLLATE latin1_general_ci DEFAULT NULL,
  `displayorder` int(10) NOT NULL,
  `client` int(10) NOT NULL,
  `category` int(10) NOT NULL,
  `project` int(10) NOT NULL,
  `unit` int(10) DEFAULT NULL,
  `adverseparty` varchar(100) COLLATE latin1_general_ci DEFAULT NULL,
  PRIMARY KEY (`id`)
) ENGINE=MyISAM  DEFAULT CHARSET=latin1 COLLATE=latin1_general_ci ROW_FORMAT=DYNAMIC AUTO_INCREMENT=5 ;

--
-- Dumping data for table `projdocs`
--

INSERT INTO `projdocs` (`id`, `imageurl`, `description`, `displayorder`, `client`, `category`, `project`, `unit`, `adverseparty`) VALUES
(1, '../pdocs/Application letter.doc', 'First file', 2, 4, 3, 21, 36, 'Mr John'),
(2, '../pdocs/Desert.jpg', 'new doc', 1, 4, 3, 21, 36, 'mr peter'),
(3, '../pdocs/ATT00011.jpg', 'fsd', 1, 4, 6, 21, 0, 'dsfsf'),
(4, '../pdocs/peter.jpg', '456456', 1, 4, 6, 10, 10, 'cvcvxc');

-- --------------------------------------------------------

--
-- Table structure for table `projects`
--

CREATE TABLE IF NOT EXISTS `projects` (
  `id` int(10) NOT NULL AUTO_INCREMENT,
  `fileno` varchar(150) CHARACTER SET latin1 COLLATE latin1_general_ci DEFAULT NULL,
  `client` int(10) DEFAULT NULL,
  `details` text CHARACTER SET latin1 COLLATE latin1_general_ci,
  `unit` int(10) DEFAULT NULL,
  `status` varchar(50) CHARACTER SET latin1 COLLATE latin1_general_ci DEFAULT NULL,
  `priority` int(10) DEFAULT NULL,
  `deleted` varchar(10) CHARACTER SET latin1 COLLATE latin1_general_ci NOT NULL DEFAULT 'NO',
  `state` char(10) CHARACTER SET latin1 COLLATE latin1_general_ci NOT NULL DEFAULT 'A',
  `aparty` varchar(50) CHARACTER SET latin1 COLLATE latin1_general_ci DEFAULT NULL,
  `fbank` varchar(50) CHARACTER SET latin1 COLLATE latin1_general_ci DEFAULT NULL,
  PRIMARY KEY (`id`)
) ENGINE=MyISAM  DEFAULT CHARSET=latin1 ROW_FORMAT=DYNAMIC AUTO_INCREMENT=4 ;

--
-- Dumping data for table `projects`
--

INSERT INTO `projects` (`id`, `fileno`, `client`, `details`, `unit`, `status`, `priority`, `deleted`, `state`, `aparty`, `fbank`) VALUES
(1, 'EG/DL3YNB/011/25', 11, 'test', 42, '3', 4, 'NO', 'A', 'peter', 'e'),
(2, 'EG/DL3YNB/011/25', 11, 'another', 43, '3', 4, 'NO', 'A', 'someone', 'equity'),
(3, 'AF/DG24YNB/004/1515', 4, 'gfghjgj', 47, '3', 4, 'NO', 'A', 'tftyfgu', 'gfgfg');

-- --------------------------------------------------------

--
-- Table structure for table `promotion`
--

CREATE TABLE IF NOT EXISTS `promotion` (
  `id` int(10) NOT NULL AUTO_INCREMENT,
  `employee` int(10) NOT NULL,
  `rankdate` date DEFAULT NULL,
  `jobposition` varchar(50) CHARACTER SET latin1 COLLATE latin1_general_ci DEFAULT NULL,
  `empcategory` varchar(50) CHARACTER SET latin1 COLLATE latin1_general_ci DEFAULT NULL,
  `employmentterm` varchar(50) CHARACTER SET latin1 COLLATE latin1_general_ci DEFAULT NULL,
  `department` varchar(50) CHARACTER SET latin1 COLLATE latin1_general_ci DEFAULT NULL,
  `comment` text CHARACTER SET latin1 COLLATE latin1_general_ci,
  `company` varchar(50) CHARACTER SET latin1 COLLATE latin1_general_ci NOT NULL,
  PRIMARY KEY (`id`)
) ENGINE=MyISAM  DEFAULT CHARSET=latin1 AUTO_INCREMENT=2 ;

--
-- Dumping data for table `promotion`
--


-- --------------------------------------------------------

--
-- Table structure for table `prospective`
--

CREATE TABLE IF NOT EXISTS `prospective` (
  `id` int(10) NOT NULL AUTO_INCREMENT,
  `fulnames` varchar(50) COLLATE latin1_general_ci DEFAULT NULL,
  `initials` varchar(50) COLLATE latin1_general_ci DEFAULT NULL,
  `gender` int(10) DEFAULT NULL,
  `religion` int(10) DEFAULT NULL,
  `ms` int(10) DEFAULT NULL,
  `dob` date DEFAULT NULL,
  `idno` varchar(50) COLLATE latin1_general_ci DEFAULT NULL,
  `pinno` varchar(50) COLLATE latin1_general_ci DEFAULT NULL,
  `address` varchar(50) COLLATE latin1_general_ci DEFAULT NULL,
  `town` int(10) DEFAULT NULL,
  `pcode` int(10) DEFAULT NULL,
  `phone` varchar(10) COLLATE latin1_general_ci DEFAULT NULL,
  `ccode` int(10) DEFAULT NULL,
  `mobile` varchar(10) COLLATE latin1_general_ci DEFAULT NULL,
  `email` varchar(50) COLLATE latin1_general_ci DEFAULT NULL,
  `workplace` varchar(50) COLLATE latin1_general_ci DEFAULT NULL,
  `lrno` varchar(50) COLLATE latin1_general_ci DEFAULT NULL,
  `street` varchar(50) COLLATE latin1_general_ci DEFAULT NULL,
  `building` varchar(50) COLLATE latin1_general_ci DEFAULT NULL,
  `office2` varchar(50) COLLATE latin1_general_ci DEFAULT NULL,
  `ref` varchar(50) COLLATE latin1_general_ci DEFAULT NULL,
  `category` varchar(50) COLLATE latin1_general_ci DEFAULT NULL,
  `regno` varchar(50) COLLATE latin1_general_ci DEFAULT NULL,
  `fax` varchar(50) COLLATE latin1_general_ci DEFAULT NULL,
  `contactperson` varchar(50) COLLATE latin1_general_ci DEFAULT NULL,
  `companytype` int(10) DEFAULT NULL,
  `vat` varchar(50) COLLATE latin1_general_ci DEFAULT NULL,
  `imgurl` varchar(50) COLLATE latin1_general_ci DEFAULT NULL,
  `clientno` int(11) DEFAULT NULL,
  PRIMARY KEY (`id`)
) ENGINE=MyISAM  DEFAULT CHARSET=latin1 COLLATE=latin1_general_ci ROW_FORMAT=DYNAMIC AUTO_INCREMENT=6 ;

--
-- Dumping data for table `prospective`
--

INSERT INTO `prospective` (`id`, `fulnames`, `initials`, `gender`, `religion`, `ms`, `dob`, `idno`, `pinno`, `address`, `town`, `pcode`, `phone`, `ccode`, `mobile`, `email`, `workplace`, `lrno`, `street`, `building`, `office2`, `ref`, `category`, `regno`, `fax`, `contactperson`, `companytype`, `vat`, `imgurl`, `clientno`) VALUES
(1, 'Samwel Juma', 'SJ', NULL, NULL, NULL, NULL, NULL, NULL, 'P.o box 3343', 1, NULL, NULL, NULL, NULL, NULL, NULL, NULL, NULL, NULL, NULL, NULL, NULL, NULL, NULL, NULL, NULL, NULL, NULL, NULL),
(2, 'Ken Msafiri', 'KM', NULL, NULL, NULL, NULL, NULL, NULL, 'p.o box 34343 nairobi', 3, 2, '2343', 22, '324321324', 'ken@gmail.com', NULL, NULL, NULL, NULL, NULL, NULL, 'p', NULL, NULL, NULL, NULL, NULL, NULL, NULL),
(3, 'Morris Guantai', 'MG', NULL, NULL, NULL, NULL, NULL, NULL, '128', 1, 200, '0729800102', 254, NULL, 'moris@goodmail.com', NULL, NULL, NULL, NULL, NULL, NULL, 'p', NULL, NULL, NULL, NULL, NULL, NULL, NULL),
(4, 'Hilda Gaceri', 'HG', 0, 0, 0, '0000-00-00', '', '', '112378', 1, 124, '20212490', 254, '', '', '', '', '', '', '', '', 'p', NULL, NULL, NULL, NULL, NULL, '', NULL),
(5, 'Maina Njenga', 'MN', NULL, NULL, NULL, NULL, NULL, NULL, '12349', 3, 2001, '276098', 254, NULL, 'abc@d.com', NULL, NULL, NULL, NULL, NULL, NULL, 'p', NULL, NULL, NULL, NULL, NULL, NULL, NULL);

-- --------------------------------------------------------

--
-- Table structure for table `referees`
--

CREATE TABLE IF NOT EXISTS `referees` (
  `id` int(10) NOT NULL AUTO_INCREMENT,
  `employee` varchar(50) COLLATE latin1_general_ci NOT NULL,
  `referee` varchar(50) COLLATE latin1_general_ci DEFAULT NULL,
  `address` varchar(50) COLLATE latin1_general_ci DEFAULT NULL,
  `telephone` varchar(10) COLLATE latin1_general_ci DEFAULT NULL,
  `email` varchar(50) COLLATE latin1_general_ci DEFAULT NULL,
  `position` varchar(50) COLLATE latin1_general_ci DEFAULT NULL,
  `company` varchar(50) COLLATE latin1_general_ci DEFAULT NULL,
  PRIMARY KEY (`id`)
) ENGINE=MyISAM  DEFAULT CHARSET=latin1 COLLATE=latin1_general_ci ROW_FORMAT=DYNAMIC AUTO_INCREMENT=73 ;

--
-- Dumping data for table `referees`
--


-- --------------------------------------------------------

--
-- Table structure for table `rejecthistory`
--

CREATE TABLE IF NOT EXISTS `rejecthistory` (
  `id` int(10) NOT NULL AUTO_INCREMENT,
  `tdate` timestamp NULL DEFAULT CURRENT_TIMESTAMP,
  `status` varchar(50) COLLATE latin1_general_ci DEFAULT NULL,
  `authoriser` varchar(50) COLLATE latin1_general_ci DEFAULT NULL,
  `comment` text COLLATE latin1_general_ci,
  `authcomment` text COLLATE latin1_general_ci,
  `requisition` int(10) NOT NULL,
  `prevstatus` varchar(50) COLLATE latin1_general_ci DEFAULT NULL,
  PRIMARY KEY (`id`)
) ENGINE=MyISAM  DEFAULT CHARSET=latin1 COLLATE=latin1_general_ci AUTO_INCREMENT=19 ;

--
-- Dumping data for table `rejecthistory`
--


-- --------------------------------------------------------

--
-- Table structure for table `religion`
--

CREATE TABLE IF NOT EXISTS `religion` (
  `id` int(10) NOT NULL AUTO_INCREMENT,
  `name` varchar(50) CHARACTER SET latin1 COLLATE latin1_general_ci NOT NULL,
  PRIMARY KEY (`id`)
) ENGINE=MyISAM  DEFAULT CHARSET=latin1 ROW_FORMAT=DYNAMIC AUTO_INCREMENT=8 ;

--
-- Dumping data for table `religion`
--

INSERT INTO `religion` (`id`, `name`) VALUES
(1, 'Muslims'),
(2, 'Catholic'),
(3, 'Hindu'),
(4, 'SDA'),
(5, 'EAPC'),
(6, 'Protestants'),
(7, 'Christian');

-- --------------------------------------------------------

--
-- Table structure for table `requesttype`
--

CREATE TABLE IF NOT EXISTS `requesttype` (
  `id` int(10) NOT NULL AUTO_INCREMENT,
  `name` varchar(50) COLLATE latin1_general_ci NOT NULL,
  `cost` decimal(10,2) DEFAULT NULL,
  PRIMARY KEY (`id`)
) ENGINE=MyISAM  DEFAULT CHARSET=latin1 COLLATE=latin1_general_ci ROW_FORMAT=DYNAMIC AUTO_INCREMENT=4 ;

--
-- Dumping data for table `requesttype`
--

INSERT INTO `requesttype` (`id`, `name`, `cost`) VALUES
(1, 'Valuation', 5000.00),
(2, 'Land Search', 2000.00),
(3, 'Company Search', 1000.00);

-- --------------------------------------------------------

--
-- Table structure for table `requisition`
--

CREATE TABLE IF NOT EXISTS `requisition` (
  `id` int(10) NOT NULL AUTO_INCREMENT,
  `emp` int(10) NOT NULL,
  `job` int(10) NOT NULL,
  `request` varchar(50) COLLATE latin1_general_ci NOT NULL,
  `descr` text COLLATE latin1_general_ci NOT NULL,
  `status` varchar(50) COLLATE latin1_general_ci NOT NULL,
  `cost` decimal(10,2) NOT NULL,
  `wdate` timestamp NOT NULL DEFAULT CURRENT_TIMESTAMP ON UPDATE CURRENT_TIMESTAMP,
  `client` int(10) NOT NULL,
  `comment` varchar(50) COLLATE latin1_general_ci DEFAULT NULL,
  `oldamount` decimal(10,2) NOT NULL DEFAULT '0.00',
  `issuedby` int(10) DEFAULT NULL,
  `idate` date DEFAULT NULL,
  `cmnt` text COLLATE latin1_general_ci,
  `rtype` int(10) DEFAULT NULL,
  PRIMARY KEY (`id`),
  KEY `authcode` (`cost`)
) ENGINE=MyISAM  DEFAULT CHARSET=latin1 COLLATE=latin1_general_ci AUTO_INCREMENT=16 ;

--
-- Dumping data for table `requisition`
--

INSERT INTO `requisition` (`id`, `emp`, `job`, `request`, `descr`, `status`, `cost`, `wdate`, `client`, `comment`, `oldamount`, `issuedby`, `idate`, `cmnt`, `rtype`) VALUES
(2, 40, 691, 'test', 'test', 'Rejected', 500.00, '2010-05-15 15:09:33', 205, 'test', 500.00, 40, '2010-04-21', 'ok', 1),
(3, 40, 691, 'testy', 'ghdgthfh', 'Pending', 877.00, '2010-04-10 15:13:02', 205, '5467yug', 877.00, NULL, NULL, NULL, 2),
(4, 40, 691, 'fare to and fro', 'visiting mr jumas prmise to collect title deed', 'Pending', 500.00, '2010-04-10 15:18:21', 205, 'dsfgsdh', 500.00, NULL, NULL, NULL, 1),
(5, 40, 690, '123', 'This is fine for me', 'Pending', 500.00, '2010-04-21 16:32:33', 141, 'okay', 0.00, NULL, NULL, NULL, 1),
(6, 40, 691, 'This is ok', 'This is fine', 'Pending', 500.00, '2010-04-21 16:40:40', 205, 'This is fine', 0.00, NULL, NULL, NULL, 1),
(7, 40, 691, '1000', 'this is mine', 'Pending Finance', 500.00, '2010-04-24 15:34:47', 205, 'this is mine', 0.00, NULL, NULL, NULL, 1),
(8, 40, 4, 'This is my newest request', 'Pay for my new rates', 'Issued', 500.00, '2010-04-24 10:35:43', 3, 'This must be excellent', 0.00, 40, '2010-04-24', 'Please issue the money now. It''s ok.', 1),
(9, 40, 697, 'thx', 'sema', 'Rejected', 500.00, '2010-04-24 10:54:34', 3, 'this is fine', 0.00, NULL, NULL, NULL, 1),
(10, 40, 7, 'For LR 2123', 'urgent', 'Issued', 1000.00, '2010-04-24 15:31:50', 3, 'my comments', 0.00, 40, '2010-04-24', 'given out', 2),
(11, 40, 7, 'Lunch with my prospect', 'This is fine', 'Issued', 2000.00, '2010-04-24 15:33:45', 3, 'this is fine', 0.00, 40, '2010-04-24', 'Given to Faith', 2),
(12, 40, 4, 'My request', 'This is my fisrt', 'Issued', 1000.00, '2010-04-26 10:33:25', 3, 'My new comments', 0.00, 40, '2010-04-26', 'Issued to MR. Y', 3),
(13, 40, 702, 'Request done very well', 'This request has been fullfilled', 'Issued', 1000.00, '2010-05-27 19:27:46', 248, 'Thanks to you all', 0.00, 40, '2010-05-27', 'The money is being processed just now. Please check with us just now.', 3),
(14, 40, 7, 'Title fee', 'title deed fee', 'Pending', 1000.00, '2010-06-07 16:55:52', 3, 'bfg', 0.00, NULL, NULL, NULL, 3),
(15, 40, 4, 'Valuation cost', 'money for valuation', 'Pending Finance', 5000.00, '2010-08-05 10:54:30', 3, 'ok', 0.00, NULL, NULL, NULL, 1);

-- --------------------------------------------------------

--
-- Table structure for table `requisitions`
--

CREATE TABLE IF NOT EXISTS `requisitions` (
  `id` int(10) NOT NULL AUTO_INCREMENT,
  `requestedby` int(10) DEFAULT NULL,
  `tdate` timestamp NULL DEFAULT CURRENT_TIMESTAMP,
  `status` varchar(50) COLLATE latin1_general_ci DEFAULT NULL,
  `description` text COLLATE latin1_general_ci,
  `issuedby` varchar(50) COLLATE latin1_general_ci DEFAULT NULL,
  `issuedate` date DEFAULT NULL,
  `applevel` varchar(50) COLLATE latin1_general_ci DEFAULT NULL,
  `nextappr` varchar(50) COLLATE latin1_general_ci DEFAULT NULL,
  `tcost` int(10) DEFAULT NULL,
  `qty` int(10) DEFAULT NULL,
  `comment` text COLLATE latin1_general_ci,
  `pstatus` varchar(10) COLLATE latin1_general_ci NOT NULL DEFAULT 'N',
  `pdate` date DEFAULT NULL,
  `paidby` int(10) DEFAULT NULL,
  `chkno` varchar(50) COLLATE latin1_general_ci DEFAULT NULL,
  `bank` varchar(50) COLLATE latin1_general_ci DEFAULT NULL,
  `reqtype` int(10) DEFAULT NULL,
  `rno` int(10) DEFAULT NULL,
  `imgurl` varchar(50) COLLATE latin1_general_ci DEFAULT NULL,
  PRIMARY KEY (`id`)
) ENGINE=MyISAM  DEFAULT CHARSET=latin1 COLLATE=latin1_general_ci AUTO_INCREMENT=6 ;

--
-- Dumping data for table `requisitions`
--

INSERT INTO `requisitions` (`id`, `requestedby`, `tdate`, `status`, `description`, `issuedby`, `issuedate`, `applevel`, `nextappr`, `tcost`, `qty`, `comment`, `pstatus`, `pdate`, `paidby`, `chkno`, `bank`, `reqtype`, `rno`, `imgurl`) VALUES
(1, 0, '2010-04-14 18:33:06', 'Pending Approval', 'jsdfghjghsdjfgjksd', NULL, NULL, 'D', NULL, 5464, NULL, NULL, 'N', NULL, NULL, NULL, NULL, NULL, NULL, '../recdocs/2docman.doc'),
(2, 0, '2010-04-14 18:33:46', 'Pending Approval', 'gfghfghfghjkgjk', NULL, NULL, 'D', NULL, 777, NULL, NULL, 'N', NULL, NULL, NULL, NULL, NULL, NULL, '../recdocs/2logo.doc'),
(3, 40, '2010-05-24 10:39:31', 'Pending Approval', 'New paper prints', NULL, NULL, 'D', '17', 1000, NULL, NULL, 'N', NULL, NULL, NULL, NULL, NULL, NULL, NULL),
(4, 40, '2010-05-24 10:40:44', 'Pending Approval', 'my second requis', NULL, NULL, 'D', '17', 100, NULL, NULL, 'N', NULL, NULL, NULL, NULL, NULL, NULL, '../recdocs/2st pius xseminary.jpg'),
(5, 40, '2010-05-26 07:52:48', 'Pending Approval', 'my new req', NULL, NULL, 'D', '17', 1000, NULL, NULL, 'N', NULL, NULL, NULL, NULL, NULL, NULL, NULL);

-- --------------------------------------------------------

--
-- Table structure for table `specificfile`
--

CREATE TABLE IF NOT EXISTS `specificfile` (
  `id` int(10) NOT NULL AUTO_INCREMENT,
  `filename` varchar(50) CHARACTER SET latin1 COLLATE latin1_general_ci DEFAULT NULL,
  `dateopened` timestamp NOT NULL DEFAULT CURRENT_TIMESTAMP,
  `client` int(10) DEFAULT NULL,
  `openedby` varchar(50) CHARACTER SET latin1 COLLATE latin1_general_ci DEFAULT NULL,
  `num` int(11) NOT NULL DEFAULT '2',
  `dept` varchar(10) CHARACTER SET latin1 COLLATE latin1_general_ci DEFAULT NULL,
  `ctype` varchar(10) CHARACTER SET latin1 COLLATE latin1_general_ci DEFAULT NULL,
  `importance` varchar(10) CHARACTER SET latin1 COLLATE latin1_general_ci DEFAULT NULL,
  `jno` int(10) DEFAULT NULL,
  `ft` varchar(10) CHARACTER SET latin1 COLLATE latin1_general_ci DEFAULT NULL,
  `name` varchar(50) CHARACTER SET latin1 COLLATE latin1_general_ci DEFAULT NULL,
  PRIMARY KEY (`id`)
) ENGINE=MyISAM  DEFAULT CHARSET=latin1 AUTO_INCREMENT=350 ;

--
-- Dumping data for table `specificfile`
--

INSERT INTO `specificfile` (`id`, `filename`, `dateopened`, `client`, `openedby`, `num`, `dept`, `ctype`, `importance`, `jno`, `ft`, `name`) VALUES
(1, 'AF/DI2YNB/003', '2010-03-10 18:37:55', 3, '1', 2, 'D', 'I', 'Y', NULL, NULL, NULL),
(2, 'AF/DG3YNB/003', '2010-03-10 19:08:34', 3, '1', 3, 'D', 'G', 'Y', NULL, NULL, NULL),
(3, 'AH/DL2YNB/670', '2010-03-13 10:04:15', 670, '1', 2, 'D', 'L', 'Y', NULL, NULL, NULL),
(4, 'AH/DL3YNB/670', '2010-03-13 13:32:49', 670, '1', 3, 'D', 'L', 'Y', NULL, NULL, NULL),
(5, 'AH/DL4YNB/670', '2010-03-13 13:34:49', 670, '1', 4, 'D', 'L', 'Y', NULL, NULL, NULL),
(6, 'AP/DL2YNB/302', '2010-03-13 20:22:23', 302, '1', 2, 'D', 'L', 'Y', NULL, NULL, NULL),
(7, 'AH/DL2YNB/389', '2010-03-13 20:30:23', 389, '1', 2, 'D', 'L', 'Y', NULL, NULL, NULL),
(8, 'SE/DG2YNB/710', '2010-03-17 19:53:57', 710, '80152', 2, 'D', 'G', 'Y', NULL, NULL, NULL),
(9, 'AF/DI11YNB/004/14', '2010-03-17 19:56:04', 4, '80152', 2, 'D', 'I', 'Y', NULL, NULL, 'Ambank House ltd'),
(10, 'AH/DL2YNB/389', '2010-03-17 20:15:52', 389, '80152', 2, 'D', 'L', 'Y', NULL, NULL, NULL),
(11, 'AW/DP2YNB/815', '2010-03-17 20:21:12', 815, '80152', 2, 'D', 'P', 'Y', NULL, NULL, NULL),
(12, 'AN/DP2YNB/746', '2010-03-17 20:29:08', 746, '80152', 2, 'D', 'P', 'Y', NULL, NULL, NULL),
(15, 'AP/DL2YNB/719', '2010-03-18 12:18:03', 719, '80152', 2, 'D', 'L', 'Y', NULL, NULL, NULL),
(14, 'AN/DP3YNB/746', '2010-03-17 20:31:12', 746, '80152', 4, 'D', 'P', 'Y', NULL, NULL, NULL),
(16, 'AS/DL2YNB/716', '2010-03-18 16:01:57', 716, '80152', 2, 'D', 'L', 'Y', NULL, NULL, NULL),
(17, 'AP/DL2YNB/273', '2010-03-18 16:05:41', 273, '80152', 2, 'D', 'L', 'Y', NULL, NULL, NULL),
(18, 'AP/DL3YNB/273', '2010-03-18 16:14:48', 273, '80152', 3, 'D', 'L', 'Y', NULL, NULL, NULL),
(19, 'AD/DG2YNB/224', '2010-03-18 16:19:08', 224, '80152', 2, 'D', 'G', 'Y', NULL, NULL, NULL),
(20, 'AV/DL2YNB/305', '2010-03-18 16:23:38', 305, '80152', 2, 'D', 'L', 'Y', NULL, NULL, NULL),
(21, 'AC/DL2YNB/009', '2010-03-18 16:45:34', 9, '80152', 2, 'D', 'L', 'Y', NULL, NULL, NULL),
(22, 'JK/DG2YNB/354', '2010-03-18 17:15:33', 354, '80152', 2, 'D', 'G', 'Y', NULL, NULL, NULL),
(23, 'JK/DG3YNB/354', '2010-03-18 17:18:33', 354, '80152', 3, 'D', 'G', 'Y', NULL, NULL, NULL),
(24, 'JK/DG4YNB/354', '2010-03-18 17:22:00', 354, '80152', 4, 'D', 'G', 'Y', NULL, NULL, NULL),
(25, 'JK/DG5YNB/354', '2010-03-18 17:26:08', 354, '80152', 5, 'D', 'G', 'Y', NULL, NULL, NULL),
(26, 'JK/DG6YNB/354', '2010-03-18 17:30:25', 354, '80152', 6, 'D', 'G', 'Y', NULL, NULL, NULL),
(27, 'JK/DL7YNB/354', '2010-03-18 17:33:19', 354, '80152', 7, 'D', 'L', 'Y', NULL, NULL, NULL),
(28, 'AB/DP2YNB/464', '2010-03-18 17:55:34', 464, '80152', 2, 'D', 'P', 'Y', NULL, NULL, NULL),
(29, 'AC/DL2YNB/516', '2010-03-18 18:27:52', 516, '80152', 2, 'D', 'L', 'Y', NULL, NULL, NULL),
(30, 'AS/DL2YNB/014', '2010-03-18 18:31:11', 14, '80152', 2, 'D', 'L', 'Y', NULL, NULL, NULL),
(31, 'AS/DL3YNB/014', '2010-03-18 18:32:44', 14, '80152', 3, 'D', 'L', 'Y', NULL, NULL, NULL),
(32, 'AS/DL4YNB/014', '2010-03-18 18:35:11', 14, '80152', 4, 'D', 'L', 'Y', NULL, NULL, NULL),
(33, 'AS/DL5YNB/014', '2010-03-18 18:36:55', 14, '80152', 5, 'D', 'L', 'Y', NULL, NULL, NULL),
(34, 'AS/DL6YNB/014', '2010-03-18 18:38:40', 14, '80152', 6, 'D', 'L', 'Y', NULL, NULL, NULL),
(35, 'AH/DG2YNB/418', '2010-03-18 18:41:03', 418, '80152', 2, 'D', 'G', 'Y', NULL, NULL, NULL),
(36, 'AH/DL3YNB/418', '2010-03-18 18:43:06', 418, '80152', 3, 'D', 'L', 'Y', NULL, NULL, NULL),
(37, 'AM/DL2YNB/481', '2010-03-18 18:46:19', 481, '80152', 2, 'D', 'L', 'Y', NULL, NULL, NULL),
(38, 'AM/DL3YNB/481', '2010-03-18 18:52:33', 481, '80152', 3, 'D', 'L', 'Y', NULL, NULL, NULL),
(39, 'AM/DL4YNB/481', '2010-03-18 20:22:11', 481, '80152', 4, 'D', 'L', 'Y', NULL, NULL, NULL),
(40, 'AM/DL6YNB/481', '2010-03-18 20:27:38', 481, '80152', 6, 'D', 'L', 'Y', NULL, NULL, NULL),
(41, 'AM/DL7YNB/481', '2010-03-18 20:29:55', 481, '80152', 7, 'D', 'L', 'Y', NULL, NULL, NULL),
(42, 'AM/DL8YNB/481', '2010-03-18 20:36:35', 481, '80152', 8, 'D', 'L', 'Y', NULL, NULL, NULL),
(44, 'AA/DL2YNB/018', '2010-03-18 21:07:12', 18, '80152', 2, 'D', 'L', 'Y', NULL, NULL, NULL),
(45, 'BM/DP2YNB/027', '2010-03-20 09:21:01', 27, '80152', 2, 'D', 'P', 'Y', NULL, NULL, NULL),
(46, 'BM/DL3YNB/027', '2010-03-20 09:24:00', 27, '80152', 3, 'D', 'L', 'Y', NULL, NULL, NULL),
(47, 'BL/DG3YNB/021', '2010-03-20 09:26:03', 21, '80152', 2, 'D', 'G', 'Y', NULL, NULL, NULL),
(48, 'BH/DL3YNB/356', '2010-03-20 09:34:22', 356, '80152', 3, 'D', 'L', 'Y', NULL, NULL, NULL),
(49, 'BH/DL4YNB/356', '2010-03-20 09:38:33', 356, '80152', 4, 'D', 'L', 'Y', NULL, NULL, NULL),
(50, 'BH/DL5YNB/356', '2010-03-20 09:48:10', 356, '80152', 5, 'D', 'L', 'Y', NULL, NULL, NULL),
(51, 'BH/DL6YNB/356', '2010-03-20 09:51:03', 356, '80152', 6, 'D', 'L', 'Y', NULL, NULL, NULL),
(52, 'BP/DL2YNB/024', '2010-03-20 10:00:40', 24, '80152', 2, 'D', 'L', 'Y', NULL, NULL, NULL),
(53, 'BP/DL3YNB/024', '2010-03-20 10:03:15', 24, '80152', 3, 'D', 'L', 'Y', NULL, NULL, NULL),
(54, 'BP/DL4YNB/024', '2010-03-20 10:04:24', 24, '80152', 4, 'D', 'L', 'Y', NULL, NULL, NULL),
(55, 'BP/DL5YNB/024', '2010-03-20 10:06:34', 24, '80152', 5, 'D', 'L', 'Y', NULL, NULL, NULL),
(56, 'BP/DL6YNB/024', '2010-03-20 10:08:10', 24, '80152', 6, 'D', 'L', 'Y', NULL, NULL, NULL),
(57, 'BP/DL7YNB/024', '2010-03-20 10:09:47', 24, '80152', 7, 'D', 'L', 'Y', NULL, NULL, NULL),
(58, 'BP/DL8YNB/024', '2010-03-20 10:14:36', 24, '80152', 8, 'D', 'L', 'Y', NULL, NULL, NULL),
(59, 'BP/DL9YNB/024', '2010-03-20 10:16:09', 24, '80152', 9, 'D', 'L', 'Y', NULL, NULL, NULL),
(60, 'BP/DL10YNB/024', '2010-03-20 10:23:13', 24, '80152', 10, 'D', 'L', 'Y', NULL, NULL, NULL),
(61, 'BP/DL11YNB/024', '2010-03-20 10:24:50', 24, '80152', 11, 'D', 'L', 'Y', NULL, NULL, NULL),
(62, 'BP/DL12YNB/024', '2010-03-20 10:26:26', 24, '80152', 12, 'D', 'L', 'Y', NULL, NULL, NULL),
(63, 'BP/DL13YNB/024', '2010-03-20 10:28:02', 24, '80152', 13, 'D', 'L', 'Y', NULL, NULL, NULL),
(64, 'BB/DG3YNB/613', '2010-03-20 10:40:51', 613, '80152', 2, 'D', 'G', 'Y', NULL, NULL, NULL),
(65, 'BM/DP3YNB/025', '2010-03-20 10:48:42', 25, '80152', 2, 'D', 'P', 'Y', NULL, NULL, NULL),
(66, 'BE/DP2YNB/497', '2010-03-20 11:03:07', 497, '80152', 2, 'D', 'P', 'Y', NULL, NULL, NULL),
(67, 'BE/DP3YNB/497', '2010-03-20 11:07:02', 497, '80152', 3, 'D', 'P', 'Y', NULL, NULL, NULL),
(68, 'BE/DP5YNB/497', '2010-03-20 11:08:48', 497, '80152', 5, 'D', 'P', 'Y', NULL, NULL, NULL),
(69, 'BE/DP7YNB/497', '2010-03-20 11:11:39', 497, '80152', 7, 'D', 'P', 'Y', NULL, NULL, NULL),
(70, 'BE/DP4YNB/497', '2010-03-20 11:15:16', 497, '80152', 4, 'D', 'P', 'Y', NULL, NULL, NULL),
(71, 'BE/DL8YNB/497', '2010-03-20 11:19:48', 497, '80152', 8, 'D', 'L', 'Y', NULL, NULL, NULL),
(72, 'BT/DL2YNB/026', '2010-03-20 11:21:54', 26, '80152', 2, 'D', 'L', 'Y', NULL, NULL, NULL),
(73, 'BT/DL3YNB/026', '2010-03-20 11:23:27', 26, '80152', 3, 'D', 'L', 'Y', NULL, NULL, NULL),
(74, 'BE/DL4YNB/532', '2010-03-20 11:29:28', 532, '80152', 2, 'D', 'L', 'Y', NULL, NULL, NULL),
(75, 'BI/DL2YNB/030', '2010-03-20 11:37:05', 30, '80152', 2, 'D', 'L', 'Y', NULL, NULL, NULL),
(76, 'BI/DL3YNB/030', '2010-03-20 11:38:55', 30, '80152', 3, 'D', 'L', 'Y', NULL, NULL, NULL),
(77, 'BI/DL4YNB/030', '2010-03-20 11:43:15', 30, '80152', 4, 'D', 'L', 'Y', NULL, NULL, NULL),
(78, 'BK/DL2YNB/031', '2010-03-20 11:45:20', 31, '80152', 2, 'D', 'L', 'Y', NULL, NULL, NULL),
(79, 'BL/DL2YNB/345', '2010-03-20 11:47:39', 345, '80152', 2, 'D', 'L', 'Y', NULL, NULL, NULL),
(80, 'BL/DL3YNB/345', '2010-03-20 11:49:51', 345, '80152', 3, 'D', 'L', 'Y', NULL, NULL, NULL),
(81, 'BL/DL4YNB/345', '2010-03-20 11:51:26', 345, '80152', 4, 'D', 'L', 'Y', NULL, NULL, NULL),
(82, 'BE/DP2YNB/342', '2010-03-20 12:53:02', 342, '80152', 2, 'D', 'P', 'Y', NULL, NULL, NULL),
(83, 'BE/DL3YNB/342', '2010-03-20 12:56:23', 342, '80152', 3, 'D', 'L', 'Y', NULL, NULL, NULL),
(84, 'BH/DL2YNB/433', '2010-03-20 12:59:47', 433, '80152', 2, 'D', 'L', 'Y', NULL, NULL, NULL),
(85, 'BV/DL2YNB/035', '2010-03-20 13:09:36', 35, '80152', 2, 'D', 'L', 'Y', NULL, NULL, NULL),
(87, 'BV/DG3YNB/035', '2010-03-20 13:18:18', 35, '80152', 3, 'D', 'G', 'Y', NULL, NULL, NULL),
(88, 'BE/DL2YNB/352', '2010-03-20 13:22:49', 352, '80152', 2, 'D', 'L', 'Y', NULL, NULL, NULL),
(89, 'BE/DL2YNB/548', '2010-03-20 14:19:08', 548, '80152', 2, 'D', 'L', 'Y', NULL, NULL, NULL),
(90, 'CA/DL3YNB/633', '2010-03-20 14:27:02', 633, '80152', 3, 'D', 'L', 'Y', NULL, NULL, NULL),
(91, 'CS/DL2YNB/551', '2010-03-20 14:33:56', 551, '80152', 2, 'D', 'L', 'Y', NULL, NULL, NULL),
(92, 'CL/DL2YNB/036', '2010-03-20 14:37:59', 36, '80152', 2, 'D', 'L', 'Y', NULL, NULL, NULL),
(93, 'CL/DL3YNB/036', '2010-03-20 14:39:54', 36, '80152', 3, 'D', 'L', 'Y', NULL, NULL, NULL),
(94, 'CP/DL2YNB/037', '2010-03-20 14:41:57', 37, '80152', 2, 'D', 'L', 'Y', NULL, NULL, NULL),
(96, 'CS/DL3YNB/038', '2010-03-20 14:47:41', 38, '80152', 3, 'D', 'L', 'Y', NULL, NULL, NULL),
(97, 'CC/DL2YNB/040', '2010-03-20 14:50:21', 40, '80152', 2, 'D', 'L', 'Y', NULL, NULL, NULL),
(98, 'CL/DL2YNB/379', '2010-03-20 14:53:21', 379, '80152', 2, 'D', 'L', 'Y', NULL, NULL, NULL),
(99, 'CL/DL3YNB/379', '2010-03-20 14:54:44', 379, '80152', 3, 'D', 'L', 'Y', NULL, NULL, NULL),
(100, 'CL/DL4YNB/379', '2010-03-20 14:56:12', 379, '80152', 4, 'D', 'L', 'Y', NULL, NULL, NULL),
(101, 'CL/DL5YNB/379', '2010-03-20 14:57:28', 379, '80152', 5, 'D', 'L', 'Y', NULL, NULL, NULL),
(102, 'CL/DL6YNB/379', '2010-03-20 14:59:19', 379, '80152', 6, 'D', 'L', 'Y', NULL, NULL, NULL),
(103, 'CL/DL7YNB/379', '2010-03-20 15:00:40', 379, '80152', 7, 'D', 'L', 'Y', NULL, NULL, NULL),
(104, 'CP/DL2YNB/045', '2010-03-20 15:09:14', 45, '80152', 2, 'D', 'L', 'Y', NULL, NULL, NULL),
(105, 'CI/DL2YNB/380', '2010-03-20 15:13:37', 380, '80152', 2, 'D', 'L', 'Y', NULL, NULL, NULL),
(106, 'CI/DL3YNB/380', '2010-03-20 15:15:51', 380, '80152', 3, 'D', 'L', 'Y', NULL, NULL, NULL),
(107, 'CI/DL4YNB/380', '2010-03-20 15:38:47', 380, '80152', 4, 'D', 'L', 'Y', NULL, NULL, NULL),
(108, 'CI/DL5YNB/380', '2010-03-20 15:40:48', 380, '80152', 5, 'D', 'L', 'Y', NULL, NULL, NULL),
(109, 'CI/DL6YNB/380', '2010-03-20 15:42:07', 380, '80152', 6, 'D', 'L', 'Y', NULL, NULL, NULL),
(110, 'CI/DL7YNB/380', '2010-03-20 15:43:26', 380, '80152', 7, 'D', 'L', 'Y', NULL, NULL, NULL),
(111, 'CI/DL8YNB/380', '2010-03-20 15:44:38', 380, '80152', 8, 'D', 'L', 'Y', NULL, NULL, NULL),
(112, 'CI/DL2YNB/049', '2010-03-20 15:53:14', 49, '80152', 2, 'D', 'L', 'Y', NULL, NULL, NULL),
(113, 'CI/DL3YNB/049', '2010-03-20 15:58:26', 49, '80152', 3, 'D', 'L', 'Y', NULL, NULL, NULL),
(114, 'CI/DL4YNB/049', '2010-03-20 15:59:32', 49, '80152', 4, 'D', 'L', 'Y', NULL, NULL, NULL),
(116, 'CM/DL2YNB/364', '2010-03-20 16:05:17', 364, '80152', 2, 'D', 'L', 'Y', NULL, NULL, NULL),
(117, 'CM/DL3YNB/364', '2010-03-20 16:06:20', 364, '80152', 3, 'D', 'L', 'Y', NULL, NULL, NULL),
(118, 'CO/DL2YNB/372', '2010-03-20 16:18:45', 372, '80152', 2, 'D', 'L', 'Y', NULL, NULL, NULL),
(119, 'CO/DL3YNB/372', '2010-03-20 16:20:07', 372, '80152', 3, 'D', 'L', 'Y', NULL, NULL, NULL),
(120, 'CS/DL2YNB/286', '2010-03-20 16:22:27', 286, '80152', 2, 'D', 'L', 'Y', NULL, NULL, NULL),
(121, 'CS/DL4YNB/286', '2010-03-20 16:45:43', 286, '80152', 4, 'D', 'L', 'Y', NULL, NULL, NULL),
(122, 'CS/DL5YNB/286', '2010-03-20 16:48:52', 286, '80152', 5, 'D', 'L', 'Y', NULL, NULL, NULL),
(123, 'CC/DL2YNB/495', '2010-03-20 16:51:27', 495, '80152', 2, 'D', 'L', 'Y', NULL, NULL, NULL),
(125, 'CC/DL2YNB/289', '2010-03-20 17:24:28', 289, '80152', 2, 'D', 'L', 'Y', NULL, NULL, NULL),
(128, 'BP/DG14YNB/024', '2010-03-21 09:00:46', 24, '80152', 14, 'D', 'G', 'Y', NULL, NULL, NULL),
(129, 'AF/DI11YNB/004/14', '2010-03-22 08:09:46', 4, '80152', 3, 'D', 'I', 'Y', NULL, NULL, 'Ambank House ltd'),
(130, 'CP/DG2YNB/482', '2010-03-23 18:22:38', 482, '80152', 2, 'D', 'G', 'Y', NULL, NULL, NULL),
(131, 'CC/DL2YNB/496', '2010-03-23 18:26:35', 496, '80152', 2, 'D', 'L', 'Y', NULL, NULL, NULL),
(132, 'CC/DL3YNB/496', '2010-03-23 18:28:31', 496, '80152', 3, 'D', 'L', 'Y', NULL, NULL, NULL),
(133, 'CC/DL4YNB/496', '2010-03-23 18:35:50', 496, '80152', 4, 'D', 'L', 'Y', NULL, NULL, NULL),
(134, 'CC/DL5YNB/496', '2010-03-23 18:38:09', 496, '80152', 5, 'D', 'L', 'Y', NULL, NULL, NULL),
(135, 'DL/DG2YNB/500', '2010-03-23 18:40:05', 500, '80152', 2, 'D', 'G', 'Y', NULL, NULL, NULL),
(136, 'DL/DG3YNB/500', '2010-03-23 18:41:51', 500, '80152', 3, 'D', 'G', 'Y', NULL, NULL, NULL),
(137, 'DL/DL4YNB/500', '2010-03-23 18:43:35', 500, '80152', 4, 'D', 'L', 'Y', NULL, NULL, NULL),
(138, 'DW/DG2YNB/536', '2010-03-23 19:46:19', 536, '80152', 2, 'D', 'G', 'Y', NULL, NULL, NULL),
(139, 'DS/DG2YNB/614', '2010-03-23 19:50:55', 614, '80152', 2, 'D', 'G', 'Y', NULL, NULL, NULL),
(140, 'DH/DL2YNB/473', '2010-03-23 19:58:40', 473, '80152', 2, 'D', 'L', 'Y', NULL, NULL, NULL),
(141, 'DF/DG2YNB/615', '2010-03-23 20:00:12', 615, '80152', 2, 'D', 'G', 'Y', NULL, NULL, NULL),
(142, 'DF/DL3YNB/615', '2010-03-23 20:01:48', 615, '80152', 3, 'D', 'L', 'Y', NULL, NULL, NULL),
(143, 'DF/DL4YNB/615', '2010-03-23 20:03:18', 615, '80152', 4, 'D', 'L', 'Y', NULL, NULL, NULL),
(144, 'DC/DL2YNB/523', '2010-03-23 20:09:35', 523, '80152', 2, 'D', 'L', 'Y', NULL, NULL, NULL),
(145, 'DC/DL3YNB/523', '2010-03-23 20:11:05', 523, '80152', 3, 'D', 'L', 'Y', NULL, NULL, NULL),
(146, 'DC/DL4YNB/523', '2010-03-23 20:16:38', 523, '80152', 4, 'D', 'L', 'Y', NULL, NULL, NULL),
(147, 'DC/DL2YNB/559', '2010-03-24 06:41:46', 559, '80152', 2, 'D', 'L', 'Y', NULL, NULL, NULL),
(148, 'DC/DL3YNB/559', '2010-03-24 06:43:24', 559, '80152', 3, 'D', 'L', 'Y', NULL, NULL, NULL),
(149, 'DC/DL4YNB/559', '2010-03-24 06:45:00', 559, '80152', 4, 'D', 'L', 'Y', NULL, NULL, NULL),
(150, 'DC/DL5YNB/559', '2010-03-24 06:46:02', 559, '80152', 5, 'D', 'L', 'Y', NULL, NULL, NULL),
(151, 'DC/DL6YNB/559', '2010-03-24 06:47:09', 559, '80152', 6, 'D', 'L', 'Y', NULL, NULL, NULL),
(152, 'DC/DL7YNB/559', '2010-03-24 06:48:11', 559, '80152', 7, 'D', 'L', 'Y', NULL, NULL, NULL),
(153, 'EG/DL2YNB/293', '2010-03-24 07:01:12', 293, '80152', 2, 'D', 'L', 'Y', NULL, NULL, NULL),
(154, 'EG/DL3YNB/293', '2010-03-24 07:02:51', 293, '80152', 3, 'D', 'L', 'Y', NULL, NULL, NULL),
(156, 'EO/DL2YNB/333', '2010-03-24 07:09:50', 333, '80152', 2, 'D', 'L', 'Y', NULL, NULL, NULL),
(157, 'EO/DL3YNB/333', '2010-03-24 07:11:10', 333, '80152', 3, 'D', 'L', 'Y', NULL, NULL, NULL),
(158, 'EO/DL4YNB/333', '2010-03-24 07:12:33', 333, '80152', 4, 'D', 'L', 'Y', NULL, NULL, NULL),
(159, 'EO/DL5YNB/333', '2010-03-24 07:14:58', 333, '80152', 5, 'D', 'L', 'Y', NULL, NULL, NULL),
(160, 'EO/DL6YNB/333', '2010-03-24 07:16:10', 333, '80152', 6, 'D', 'L', 'Y', NULL, NULL, NULL),
(161, 'EO/DL7YNB/333', '2010-03-24 07:17:25', 333, '80152', 7, 'D', 'L', 'Y', NULL, NULL, NULL),
(162, 'EO/DL8YNB/333', '2010-03-24 07:18:32', 333, '80152', 8, 'D', 'L', 'Y', NULL, NULL, NULL),
(163, 'ET/DL2YNB/334', '2010-03-24 07:20:02', 334, '80152', 2, 'D', 'L', 'Y', NULL, NULL, NULL),
(164, 'ET/DL3YNB/334', '2010-03-24 07:26:23', 334, '80152', 3, 'D', 'L', 'Y', NULL, NULL, NULL),
(165, 'ET/DL4YNB/334', '2010-03-24 07:28:56', 334, '80152', 4, 'D', 'L', 'Y', NULL, NULL, NULL),
(166, 'ET/DL5YNB/334', '2010-03-24 07:30:34', 334, '80152', 5, 'D', 'L', 'Y', NULL, NULL, NULL),
(167, 'EG/DL4YNB/293', '2010-03-24 07:32:00', 293, '80152', 4, 'D', 'L', 'Y', NULL, NULL, NULL),
(168, 'EB/DL2YNB/566', '2010-03-24 07:40:00', 566, '80152', 2, 'D', 'L', 'Y', NULL, NULL, NULL),
(169, 'EB/DL3YNB/566', '2010-03-24 07:40:52', 566, '80152', 3, 'D', 'L', 'Y', NULL, NULL, NULL),
(170, 'EB/DL4YNB/566', '2010-03-24 07:42:03', 566, '80152', 4, 'D', 'L', 'Y', NULL, NULL, NULL),
(171, 'EB/DL5YNB/566', '2010-03-24 07:43:07', 566, '80152', 5, 'D', 'L', 'Y', NULL, NULL, NULL),
(172, 'EB/DL6YNB/566', '2010-03-24 07:44:17', 566, '80152', 6, 'D', 'L', 'Y', NULL, NULL, NULL),
(173, 'EB/DL7YNB/566', '2010-03-24 07:45:26', 566, '80152', 7, 'D', 'L', 'Y', NULL, NULL, NULL),
(174, 'EB/DL8YNB/566', '2010-03-24 07:46:30', 566, '80152', 8, 'D', 'L', 'Y', NULL, NULL, NULL),
(175, 'EB/DL9YNB/566', '2010-03-24 07:47:32', 566, '80152', 9, 'D', 'L', 'Y', NULL, NULL, NULL),
(176, 'EB/DL10YNB/566', '2010-03-24 07:50:56', 566, '80152', 10, 'D', 'L', 'Y', NULL, NULL, NULL),
(177, 'EB/DL11YNB/566', '2010-03-24 10:04:48', 566, '80152', 11, 'D', 'L', 'Y', NULL, NULL, NULL),
(178, 'EB/DL12YNB/566', '2010-03-24 10:06:32', 566, '80152', 12, 'D', 'L', 'Y', NULL, NULL, NULL),
(179, 'EB/DL13YNB/566', '2010-03-24 10:08:28', 566, '80152', 13, 'D', 'L', 'Y', NULL, NULL, NULL),
(180, 'EB/DL14YNB/566', '2010-03-24 10:10:04', 566, '80152', 14, 'D', 'L', 'Y', NULL, NULL, NULL),
(181, 'EP/DL2YNB/541', '2010-03-24 10:12:32', 541, '80152', 2, 'D', 'L', 'Y', NULL, NULL, NULL),
(182, 'EP/DL3YNB/541', '2010-03-24 10:13:51', 541, '80152', 3, 'D', 'L', 'Y', NULL, NULL, NULL),
(183, 'EP/DL4YNB/541', '2010-03-24 10:15:24', 541, '80152', 4, 'D', 'L', 'Y', NULL, NULL, NULL),
(184, 'EP/DL5YNB/541', '2010-03-24 10:17:46', 541, '80152', 5, 'D', 'L', 'Y', NULL, NULL, NULL),
(185, 'ES/DP2YNB/272', '2010-03-24 10:24:11', 272, '80152', 2, 'D', 'P', 'Y', NULL, NULL, NULL),
(186, 'ES/DP3YNB/272', '2010-03-24 19:37:37', 272, '80152', 3, 'D', 'P', 'Y', NULL, NULL, NULL),
(187, 'ES/DP4YNB/272', '2010-03-24 19:42:02', 272, '80152', 4, 'D', 'P', 'Y', NULL, NULL, NULL),
(188, 'ES/DP5YNB/272', '2010-03-24 19:44:24', 272, '80152', 5, 'D', 'P', 'Y', NULL, NULL, NULL),
(189, 'ES/DP6YNB/272', '2010-03-24 19:46:17', 272, '80152', 6, 'D', 'P', 'Y', NULL, NULL, NULL),
(190, 'ES/DP7YNB/272', '2010-03-24 19:47:46', 272, '80152', 7, 'D', 'P', 'Y', NULL, NULL, NULL),
(191, 'ES/DP8YNB/272', '2010-03-24 19:50:05', 272, '80152', 8, 'D', 'P', 'Y', NULL, NULL, NULL),
(192, 'ES/DP9YNB/272', '2010-03-24 19:51:42', 272, '80152', 9, 'D', 'P', 'Y', NULL, NULL, NULL),
(193, 'ES/DP10YNB/272', '2010-03-24 19:52:48', 272, '80152', 10, 'D', 'P', 'Y', NULL, NULL, NULL),
(194, 'ES/DP11YNB/272', '2010-03-24 19:54:24', 272, '80152', 11, 'D', 'P', 'Y', NULL, NULL, NULL),
(195, 'FS/DL2YNB/648', '2010-03-24 19:56:24', 648, '80152', 2, 'D', 'L', 'Y', NULL, NULL, NULL),
(196, 'FS/DL3YNB/648', '2010-03-24 19:57:46', 648, '80152', 3, 'D', 'L', 'Y', NULL, NULL, NULL),
(197, 'TE/DL2YNB/588', '2010-03-24 20:03:42', 588, '80152', 2, 'D', 'L', 'Y', NULL, NULL, NULL),
(198, 'FB/DL2YNB/343', '2010-03-24 20:19:38', 343, '80152', 2, 'D', 'L', 'Y', NULL, NULL, NULL),
(199, 'FB/DL3YNB/343', '2010-03-24 20:20:49', 343, '80152', 3, 'D', 'L', 'Y', NULL, NULL, NULL),
(200, 'FB/DL4YNB/343', '2010-03-24 20:22:13', 343, '80152', 4, 'D', 'L', 'Y', NULL, NULL, NULL),
(201, 'FB/DL5YNB/343', '2010-03-24 20:23:33', 343, '80152', 5, 'D', 'L', 'Y', NULL, NULL, NULL),
(202, 'FB/DL6YNB/343', '2010-03-24 20:24:57', 343, '80152', 6, 'D', 'L', 'Y', NULL, NULL, NULL),
(203, 'FB/DL7YNB/343', '2010-03-24 20:26:37', 343, '80152', 7, 'D', 'L', 'Y', NULL, NULL, NULL),
(204, 'FB/DL8YNB/343', '2010-03-24 20:28:10', 343, '80152', 8, 'D', 'L', 'Y', NULL, NULL, NULL),
(205, 'FB/DL10YNB/343', '2010-03-24 20:41:50', 343, '80152', 10, 'D', 'L', 'Y', NULL, NULL, NULL),
(206, 'FB/DL11YNB/343', '2010-03-24 20:43:42', 343, '80152', 11, 'D', 'L', 'Y', NULL, NULL, NULL),
(207, 'FB/DL12YNB/343', '2010-03-24 20:45:01', 343, '80152', 12, 'D', 'L', 'Y', NULL, NULL, NULL),
(208, 'FB/DL13YNB/343', '2010-03-24 20:46:53', 343, '80152', 13, 'D', 'L', 'Y', NULL, NULL, NULL),
(209, 'FB/DL14YNB/343', '2010-03-24 20:48:09', 343, '80152', 14, 'D', 'L', 'Y', NULL, NULL, NULL),
(210, 'FB/DL15YNB/343', '2010-03-24 20:49:50', 343, '80152', 15, 'D', 'L', 'Y', NULL, NULL, NULL),
(211, 'FB/DL16YNB/343', '2010-03-24 20:51:55', 343, '80152', 16, 'D', 'L', 'Y', NULL, NULL, NULL),
(212, 'FB/DL18YNB/343', '2010-03-24 20:53:21', 343, '80152', 18, 'D', 'L', 'Y', NULL, NULL, NULL),
(213, 'FB/DL19YNB/343', '2010-03-24 20:56:17', 343, '80152', 19, 'D', 'L', 'Y', NULL, NULL, NULL),
(214, 'GZ/DL2YNB/291', '2010-03-24 21:13:03', 291, '80152', 2, 'D', 'L', 'Y', NULL, NULL, NULL),
(215, 'AP/DL3YNB/719', '2010-03-24 21:16:06', 719, '80152', 3, 'D', 'L', 'Y', NULL, NULL, NULL),
(216, 'GE/DL2YNB/709', '2010-03-24 21:17:40', 709, '80152', 2, 'D', 'L', 'Y', NULL, NULL, NULL),
(217, 'GA/DL2YNB/430', '2010-03-24 21:19:51', 430, '80152', 2, 'D', 'L', 'Y', NULL, NULL, NULL),
(218, 'DK/DL2YNB/231', '2010-03-24 21:21:47', 231, '80152', 2, 'D', 'L', 'Y', NULL, NULL, NULL),
(219, 'HG/DL2YNB/656', '2010-03-24 21:23:23', 656, '80152', 2, 'D', 'L', 'Y', NULL, NULL, NULL),
(220, 'HS/DP2YNB/677', '2010-03-24 21:24:55', 677, '80152', 2, 'D', 'P', 'Y', NULL, NULL, NULL),
(221, 'HP/DL2YNB/398', '2010-03-24 21:26:35', 398, '80152', 2, 'D', 'L', 'Y', NULL, NULL, NULL),
(222, 'HP/DL3YNB/398', '2010-03-24 21:27:56', 398, '80152', 3, 'D', 'L', 'Y', NULL, NULL, NULL),
(223, 'HP/DG2YNB/408', '2010-03-24 21:30:02', 408, '80152', 2, 'D', 'G', 'Y', NULL, NULL, NULL),
(224, 'HK/DL2YNB/298', '2010-03-25 06:34:22', 298, '80152', 2, 'D', 'L', 'Y', NULL, NULL, NULL),
(225, 'HD/DP2YNB/695', '2010-03-25 06:38:12', 695, '80152', 2, 'D', 'P', 'Y', NULL, NULL, NULL),
(226, 'HL/DL2YNB/284', '2010-03-25 06:40:15', 284, '80152', 2, 'D', 'L', 'Y', NULL, NULL, NULL),
(227, 'IM/DL2XNB/339', '2010-03-25 07:45:47', 339, '80152', 2, 'D', 'L', 'X', NULL, NULL, NULL),
(228, 'IM/DL3XNB/339', '2010-03-25 07:51:38', 339, '80152', 3, 'D', 'L', 'X', NULL, NULL, NULL),
(229, 'IM/DL4XNB/339', '2010-03-25 07:54:40', 339, '80152', 4, 'D', 'L', 'X', NULL, NULL, NULL),
(230, 'IM/DL5YNB/339', '2010-03-25 07:56:56', 339, '80152', 5, 'D', 'L', 'Y', NULL, NULL, NULL),
(231, 'IM/DL6YNB/339', '2010-03-25 08:03:08', 339, '80152', 6, 'D', 'L', 'Y', NULL, NULL, NULL),
(232, 'IM/DL7XNB/339', '2010-03-25 08:04:17', 339, '80152', 7, 'D', 'L', 'X', NULL, NULL, NULL),
(233, 'IM/DL8XNB/339', '2010-03-25 08:05:23', 339, '80152', 8, 'D', 'L', 'X', NULL, NULL, NULL),
(234, 'IM/DL9XNB/339', '2010-03-25 08:06:15', 339, '80152', 9, 'D', 'L', 'X', NULL, NULL, NULL),
(235, 'IM/DL10XNB/339', '2010-03-25 08:07:35', 339, '80152', 10, 'D', 'L', 'X', NULL, NULL, NULL),
(236, 'IM/DL11XNB/339', '2010-03-25 08:08:46', 339, '80152', 11, 'D', 'L', 'X', NULL, NULL, NULL),
(237, 'IM/DL12XNB/339', '2010-03-25 08:10:30', 339, '80152', 12, 'D', 'L', 'X', NULL, NULL, NULL),
(238, 'IM/DL14XNB/339', '2010-03-25 08:16:57', 339, '80152', 14, 'D', 'L', 'X', NULL, NULL, NULL),
(239, 'IM/DL15XNB/339', '2010-03-25 08:36:17', 339, '80152', 15, 'D', 'L', 'X', NULL, NULL, NULL),
(240, 'IM/DL16XNB/339', '2010-03-25 08:39:15', 339, '80152', 16, 'D', 'L', 'X', NULL, NULL, NULL),
(241, 'IM/DL17XNB/339', '2010-03-25 11:30:59', 339, NULL, 17, 'D', 'L', 'X', NULL, NULL, NULL),
(242, 'IM/DL19XNB/339', '2010-03-25 11:37:14', 339, '80152', 19, 'D', 'L', 'X', NULL, NULL, NULL),
(243, 'IM/DL20XNB/339', '2010-03-25 11:41:16', 339, '80152', 20, 'D', 'L', 'X', NULL, NULL, NULL),
(244, 'IM/DL21XNB/339', '2010-03-25 11:42:55', 339, '80152', 21, 'D', 'L', 'X', NULL, NULL, NULL),
(245, 'IM/DL22YNB/339', '2010-03-25 12:00:00', 339, '80152', 22, 'D', 'L', 'Y', NULL, NULL, NULL),
(246, 'IM/DL23XNB/339', '2010-03-25 12:28:09', 339, '80152', 23, 'D', 'L', 'X', NULL, NULL, NULL),
(247, 'IM/DL24YNB/339', '2010-03-25 12:56:10', 339, '80152', 24, 'D', 'L', 'Y', NULL, NULL, NULL),
(248, 'IM/DL25XNB/339', '2010-03-25 12:57:23', 339, '80152', 25, 'D', 'L', 'X', NULL, NULL, NULL),
(249, 'IM/DL26XNB/339', '2010-03-25 12:58:27', 339, '80152', 26, 'D', 'L', 'X', NULL, NULL, NULL),
(250, 'IM/DL27XNB/339', '2010-03-25 13:00:34', 339, '80152', 27, 'D', 'L', 'X', NULL, NULL, NULL),
(251, 'IM/DL28XNB/339', '2010-03-25 13:01:57', 339, '80152', 28, 'D', 'L', 'X', NULL, NULL, NULL),
(252, 'IM/DG29XNB/339', '2010-03-25 13:08:36', 339, '80152', 29, 'D', 'G', 'X', NULL, NULL, NULL),
(253, 'IM/DL30XNB/339', '2010-03-25 13:51:27', 339, '80152', 30, 'D', 'L', 'X', NULL, NULL, NULL),
(254, 'IM/DL31XNB/339', '2010-03-25 13:53:11', 339, '80152', 31, 'D', 'L', 'X', NULL, NULL, NULL),
(255, 'IM/DL33XNB/339', '2010-03-25 13:54:20', 339, '80152', 33, 'D', 'L', 'X', NULL, NULL, NULL),
(256, 'IM/DL34XNB/339', '2010-03-25 13:57:00', 339, '80152', 34, 'D', 'L', 'X', NULL, NULL, NULL),
(257, 'IM/DL35XNB/339', '2010-03-25 14:02:53', 339, '80152', 35, 'D', 'L', 'X', NULL, NULL, NULL),
(258, 'IM/DL36XNB/339', '2010-03-25 14:03:44', 339, '80152', 36, 'D', 'L', 'X', NULL, NULL, NULL),
(259, 'IM/DL38XNB/339', '2010-03-25 14:05:11', 339, '80152', 38, 'D', 'L', 'X', NULL, NULL, NULL),
(260, 'IM/DL39XNB/339', '2010-03-25 14:08:48', 339, '80152', 39, 'D', 'L', 'X', NULL, NULL, NULL),
(261, 'IM/DL40XNB/339', '2010-03-25 14:11:10', 339, '80152', 40, 'D', 'L', 'X', NULL, NULL, NULL),
(262, 'IM/DL41XNB/339', '2010-03-25 14:12:15', 339, '80152', 41, 'D', 'L', 'X', NULL, NULL, NULL),
(263, 'IM/DL42XNB/339', '2010-03-25 14:13:34', 339, '80152', 42, 'D', 'L', 'X', NULL, NULL, NULL),
(265, 'IE/DL2XNB/083', '2010-03-25 19:20:20', 83, '80152', 2, 'D', 'L', 'X', NULL, NULL, NULL),
(266, 'IE/DL3XNB/083', '2010-03-25 19:21:53', 83, '80152', 3, 'D', 'L', 'X', NULL, NULL, NULL),
(267, 'IE/DL7XNB/083', '2010-03-25 19:23:03', 83, '80152', 7, 'D', 'L', 'X', NULL, NULL, NULL),
(268, 'IE/DL8XNB/083', '2010-03-25 19:32:40', 83, '80152', 8, 'D', 'L', 'X', NULL, NULL, NULL),
(269, 'IE/DL9XNB/083', '2010-03-25 19:33:38', 83, '80152', 9, 'D', 'L', 'X', NULL, NULL, NULL),
(270, 'IE/DL10XNB/083', '2010-03-25 19:36:46', 83, '80152', 10, 'D', 'L', 'X', NULL, NULL, NULL),
(271, 'IE/DL11XNB/083', '2010-03-25 19:38:20', 83, '80152', 11, 'D', 'L', 'X', NULL, NULL, NULL),
(272, 'IE/DL12XNB/083', '2010-03-25 19:39:35', 83, '80152', 13, 'D', 'L', 'X', NULL, NULL, NULL),
(273, 'IE/DL13XNB/083', '2010-03-25 19:41:58', 83, '80152', 14, 'D', 'L', 'X', NULL, NULL, NULL),
(274, 'IE/DL15XNB/083', '2010-03-25 19:44:21', 83, '80152', 15, 'D', 'L', 'X', NULL, NULL, NULL),
(275, 'IE/DL17XNB/083', '2010-03-25 19:47:48', 83, '80152', 17, 'D', 'L', 'X', NULL, NULL, NULL),
(276, 'IE/DL18XNB/083', '2010-03-25 19:51:18', 83, '80152', 18, 'D', 'L', 'X', NULL, NULL, NULL),
(277, 'IE/DL20XNB/083', '2010-03-25 19:53:17', 83, '80152', 20, 'D', 'L', 'X', NULL, NULL, NULL),
(278, 'IE/DL22XNB/083', '2010-03-25 19:56:11', 83, '80152', 22, 'D', 'L', 'X', NULL, NULL, NULL),
(279, 'IE/DL23XNB/083', '2010-03-25 19:59:06', 83, '80152', 23, 'D', 'L', 'X', NULL, NULL, NULL),
(280, 'IE/DL24XNB/083', '2010-03-25 20:00:47', 83, '80152', 24, 'D', 'L', 'X', NULL, NULL, NULL),
(281, 'IE/DL25XNB/083', '2010-03-25 20:02:34', 83, '80152', 25, 'D', 'L', 'X', NULL, NULL, NULL),
(282, 'IE/DL26XNB/083', '2010-03-25 20:03:47', 83, '80152', 26, 'D', 'L', 'X', NULL, NULL, NULL),
(283, 'IE/DL28XNB/083', '2010-03-25 20:05:44', 83, '80152', 28, 'D', 'L', 'X', NULL, NULL, NULL),
(284, 'IE/DL29XNB/083', '2010-03-25 20:09:21', 83, '80152', 29, 'D', 'L', 'X', NULL, NULL, NULL),
(285, 'II/DL2YNB/080', '2010-03-25 20:15:32', 80, '80152', 2, 'D', 'L', 'Y', NULL, NULL, NULL),
(286, 'IB/DL3YNB/702', '2010-03-25 20:21:42', 702, '80152', 3, 'D', 'L', 'Y', NULL, NULL, NULL),
(287, 'IB/DL4XNB/702', '2010-03-25 20:22:53', 702, '80152', 4, 'D', 'L', 'X', NULL, NULL, NULL),
(289, 'IP/DL2YNB/323', '2010-03-26 06:30:51', 323, '80152', 2, 'D', 'L', 'Y', NULL, NULL, NULL),
(290, 'IE/DL2YNB/087', '2010-03-26 06:32:44', 87, '80152', 2, 'D', 'L', 'Y', NULL, NULL, NULL),
(291, 'IV/DL2XNB/090', '2010-03-26 06:33:53', 90, '80152', 2, 'D', 'L', 'X', NULL, NULL, NULL),
(292, 'EA/DG2YNB/240', '2010-03-26 06:35:11', 240, '80152', 2, 'D', 'G', 'Y', NULL, NULL, NULL),
(293, 'KH/DL2YNB/097', '2010-03-26 06:38:07', 97, '80152', 2, 'D', 'L', 'Y', NULL, NULL, NULL),
(294, 'KT/DL2YNB/683', '2010-03-26 06:39:49', 683, '80152', 2, 'D', 'L', 'Y', NULL, NULL, NULL),
(295, 'KN/DL2YNB/745', '2010-03-26 06:42:14', 745, '80152', 2, 'D', 'L', 'Y', NULL, NULL, NULL),
(296, 'KN/DL3YNB/745', '2010-03-26 06:43:48', 745, '80152', 3, 'D', 'L', 'Y', NULL, NULL, NULL),
(297, 'KS/DL3YNB/100', '2010-03-26 06:45:41', 100, '80152', 3, 'D', 'L', 'Y', NULL, NULL, NULL),
(298, 'KE/DL3YNB/101', '2010-03-26 06:48:07', 101, '80152', 3, 'D', 'L', 'Y', NULL, NULL, NULL),
(299, 'KE/DL4YNB/101', '2010-03-26 06:51:25', 101, '80152', 4, 'D', 'L', 'Y', NULL, NULL, NULL),
(300, 'KE/DL5YNB/101', '2010-03-26 06:52:25', 101, '80152', 5, 'D', 'L', 'Y', NULL, NULL, NULL),
(301, 'KT/DG2YNB/274', '2010-03-26 06:53:59', 274, '80152', 2, 'D', 'G', 'Y', NULL, NULL, NULL),
(302, 'KW/DL2YNB/595', '2010-03-26 06:55:06', 595, '80152', 2, 'D', 'L', 'Y', NULL, NULL, NULL),
(303, 'KW/DL2YNB/303', '2010-03-26 06:56:41', 303, '80152', 2, 'D', 'L', 'Y', NULL, NULL, NULL),
(306, 'KG/DL2YNB/107', '2010-03-26 07:06:48', 107, '80152', 2, 'D', 'L', 'Y', NULL, NULL, NULL),
(307, 'KG/DL3YNB/107', '2010-03-26 07:08:42', 107, '80152', 3, 'D', 'L', 'Y', NULL, NULL, NULL),
(308, 'KM/DP2ZNB/108', '2010-03-26 07:17:33', 108, '80152', 2, 'D', 'P', 'Z', NULL, NULL, NULL),
(309, 'KM/DP3ZNB/108', '2010-03-26 07:18:24', 108, '80152', 3, 'D', 'P', 'Z', NULL, NULL, NULL),
(310, 'KM/DP4ZNB/108', '2010-03-26 07:20:09', 108, '80152', 4, 'D', 'P', 'Z', NULL, NULL, NULL),
(311, 'KM/DP5ZNB/108', '2010-03-26 07:21:20', 108, '80152', 5, 'D', 'P', 'Z', NULL, NULL, NULL),
(312, 'KW/DG3YNB/595', '2010-03-26 07:23:57', 595, '80152', 3, 'D', 'G', 'Y', NULL, NULL, NULL),
(313, 'LC/DL2YNB/657', '2010-03-26 07:26:19', 657, '80152', 2, 'D', 'L', 'Y', NULL, NULL, NULL),
(314, 'LC/DL3YNB/657', '2010-03-26 07:27:27', 657, '80152', 3, 'D', 'L', 'Y', NULL, NULL, NULL),
(315, 'LC/DL4YNB/657', '2010-03-26 07:32:09', 657, '80152', 4, 'D', 'L', 'Y', NULL, NULL, NULL),
(316, 'LC/DL5YNB/657', '2010-03-26 07:33:12', 657, '80152', 5, 'D', 'L', 'Y', NULL, NULL, NULL),
(317, 'TB/DL2YNB/420', '2010-03-26 07:35:08', 420, '80152', 2, 'D', 'L', 'Y', NULL, NULL, NULL),
(320, 'AF/DI11YNB/004/14', '2010-03-29 18:49:16', 4, '80152', 4, 'D', 'I', 'Y', NULL, NULL, 'Ambank House ltd'),
(321, 'AF/DI11YNB/004/14', '2010-04-17 10:26:18', 4, '80151', 5, 'D', 'I', 'Y', NULL, NULL, 'Ambank House ltd'),
(322, 'AF/DI11YNB/004/14', '2010-04-17 11:05:00', 4, '80151', 6, 'D', 'I', 'Y', NULL, NULL, 'Ambank House ltd'),
(323, 'AF/DI11YNB/004/14', '2010-04-17 11:23:09', 4, '80151', 7, 'D', 'I', 'Y', NULL, NULL, 'Ambank House ltd'),
(325, 'AF/DI11YNB/004/14', '2010-04-17 11:47:49', 4, '80151', 8, 'D', 'I', 'Y', 1510, NULL, 'Ambank House ltd'),
(328, 'AF/DI11YNB/004/14', '2010-04-17 12:17:48', 4, '80151', 11, 'D', 'I', 'Y', 14, 'P', 'Ambank House ltd'),
(329, 'AF/SCG12YNB/004/10', '2010-04-17 16:31:11', 4, '80152', 12, 'SC', 'G', 'Y', 10, 'P', 'View Park Towers'),
(330, 'AF/HRL13YNB/004/8', '2010-04-17 16:38:02', 4, '80152', 13, 'HR', 'L', 'Y', 8, 'P', 'Posta Sacco'),
(331, 'AF/DL14YNB/004/12', '2010-04-21 16:14:49', 4, '80151', 14, 'D', 'L', 'Y', 12, 'P', 'Amea Arcade'),
(332, 'AC/DL3YNB/009/15', '2010-04-22 06:58:53', 9, '80152', 3, 'D', 'L', 'Y', 15, 'P', '123'),
(333, 'AF/DL15YNB/004/6', '2010-04-22 07:09:08', 4, '80152', 15, 'D', 'L', 'Y', 6, 'P', 'game park Apartments'),
(334, 'AK/SCI2YNB/010', '2010-04-23 19:42:57', 10, '80152', 2, 'SC', 'I', 'Y', NULL, NULL, NULL),
(335, 'AK/DG3YNB/010/3', '2010-04-24 11:46:40', 10, '80152', 3, 'D', 'G', 'Y', 3, 'P', 'My second project'),
(336, 'KM/DG6YNB/108/7', '2010-04-24 11:48:28', 108, '80152', 6, 'D', 'G', 'Y', 7, 'P', 'This is okey now'),
(337, 'AF/DL16YNB/004/16', '2010-04-24 14:45:03', 4, '80152', 16, 'D', 'L', 'Y', 16, 'P', 'Thompson'),
(338, 'BP/DL15XNB/024/27', '2010-04-24 14:47:34', 24, '80152', 15, 'D', 'L', 'X', 27, 'P', 'Kiboko Court'),
(339, 'AF/DG17YNB/004', '2010-04-24 14:50:52', 4, '80154', 17, 'D', 'G', 'Y', NULL, NULL, NULL),
(340, 'AF/DL18YNB/004/21', '2010-04-26 12:27:53', 4, '80152', 18, 'D', 'L', 'Y', 21, 'P', 'Park View'),
(341, 'AF/DG19YNB/004/17', '2010-04-26 19:07:32', 4, '80152', 19, 'D', 'G', 'Y', 17, 'P', 'test'),
(342, 'CP/DL3XNB/037/24', '2010-05-24 11:49:54', 37, '80152', 3, 'D', 'L', 'X', 24, 'P', 'New Edge Apartments in Ruai'),
(343, 'EG/DL2YNB/011', '2010-05-27 18:27:37', 11, '80152', 2, 'D', 'L', 'Y', NULL, NULL, NULL),
(344, 'EG/DL3YNB/011/25', '2010-05-28 17:26:49', 11, '80152', 3, 'D', 'L', 'Y', 25, 'P', 'Project Yangu'),
(345, 'AF/DL20XNB/004', '2010-06-07 17:00:07', 4, '80152', 20, 'D', 'L', 'X', NULL, NULL, NULL),
(346, 'AF/DG21YNB/004', '2010-06-26 13:43:25', 4, '80152', 21, 'D', 'G', 'Y', NULL, NULL, NULL),
(347, 'AF/DG22YNB/004/1513', '2010-06-26 13:58:57', 4, '80152', 22, 'D', 'G', 'Y', 1513, 'P', 'abc'),
(348, 'AF/DG23YNB/004', '2010-06-26 14:14:34', 4, '80152', 23, 'D', 'G', 'Y', NULL, NULL, NULL),
(349, 'AF/DG24YNB/004/1515', '2010-07-01 13:04:37', 4, '80152', 24, 'D', 'G', 'Y', 1515, 'P', 'debugger');

-- --------------------------------------------------------

--
-- Table structure for table `status`
--

CREATE TABLE IF NOT EXISTS `status` (
  `id` int(10) NOT NULL AUTO_INCREMENT,
  `name` varchar(50) CHARACTER SET latin1 COLLATE latin1_general_ci NOT NULL,
  PRIMARY KEY (`id`)
) ENGINE=MyISAM  DEFAULT CHARSET=latin1 ROW_FORMAT=DYNAMIC AUTO_INCREMENT=6 ;

--
-- Dumping data for table `status`
--

INSERT INTO `status` (`id`, `name`) VALUES
(1, 'New'),
(2, 'On going'),
(3, 'First Appeal'),
(4, 'Second Appeal '),
(5, 'On Hold');

-- --------------------------------------------------------

--
-- Table structure for table `temp_req80151`
--

CREATE TABLE IF NOT EXISTS `temp_req80151` (
  `item` int(10) DEFAULT NULL,
  `qty` int(10) DEFAULT NULL,
  `price` decimal(10,2) DEFAULT NULL,
  `supplier` int(10) DEFAULT NULL,
  `product` int(10) DEFAULT NULL
) ENGINE=InnoDB DEFAULT CHARSET=latin1;

--
-- Dumping data for table `temp_req80151`
--


-- --------------------------------------------------------

--
-- Table structure for table `temp_req80152`
--

CREATE TABLE IF NOT EXISTS `temp_req80152` (
  `item` int(10) DEFAULT NULL,
  `qty` int(10) DEFAULT NULL,
  `price` decimal(10,2) DEFAULT NULL,
  `supplier` int(10) DEFAULT NULL,
  `product` int(10) DEFAULT NULL
) ENGINE=InnoDB DEFAULT CHARSET=latin1;

--
-- Dumping data for table `temp_req80152`
--


-- --------------------------------------------------------

--
-- Table structure for table `temp_rq80151`
--

CREATE TABLE IF NOT EXISTS `temp_rq80151` (
  `id` int(10) NOT NULL AUTO_INCREMENT,
  `acc` varchar(50) DEFAULT NULL,
  `debit` varchar(50) DEFAULT NULL,
  `credit` varchar(50) DEFAULT NULL,
  PRIMARY KEY (`id`)
) ENGINE=InnoDB DEFAULT CHARSET=latin1 AUTO_INCREMENT=1 ;

--
-- Dumping data for table `temp_rq80151`
--


-- --------------------------------------------------------

--
-- Table structure for table `temp_rq80152`
--

CREATE TABLE IF NOT EXISTS `temp_rq80152` (
  `id` int(10) NOT NULL AUTO_INCREMENT,
  `acc` varchar(50) DEFAULT NULL,
  `debit` varchar(50) DEFAULT NULL,
  `credit` varchar(50) DEFAULT NULL,
  PRIMARY KEY (`id`)
) ENGINE=InnoDB DEFAULT CHARSET=latin1 AUTO_INCREMENT=1 ;

--
-- Dumping data for table `temp_rq80152`
--


-- --------------------------------------------------------

--
-- Table structure for table `town`
--

CREATE TABLE IF NOT EXISTS `town` (
  `id` int(10) NOT NULL AUTO_INCREMENT,
  `name` varchar(50) CHARACTER SET latin1 COLLATE latin1_general_ci NOT NULL,
  `initials` varchar(10) CHARACTER SET latin1 COLLATE latin1_general_ci NOT NULL,
  PRIMARY KEY (`id`)
) ENGINE=MyISAM  DEFAULT CHARSET=latin1 ROW_FORMAT=DYNAMIC AUTO_INCREMENT=32 ;

--
-- Dumping data for table `town`
--

INSERT INTO `town` (`id`, `name`, `initials`) VALUES
(1, 'Nairobi', 'NB'),
(2, 'Nyeri', 'NY'),
(3, 'Nakuru', 'NK'),
(4, 'Eldored', 'EL'),
(5, 'Naivasha', 'NV'),
(6, 'Kericho', 'KE'),
(7, 'Kitale', 'KI'),
(8, 'Kiambi', 'KU'),
(9, 'Thika ', 'TK'),
(11, 'Muranga', 'MR'),
(12, 'Kirinyaga', 'KR'),
(13, 'Nanyuki', 'NN'),
(14, 'Kakamega', 'KK'),
(15, 'Mumias', 'MM'),
(16, 'Bungoma', 'BU'),
(17, 'Butere', 'BT'),
(18, 'Vihiga', 'VH'),
(19, 'Kisumu', 'KS'),
(20, 'Kisii', 'KS'),
(21, 'Siaya', 'SY'),
(22, 'Homabay', 'HM'),
(23, 'Kilifi', 'KL'),
(24, 'Mombasa', 'MO'),
(25, 'Malindi', 'ML'),
(26, 'Embu', 'EM'),
(27, 'Meru', 'ME'),
(28, 'Machakos', 'MC'),
(29, 'Kitui', 'KT'),
(30, 'Garisa', 'GR'),
(31, 'Mandela', 'MN');

-- --------------------------------------------------------

--
-- Table structure for table `units`
--

CREATE TABLE IF NOT EXISTS `units` (
  `id` int(10) NOT NULL AUTO_INCREMENT,
  `name` varchar(50) CHARACTER SET latin1 COLLATE latin1_general_ci NOT NULL,
  `clientno` int(10) NOT NULL,
  `projectno` int(10) NOT NULL,
  `state` varchar(10) NOT NULL DEFAULT 'Y',
  PRIMARY KEY (`id`)
) ENGINE=MyISAM  DEFAULT CHARSET=latin1 ROW_FORMAT=DYNAMIC AUTO_INCREMENT=49 ;

--
-- Dumping data for table `units`
--

INSERT INTO `units` (`id`, `name`, `clientno`, `projectno`, `state`) VALUES
(14, 'B1', 4, 8, 'Y'),
(12, 'V3', 4, 10, 'Y'),
(3, 'A3', 4, 14, 'Y'),
(11, 'V2', 4, 10, 'Y'),
(5, 'Wing1 A01', 4, 14, 'Y'),
(6, 'Flr 1 200', 4, 14, 'Y'),
(10, 'V1', 4, 10, 'Y'),
(8, 'Flr 1 200324234234', 4, 14, 'Y'),
(15, 'B2', 4, 8, 'Y'),
(16, 'Boots', 4, 8, 'Y'),
(17, 'Floor 1 201', 4, 12, 'Y'),
(18, 'Floor 1 202', 4, 12, 'Y'),
(19, 'Floor 1 203', 4, 12, 'Y'),
(20, 'Floor 1 203', 4, 12, 'Y'),
(21, 'Floor 1 205', 4, 12, 'Y'),
(22, 'My unit 1', 9, 15, 'Y'),
(23, 'c1', 4, 6, 'Y'),
(24, 'c2', 4, 6, 'Y'),
(25, 'block 5 1', 4, 6, 'Y'),
(26, 'Block 1 Unit 21', 10, 3, 'Y'),
(27, 'Block 3 Unit 22', 10, 3, 'Y'),
(28, 'Block 1 1', 4, 16, 'Y'),
(29, 'Block 1 2', 4, 16, 'Y'),
(30, 'Block 2 1', 4, 16, 'Y'),
(31, 'Blcok 10 20', 4, 16, 'Y'),
(32, 'Block A Apartment 1', 24, 27, 'Y'),
(33, 'Block A Apartment 2', 24, 27, 'Y'),
(34, 'Block A Apartment 3', 24, 27, 'Y'),
(35, 'Block A Apartment 1', 4, 21, 'Y'),
(36, 'Block A Apartment 2', 4, 21, 'Y'),
(37, 'Block A Apartment 3', 4, 21, 'Y'),
(38, 'Block A Apartment 1 ', 37, 24, 'Y'),
(39, 'Block A Apartment 2', 37, 24, 'Y'),
(40, 'Block A Apartment 3', 37, 24, 'Y'),
(41, 'Block A Apartment 4', 37, 24, 'Y'),
(42, 'Block 1 Apartment 1', 11, 25, 'N'),
(43, 'Block 1 Apartment 2', 11, 25, 'N'),
(44, 'Block 1 Apartment 3', 11, 25, 'Y'),
(45, 'a', 4, 1513, 'Y'),
(46, 'b', 4, 1513, 'Y'),
(47, 'goods', 4, 1515, 'N'),
(48, 'not goods', 4, 1515, 'Y');

-- --------------------------------------------------------

--
-- Table structure for table `userjobs`
--

CREATE TABLE IF NOT EXISTS `userjobs` (
  `id` int(10) NOT NULL AUTO_INCREMENT,
  `job` int(10) NOT NULL,
  `emp` int(10) NOT NULL,
  `instruction` text COLLATE latin1_general_ci,
  PRIMARY KEY (`id`)
) ENGINE=MyISAM  DEFAULT CHARSET=latin1 COLLATE=latin1_general_ci ROW_FORMAT=DYNAMIC AUTO_INCREMENT=55 ;

--
-- Dumping data for table `userjobs`
--

INSERT INTO `userjobs` (`id`, `job`, `emp`, `instruction`) VALUES
(2, 690, 40, NULL),
(3, 686, 40, NULL),
(5, 4, 40, NULL),
(6, 684, 40, NULL),
(7, 28, 40, NULL),
(12, 691, 40, ' TEST'),
(13, 691, 43, ' TEST2'),
(18, 697, 40, ' Do number one task'),
(19, 697, 43, '  Do number two task'),
(23, 698, 40, ' Martin A. Brooks wrote on Fri, 23 Apr 2010 17:38:43 +0100.\r\n\r\n\r\n> On Fri, April 23, 2010 17:21, Always Learning wrote:\r\n> > The test in Exim is\r\n> >\r\n> > deny    message       = [C06.5]  Msg6 Msg2\r\n> >         hosts         = ^.*[a].?[d].?[s].?[l]*\r\n\r\n> martin@olga:~$ perl -e ''if ("olga.hinterlands.org" =~\r\n\r\n\r\n\r\nMartin A. Brooks wrote on Fri, 23 Apr 2010 17:38:43 +0100.\r\n\r\n\r\n> On Fri, April 23, 2010 17:21, Always Learning wrote:\r\n> > The test in Exim is\r\n> >\r\n> > deny    message       = [C06.5]  Msg6 Msg2\r\n> >         hosts         = ^.*[a].?[d].?[s].?[l]*\r\n\r\n> martin@olga:~$ perl -e ''if ("olga.hinterlands.org" =~'),
(52, 7, 40, ' Please follow up with the client ASAP'),
(27, 701, 40, ' work on this as well'),
(28, 702, 40, 'work and report ASAP '),
(31, 703, 40, '   Please do this very well. '),
(32, 704, 40, ' research'),
(33, 704, 41, ' litigation'),
(34, 704, 43, ' evidence'),
(35, 706, 40, ' awrtrgdh'),
(38, 700, 40, '   Please follow up ASAP'),
(39, 700, 41, '  Test'),
(51, 705, 41, '     ghhj'),
(50, 705, 40, '       hjgfdgh'),
(53, 7, 41, ' mnn'),
(54, 7, 43, '   Please get all the files ready');

-- --------------------------------------------------------

--
-- Table structure for table `userprojects`
--

CREATE TABLE IF NOT EXISTS `userprojects` (
  `id` int(10) NOT NULL AUTO_INCREMENT,
  `job` int(10) NOT NULL,
  `emp` int(10) NOT NULL,
  `instructions` text COLLATE latin1_general_ci NOT NULL,
  `unit` int(10) NOT NULL,
  PRIMARY KEY (`id`)
) ENGINE=MyISAM  DEFAULT CHARSET=latin1 COLLATE=latin1_general_ci ROW_FORMAT=DYNAMIC AUTO_INCREMENT=14 ;

--
-- Dumping data for table `userprojects`
--

INSERT INTO `userprojects` (`id`, `job`, `emp`, `instructions`, `unit`) VALUES
(3, 344, 40, '  do this', 42),
(2, 344, 40, ' oj', 43),
(4, 344, 41, ' Do that', 42),
(5, 344, 43, ' Do the rest', 42),
(13, 349, 43, '  jkg', 47),
(12, 349, 41, '   dsf', 47),
(11, 349, 40, '   dsf', 47);

-- --------------------------------------------------------

--
-- Table structure for table `users`
--

CREATE TABLE IF NOT EXISTS `users` (
  `uid` int(9) NOT NULL AUTO_INCREMENT,
  `employee` int(10) NOT NULL,
  `com_id` varchar(50) COLLATE latin1_general_ci DEFAULT NULL,
  `username` varchar(100) COLLATE latin1_general_ci DEFAULT NULL,
  `umd5` varchar(255) COLLATE latin1_general_ci DEFAULT NULL,
  `authcode` int(10) NOT NULL DEFAULT '0',
  `groupid` varchar(20) COLLATE latin1_general_ci DEFAULT NULL,
  `admin` int(1) NOT NULL DEFAULT '0',
  `status` varchar(2) COLLATE latin1_general_ci NOT NULL DEFAULT 'A',
  PRIMARY KEY (`uid`),
  KEY `authcode` (`authcode`)
) ENGINE=MyISAM  DEFAULT CHARSET=latin1 COLLATE=latin1_general_ci AUTO_INCREMENT=86 ;

--
-- Dumping data for table `users`
--

INSERT INTO `users` (`uid`, `employee`, `com_id`, `username`, `umd5`, `authcode`, `groupid`, `admin`, `status`) VALUES
(1, 0, '40983', 'admin', '5f4dcc3b5aa765d61d8327deb882cf99', 80151, '1', 1, 'A'),
(83, 40, '40983', 'elias', '5f4dcc3b5aa765d61d8327deb882cf99', 80152, '17', 0, 'A'),
(84, 41, '40983', 'henry', '5f4dcc3b5aa765d61d8327deb882cf99', 80153, '18', 0, 'A'),
(85, 43, '40983', 'caroline', '5f4dcc3b5aa765d61d8327deb882cf99', 80154, '17', 0, 'A');

-- --------------------------------------------------------

--
-- Table structure for table `user_groups`
--

CREATE TABLE IF NOT EXISTS `user_groups` (
  `recid` int(20) NOT NULL AUTO_INCREMENT,
  `userid` varchar(50) COLLATE latin1_general_ci NOT NULL DEFAULT '0',
  `groupid` int(10) NOT NULL,
  PRIMARY KEY (`recid`),
  KEY `groupid` (`groupid`),
  KEY `userid` (`userid`)
) ENGINE=MyISAM  DEFAULT CHARSET=latin1 COLLATE=latin1_general_ci AUTO_INCREMENT=22 ;

--
-- Dumping data for table `user_groups`
--

INSERT INTO `user_groups` (`recid`, `userid`, `groupid`) VALUES
(1, '80151', 1),
(13, '80152', 18),
(12, '80152', 16),
(11, '80152', 15),
(10, '80152', 17),
(18, '80153', 18),
(21, '80154', 16),
(20, '80154', 15),
(19, '80154', 17);

-- --------------------------------------------------------

--
-- Table structure for table `workeperience`
--

CREATE TABLE IF NOT EXISTS `workeperience` (
  `id` int(10) NOT NULL AUTO_INCREMENT,
  `employee` varchar(50) COLLATE latin1_general_ci NOT NULL,
  `employer` varchar(50) COLLATE latin1_general_ci DEFAULT NULL,
  `address` varchar(50) COLLATE latin1_general_ci DEFAULT NULL,
  `telephone` varchar(10) COLLATE latin1_general_ci DEFAULT NULL,
  `position` varchar(50) COLLATE latin1_general_ci DEFAULT NULL,
  `datefrom` date DEFAULT NULL,
  `dateto` date DEFAULT NULL,
  `salary` decimal(10,2) DEFAULT NULL,
  `reasonforleaving` text COLLATE latin1_general_ci,
  `company` varchar(50) COLLATE latin1_general_ci DEFAULT NULL,
  PRIMARY KEY (`id`)
) ENGINE=MyISAM  DEFAULT CHARSET=latin1 COLLATE=latin1_general_ci AUTO_INCREMENT=52 ;

--
-- Dumping data for table `workeperience`
--

